Lnum	basehw	suffix	resolution
5	aMSakaH	kam	aMSakam
13	aMSumat	tI	aMSumatI
15	aMSula	laH	aMSulaH
22	aMhUraRa	Ram	aMhUraRam
29	aMhu	hu	aMhu
29	aMhu	Beda	aMhuBeda
29	aMhu	dI	aMhuBedI
34	akaca	caH	akacaH
39	akanizWa	zWaH	akanizWaH
41	akampana	naH	akampanaH
42	akampita	taH	akampitaH
43	akara	rA	akarA
44	akaraRam	Ra	akaraRa
46	akarRa	rRaH	akarRaH
55	akalaNka	kaH	akalaNkaH
56	akalka	lkA	akalkA
59	akalpa	lpaH	akalpaH
63	akalya	SarIra	akalyaSarIra
64	akalyARa	Ram	akalyARam
73	akAya	yaH	akAyaH
74	akAra	raH	akAraH
75	akAraRa	Ram	akAraRam
75	akAraRa	akAraRAd	akArarAd
75	akAraRa	raRam	akAraRam
75	akAraRa	Re	akAraRe
78	akArya	ryam	akAryam
79	akAla	laH	akAlaH
82	akiMcana	nam	akiMcanam
94	akula	laH	akulaH
94	akula	lam	akulam
94	akula	lA	akulA
96	akuSala	lam	akuSalam
99	akUpAra	raH	akUpAraH
101	akUrca	rcaH	akUrcaH
102	akfcCra	cCram	akfcCram
103	akfta	tA	akftA
103	akfta	tam	akftam
105	akftya	tyam	akftyam
113	akfzRa	zRaH	akfzRaH
123	akra	kraH	akraH
125	akrama	maH	akramaH
126	akrAnta	tA	akrAntA
127	akriya	yA	akriyA
128	akrUra	raH	akrUraH
129	akroDa	DaH	akroDaH
130	akroDana	naH	akroDanaH
135	aklIba	bam	aklIbam
136	akleSa	Sam	akleSam
138	akzaH	kzam	akzam
145	akzata	taH	akzataH
145	akzata	tam	akzatam
148	akzama	mA	akzamA
149	akzaya	yaH	akzayaH
149	akzaya	yA	akzayA
153	akzara	raH	akzaraH
153	akzara	rA	akzarA
153	akzara	ram	akzaram
160	akzAra	raH	akzAraH
164	akzita	tama	akzitam
166	akziti	tiH	akzitiH
168	akzivaH	vam	akzivam
170	akzIva	vaH	akzIvaH
170	akzIva	vam	akzIvam
173	akzudra	draH	akzudraH
176	akzetra	tram	akzetram
180	akzoBa	BaH	akzoBaH
181	akzoBya	ByaH	akzoByaH
184	akzRa	kzRam	akzRam
190	aKaRqa	Rqam	aKaRqam
191	aKaRqana	nam	aKaRqanam
191	aKaRqana	naH	aKaRqanaH
195	aKAta	taH	aKAtaH
195	aKAta	tam	aKAtam
206	aga	gaH	agaH
207	agacCa	cCaH	agacCaH
212	agada	daH	agadaH
212	agada	rAjaH	agadarAjaH
226	agADa	DaH	agADaH
226	agADa	Dam	agADam
226	agADa	DaH	agADaH
229	agu	guH	aguH
230	aguRa	RaH	aguRaH
230	aguRa	Ram	aguRam
231	aguru	ru	aguru
236	agocara	rama	agocaram
255	agra	graH	agraH
255	agra	gram	agram
257	agrima	maH	agrimaH
257	agrima	mA	agrimA
258	agriya	yaH	agriyaH
258	agriya	yam	agriyam
261	agrya	gryaH	agryaH
261	agrya	gryam	agryam
261	agrya	gryA	agryA
265	agrAhya	hyA	agrAhyA
268	aGa	Gam	aGam
268	aGa	GaH	aGaH
268	aGa	GA	aGA
269	aGana	mAnam	aGanamAnam
275	aGora	raH	aGoraH
275	aGora	rA	aGorA
276	aGoza	zaH	aGozaH
278	aGnya	GnyaH	aGnyaH
278	aGnya	GnyA	aGnyA
279	aGreya	yam	aGreyam
284	aNkin	nI	aNkinI
285	aNkya	kyaH	aNkyaH
286	aNkatiH	tiH	aNkatiH
286	aNkatiH	tI	aNkatI
294	aNkuSaH	SI	aNkuSI
305	aNgam	NgaH	aNgaH
313	aNgadam	dA	aNgadA
313	aNgadam	daH	aNgadaH
319	aNgAraH	ra	aNgAra
319	aNgAraH	ram	aNgAram
320	aNgArakaH	kam	aNgArakam
325	aNgArita	taH	aNgAritaH
325	aNgArita	tam	aNgAritam
325	aNgArita	tA	aNgAritA
353	ac	c	ac
356	acaRqa	RqI	acaRqI
360	acala	laH	acalaH
360	acala	lA	acalA
360	acala	lam	acalam
361	acApala	lam	acApalam
361	acApala	lyam	acApalyam
366	acintya	ntyaH	acintyaH
369	acira	rama	aciram
379	acCa	cCaH	acCaH
382	acCAvAkIya	yam	acCAvAkIyam
385	acCidra	dram	acCidram
392	acyuta	taH	acyutaH
394	aja	jaH	ajaH
396	ajanam	naH	ajanaH
402	ajagam	gaH	ajagaH
407	ajaqa	qA	ajaqA
409	ajana	naH	ajanaH
414	ajanya	nyam	ajanyam
415	ajapaH	pA	ajapA
416	ajamBa	BaH	ajamBaH
417	ajaya	yaH	ajayaH
417	ajaya	yA	ajayA
419	ajara	raH	ajaraH
421	ajarya	ryama	ajaryam
425	ajasra	sram	ajasram
430	ajAgara	raH	ajAgaraH
433	ajAti	tiH	ajAtiH
437	ajAneya	yaH	ajAneyaH
440	aji	jiH	ajiH
441	ajita	taH	ajitaH
443	ajiraH	raH	ajiraH
443	ajiraH	ram	ajiram
443	ajiraH	rA	ajirA
443	ajiraH	raH	ajiraH
445	ajihma	hmaH	ajihmaH
451	ajIrRa	rRam	ajIrRam
451	ajIrRa	rRiH	ajIrRiH
452	ajIva	vaH	ajIvaH
453	ajIvana	nam	ajIvanam
457	ajeya	yam	ajeyam
467	ajYAna	nam	ajYAnam
467	ajYAna	parIkzA	ajYAnaparIkzA
472	ajra	jraH	ajraH
472	ajra	jra	ajra
479	aYjanaH	nam	aYjanam
481	aYjanakaH	kI	aYjanakI
488	aYjalikA	kaH	aYjalikaH
488	aYjalikA	veDa	aYjalikAveDa
493	aYji	YjiH	aYjiH
493	aYji	YjiH	aYjiH
493	aYji	YjI	aYjI
498	akta	ktA	aktA
511	awwa	wwaH	awwaH
511	awwa	wwam	awwam
511	awwa	wwam	awwam
514	awwanam	nam	awwanam
528	aRaka	kaH	aRakaH
531	aRu	RuH	aRuH
531	aRu	Ru	aRu
533	aRuka	kaH	aRukaH
542	aRqakaH	kam	aRqakam
547	atanam	naH	atanaH
549	atawa	waH	atawaH
553	atantra	tvam	atantratvam
556	atapa	pAH	atapAH
559	atarka	rkaH	atarkaH
560	atarkita	tam	atarkitam
562	atala	lam	atalam
562	atala	laH	atalaH
570	atikaTA	Ta	atikaTa
576	atikAya	yaH	atikAyaH
577	atikfcCra	cCram	atikfcCram
577	atikfcCra	cCraH	atikfcCraH
584	atikrAnta	tam	atikrAntam
589	atikrudDa	dDaH	atikrudDaH
590	atikrUra	raH	atikrUraH
591	atikzipta	ptam	atikziptam
596	atiganDa	nDaH	atiganDaH
601	atiguRa	RaH	atiguRaH
602	atiguru	ruH	atiguruH
606	atigraha	haH	atigrahaH
606	atigraha	grAhaH	atigrAhaH
607	atigrAhya	hyaH	atigrAhyaH
609	atiGna	GnI	atiGnI
612	aticara	rA	aticarA
619	aticCandaH	s	aticCandas
622	atijAgara	raH	atijAgaraH
629	atitIvra	kzRaH	atitIkzRaH
629	atitIvra	kzRA	atitIkzRA
629	atitIvra	vrA	atitIvrA
630	atitfzRA	zRa	atitfzzRa
637	atidagDa	gDam	atidagDam
653	atinidrA	dra	atiniddra
653	atinidrA	dram	atiniddram
660	atipAtita	tam	atipAtitam
669	atipara	raH	atiparaH
681	atibala	laH	atibalaH
681	atibala	lam	atibalam
681	atibala	lA	atibalA
682	atibAlaka	kaH	atibAlakaH
685	atibrahmacaryam	ryaH	atibrahmacaryaH
695	atimaNgalya	lyaH	atimaNgalyaH
702	atimAtra	tram	atimAtram
702	atimAtra	mAtraSaH	atimAtraSaH
704	atimAruta	taH	atimArutaH
704	atimAruta	vAtaH	ativAtaH
707	atimukta	ktaH	atimuktaH
707	atimukta	ktakaH	atimuktakaH
709	atimftyu	tyuH	atimftyuH
716	atirakta	ktA	atiraktA
722	atirAtra	traH	atirAtraH
726	atiruc	k	atiruk
727	atirucira	rA	atirucirA
728	atirUkza	kzaH	atirUkzaH
729	atirUpa	pam	atirUpam
729	atirUpa	paH	atirUpaH
734	atiromaSa	SaH	atiromaSaH
734	atiromaSa	SA	atiromaSA
741	ativakra	kraH	ativakraH
745	ativartula	laH	ativartulaH
751	ativAhita	taH	ativAhitaH
751	ativAhita	tam	ativAhitam
755	ativikawa	waH	ativikawaH
756	ativiza	zA	ativizA
763	ativfdDa	dDaH	ativfdDaH
763	ativfdDa	dDA	ativfdDA
768	ativela	lam	ativelam
778	atiSayana	nam	atiSayanam
778	atiSayana	nI	atiSayanI
783	atiSAyin	nI	atiSAyinI
786	atiSva	SvA	atiSvA
786	atiSva	SvaH	atiSvaH
789	atizWA	zwA	atizWA
795	atisarva	rvaH	atisarvaH
800	atisara	raH	atisaraH
807	atisOraBa	Bam	atisOraBam
807	atisOraBa	BaH	atisOraBaH
809	atisparSa	rSaH	atisparSaH
813	atIta	tam	atItam
818	atIndriya	yaH	atIndriyaH
818	atIndriya	yam	atIndriyam
822	atula	laH	atulaH
826	atUrta	rtam	atUrtam
830	atejas	s	atejas
840	atyagni	gniH	atyagniH
845	atyanta	tam	atyantam
847	atyantika	kam	atyantikam
849	atyamla	mlaH	atyamlaH
849	atyamla	mlA, ˚parRI	atyamlaparRI
851	atyarTa	rTam	atyarTam
858	atyAcAra	raH	atyAcAraH
862	atyAya	yaH	atyAyaH
864	atyArUQa	Qam	atyArUQam
864	atyArUQa	QiH	atyArUQiH
872	atyugra	gram	atyugram
876	atyUhaH	hA	atyUhA
879	atra	traH	atraH
879	atra	tram	atram
884	atri	triH	atriH
884	atri	atrI	atrI
896	aTarvan	rvA	aTarvA
896	aTarvan	rva	aTarva
899	aTarvANgirasa	sam	aTarvANgirasam
899	aTarvANgirasa	sAH	aTarvANgirasAH
900	aTarvARam	RaH	aTarvARaH
900	aTarvARam	˚vid	aTarvARaMvid
907	adaMzwra	zwraH	adaMzwraH
914	adatta	ttA	adattA
914	adatta	ttam	adattam
917	adanta	taH	adantaH
921	adamBa	BaH	adamBaH
922	adaya	yam	adayam
925	adala	laH	adalaH
925	adala	lA	adalA
933	adABya	ByaH	adAByaH
942	aditi	tiH	aditiH
942	aditi	tiH	aditiH
942	aditi	tI	aditI
951	adUra	ram	adUram
956	adfzwa	zwaH	adfzwaH
956	adfzwa	zwam	adfzwam
958	adeya	yam	adeyam
959	adeva	vaH	adevaH
969	adoza	zaH	adozaH
973	adButa	tam	adButam
973	adButa	taH	adButaH
974	adman	sad	admasad
977	adya	dyam	adyam
979	adyatana	naH	adyatanaH
979	adyatana	nI	adyatanI
983	adyUtya	adyUtyam	adyUtyam
984	adrava	vaH	adravaH
990	adroGa	Gam	adroGam
993	advaya	yaH	advayaH
993	advaya	yam	advayam
999	advitIya	yam	advitIyam
1001	adveza	zaH	advezaH
1003	advEta	tam	advEtam
1009	aDama	maH	aDamaH
1009	aDama	mA	aDamA
1010	aDara	raH	aDaraH
1010	aDara	rA	aDarA
1010	aDara	ram	aDaram
1016	aDarAYc	YcI	aDarAYcI
1016	aDarAYc	k	aDarAk
1018	aDarmaH	rmA	aDarmA
1018	aDarmaH	rmam	aDarmam
1034	aDika	kam	aDikam
1035	aDikAma	maH	aDikAmaH
1037	aDikaraRam	RI	aDikaraRI
1045	aDikfta	taH	aDikftaH
1059	aDiguRa	RaH	aDiguRaH
1063	aDijihvaH	hvA	aDijihvA
1063	aDijihvaH	jihvikA	aDijihvikA
1087	aDipraja	jam	aDiprajam
1088	aDiprazwiyugam	gaH	aDiprazwiyugaH
1100	aDimAtra	tram	aDimAtram
1106	aDiyajYa	jYaH	aDiyajYaH
1106	aDiyajYa	jYam	aDiyajYam
1111	aDiraTa	TaH	aDiraTaH
1111	aDiraTa	Tam	aDiraTam
1121	aDirohaRam	RI	aDirohaRI
1122	aDirohin	RI	aDirohiRI
1141	aDivedaH	dam	aDivedam
1147	aDiSrayaRam	RI	aDiSrayaRI
1155	aDistri	strI	aDistrI
1168	aDyAya	yaH	aDyAyaH
1174	aDIra	rA	aDIrA
1178	aDIzwa	zwaH	aDIzwaH
1181	aDura	DUH	aDUH
1183	aDfta	taH	aDftaH
1189	aDErya	ryam	aDEryam
1191	aDyakza	kzaH	aDyakzaH
1192	aDyakzaram	ram	aDyakzaram
1200	aDyarDa	rDaH	aDyarDaH
1217	aDyAtma	tmam	aDyAtmam
1217	aDyAtma	tmam	aDyAtmam
1217	aDyAtma	tman	aDyAtman
1230	aDyAsita	tam	aDyAsitam
1238	aDyUQa	QaH	aDyUQaH
1238	aDyUQa	QA	aDyUQA
1242	aDyezaRam	RA	aDyezaRA
1245	aDruva	vam	aDruvam
1248	aDvanIna	naH	aDvanInaH
1248	aDvanIna	nyaH	aDvanyaH
1249	aDvara	raH	aDvaraH
1249	aDvara	raH	aDvaraH
1249	aDvara	ram	aDvaram
1254	aDvAntam	ntaH	aDvAntaH
1267	anakzara	ram	anakzaram
1269	anagAra	raH	anagAraH
1272	anaGa	GaH	anaGaH
1274	anaNga	NgaH	anaNgaH
1274	anaNga	Ngam	anaNgam
1279	anaYjana	nam	anaYjanam
1280	anaquh	hI	anaquhI
1283	anaRu	RuH	anaRuH
1287	anadyatana	naH	anadyatanaH
1292	anaDIna	naH	anaDInaH
1292	anaDIna	nakaH	anaDInakaH
1297	ananta	ntaH	anantaH
1297	ananta	ntA	anantA
1297	ananta	ntI	anantI
1297	ananta	ntam	anantam
1298	anantaka	kam	anantakam
1299	anantya	ntyam	anantyam
1301	anantara	ram	anantaram
1301	anantara	ram	anantaram
1306	ananda	ndaH	anandaH
1315	anapakAraH	kArin	anapakArakArin
1324	anaparADa	DaH	anaparADaH
1328	anapasara	raH	anapasaraH
1331	anapAya	yaH	anapAyaH
1335	anapekza	kzA	anapekzA
1335	anapekza	kzam	anapekzam
1345	anaBilAza	zaH	anaBilAzaH
1349	anaBihita	taH	anaBihitaH
1357	anamitra	tram	anamitram
1358	anamIva	vam	anamIvam
1359	anambara	raH	anambaraH
1366	anarGa	rGaH	anarGaH
1370	anarTa	rTaH	anarTaH
1371	anarTya	kam	anarTyakam
1381	anavakASa	SaH	anavakASaH
1387	anavadya	dyA	anavadyA
1389	anavaDAna	nam	anavaDAnam
1398	anavarata	tam	anavaratam
1400	anavalamba	mbaH	anavalambaH
1400	anavalamba	mbanam	anavalambanam
1403	anavasara	raH	anavasaraH
1405	anavasita	tA	anavasitA
1407	anavasTa	sTA	anavasTA
1408	anavasTAna	naH	anavasTAnaH
1408	anavasTAna	nam	anavasTAnam
1409	anavasTita	tam	anavasTitam
1417	anavrata	taH	anavrataH
1421	anaSva	SvaH	anaSvaH
1425	anasUya	yA	anasUyA
1427	anasTa	sTaH	anasTaH
1433	anAkASa	SaH	anAkASaH
1433	anAkASa	Sam	anAkASam
1437	anAkrAnta	tA	anAkrAntA
1439	anAga	gA	anAgA
1440	anAgata	tam	anAgatam
1442	anAgama	maH	anAgamaH
1448	anAcAra	raH	anAcAraH
1448	anAcAra	anAcaraRam	anAcaraRam
1450	anAtapa	paH	anAtapaH
1456	anAtmya	tmyam	anAtmyam
1458	anATa	Tam	anATam
1459	anAdara	raH	anAdaraH
1466	anAdfta	tam	anAdftam
1480	anApta	ptaH	anAptaH
1486	anAmaka	kaH	anAmakaH
1486	anAmaka	kama	anAmakam
1488	anAmaya	yaH	anAmayaH
1488	anAmaya	yam	anAmayam
1488	anAmaya	yaH	anAmayaH
1498	anAyAsa	saH	anAyAsaH
1501	anArata	tam	anAratam
1505	anArogya	gyam	anArogyam
1506	anArjava	vam	anArjavam
1507	anArtava	vA	anArtavA
1508	anArya	ryaH	anAryaH
1512	anAlamba	mbaH	anAlambaH
1512	anAlamba	mbI	anAlambI
1514	anAlApa	paH	anAlApaH
1528	anASaka	kam	anASakam
1534	anASraya	yaH	anASrayaH
1544	anAsvAda	daH	anAsvAdaH
1547	anAhata	tam	anAhatam
1547	anAhata	taH	anAhataH
1548	anAhAra	raH	anAhAraH
1557	anigraha	haH	anigrahaH
1562	anitya	tyam	anityam
1564	anidra	drA	anidrA
1572	anibADa	DaH	anibADaH
1578	animitta	ttam	animittam
1580	animiza	zaH	animizaH
1585	aniyukta	ktaH	aniyuktaH
1586	anira	rA	anirA
1592	anirudDa	dDaH	anirudDaH
1592	anirudDa	dDam	anirudDam
1597	anirdeSya	Syam	anirdeSyam
1602	anirvacanIya	yam	anirvacanIyam
1620	aniSa	Sam	aniSam
1624	anizwa	zwam	anizwam
1645	anISa	SaH	anISaH
1645	anISa	SA	anISA
1646	anISvara	ram	anISvaram
1647	anIha	haH	anIhaH
1647	anIha	hA	anIhA
1648	anIhita	tam	anIhitam
1658	anukampana	nam	anukampanam
1662	anukampya	mpyaH	anukampyaH
1665	anukAma	mam	anukAmam
1665	anukAma	maH	anukAmaH
1667	anukAla	lam	anukAlam
1669	anukUla	laH	anukUlaH
1669	anukUla	lA	anukUlA
1669	anukUla	lam	anukUlam
1674	anukara	raH	anukaraH
1680	anukArya	ryam	anukAryam
1680	anukArya	anukriyA	anukriyA
1683	anukfta	tam	anukftam
1697	anukrama	maH	anukramaH
1698	anukramaRam	RI	anukramaRI
1698	anukramaRam	RikA	anukramaRikA
1709	anuga	gaH	anugaH
1710	anugata	tam	anugatam
1716	anugarjita	tam	anugarjitam
1723	anuguRa	RaH	anuguRaH
1723	anuguRa	Ram	anuguRam
1739	anucaraH	rA	anucarA
1739	anucaraH	rI	anucarI
1740	anucarita	tam	anucaritam
1741	anucArakaH	rikA	anucArikA
1743	anucita	arTaH	anucitArTaH
1750	anuja	jaH	anujaH
1750	anuja	jAtaH	anujAtaH
1750	anuja	jA	anujA
1750	anuja	jAtA	anujAtA
1750	anuja	jam	anujam
1761	anujyezWa	zWam	anujyezWam
1770	anutila	lam	anutilam
1779	anuttama	maH	anuttamaH
1780	anuttara	ram	anuttaram
1780	anuttara	rAH	anuttarAH
1780	anuttara	upapAtikadaSAH	anuttaropapAtikadaSAH
1780	anuttara	rA	anuttarA
1784	anutpattiH	ttika	anutoattuja
1787	anutsAha	haH	anutsAhaH
1798	anudAtta	ttaH	anudAttaH
1803	anudiS	anudiSam	anudiSam
1808	anudfzwi	zwiH	anudfzwiH
1820	anudyoga	gaH	anudyogaH
1822	anudruta	tam	anudrutam
1825	anudvega	gaH	anudvegaH
1831	anuDyAna	tam	anuDyAtam
1831	anuDyAna	nam	anuDyAnam
1839	anunAsika	kam	anunAsikam
1845	anunaya	yaH	anunayaH
1845	anunaya	yam	anunayam
1849	anunAyika	kA	anunAyikA
1856	anupagIta	tam	anupagItam
1863	anupatanam	tam	anupatatam
1865	anupaTa	TaH	anupaTaH
1865	anupaTa	Tam	anupaTam
1868	anupada	daH	anupadaH
1868	anupada	dam	anupadam
1879	anupama	matiH	anupamamatiH
1879	anupama	mA	anupamA
1883	anupayoga	gaH	anupayogaH
1901	anupasTita	tam	anupasTitam
1906	anupAnIya	yam	anupAnIyam
1924	anupUrvya	rvI	anupUrvI
1957	anubanDaH	DI	anubanDI
1983	anuBU	BUH	anuBUH
1992	anumata	taH	anumataH
1992	anumata	tam	anumatam
2013	anumAsaH	sam	anumAsam
2021	anuyA	yAH	anuyAH
2023	anuyAtram	tram	anuyAtram
2036	anuyojya	jyaH	anuyojyaH
2044	anurAga	gaH	anurAgaH
2045	anurAgin	RI	anurAgiRI
2053	anurahasa	sam	anurahasam
2054	anurAtra	tram	anurAtram
2056	anurADa	DaH	anurADaH
2056	anurADa	DA	anurADA
2065	anurUpa	pam	anurUpam
2065	anurUpa	paH	anurUpaH
2075	anuloma	mA	anulomA
2075	anuloma	mam	anulomam
2075	anuloma	mAH	anulomAH
2079	anuvaMSaH	Sam	anuvaMSam
2089	anUkta	ktam	anUktam
2089	anUkta	ktiH	anUktiH
2094	anuvAdaka	n	anuvAdin
2098	anuvaSa	SaH	anuvaSaH
2130	anuvftta	ttam	anuvfttam
2134	anuvellita	tam	anuvellitam
2147	anuvrata	taH	anuvrataH
2147	anuvrata	tA	anuvratA
2162	anuSayaH	yI	anuSayI
2163	anuSayAna	nA	anuSayAnA
2193	anuzWAnam	nI	anuzWAnI
2200	anuzRa	zRaH	anuzRaH
2200	anuzRa	zRA	anuzRA
2200	anuzRa	zRam	anuzRam
2201	anuzvaDa	Dam	anuzvaDam
2211	anusaMhita	tam	anusaMhitam
2243	anustaraRam	RI	anustaraRI
2248	anusPura	sPur	anusPur
2255	anusvAraH	vyavAyaH	anusvAravyavAyaH
2261	anuhArya	ryaH	anuhAryaH
2263	anUkaH	kam	anUkam
2263	anUkaH	kA	anUkA
2270	anUQa	QA	anUQA
2276	anUpa	paH	anUpaH
2276	anUpa	pam	anUpam
2280	anUru	ruH	anUruH
2295	anfta	tam	anftam
2319	anokaha	haH	anokahaH
2328	anta	taH	antaH
2329	antaka	kaH	antakaH
2335	antara	ram	antaram
2337	antaratama	maH	antaratamaH
2368	anti	tiH	antiH
2370	antika	kam	antikam
2370	antika	kaH	antikaH
2374	antya	ntyaH	antyaH
2374	antya	ntyA	antyA
2374	antya	ntyam	antyam
2376	antram	ntrI	antrI
2385	anDa	nDam	anDam
2385	anDa	DaH	anDaH
2385	anDa	nDAH	annDAH
2388	anDaka	kaH	anDakaH
2396	annam	nnaH	annaH
2397	annamaya	yam	annamayam
2419	anyedyuzka	zkaH	anyedyuzkaH
2420	anyonya	nyam	anyonyam
2420	anyonya	nyam	anyonyam
2423	anyAya	yaH	anyAyaH
2428	anvakza	kzam	anvakzam
2464	anvAyatana	nam	anvAyatanam
2488	anviti	tiH	anvitiH
2503	apakAmaH	mam	apakAmam
2511	apakAraka	kaH	apakArakaH
2511	apakAraka	rI	apakArI
2512	apakfta	tam	apakftam
2518	apakarzaRa	Ram	apakarzaRam
2519	apakfzwa	zwaH	apakfzwaH
2540	apaga	gA	apagA
2559	apacarita	tam	apacaritam
2567	apacita	tam	apacitam
2572	apacCAya	yaH	apacCAyaH
2572	apacCAya	yA	apacCAyA
2594	apati	tiH	apatiH
2601	apattra	ttraH	apattraH
2601	apattra	ttrA	apattrA
2603	apatrapa	pA	apatrapA
2603	apatrapa	paRam	apatrapaRam
2607	apaTa	Tam	apaTam
2607	apaTa	TaH	apaTaH
2607	apaTa	TA	apaTA
2607	apaTa	Tam	apaTam
2610	apada	daH	apadaH
2610	apada	dam	apadam
2636	apaDvasta	staH	apaDvastaH
2637	apaDvAnta	ntam	apaDvAntam
2644	apanIta	tam	apanItam
2655	apapUta	tO	apapUtO
2671	apama	maH	apamaH
2679	apamitya	tyam	apamityam
2679	apamitya	tyakam	apamityakam
2680	apamuKa	Kam	apamuKam
2690	apara	raH	aparaH
2690	apara	rA	aparA
2690	apara	rI	aparI
2690	apara	ram	aparam
2690	apara	ram	aparam
2705	aparAjita	taH	aparAjitaH
2705	aparAjita	tA	aparAjitA
2708	aparAdDa	dDam	aparAdDam
2717	aparigraha	haH	aparigrahaH
2729	aparimlAna	naH	aparimlAnaH
2733	apariSeza	zaH	apariSezaH
2737	aparisara	raH	aparisaraH
2744	aparIta	taH	aparItaH
2746	aparUpa	pam	aparUpam
2747	aparokza	kzam	aparokzam
2751	aparRa	rRA	aparRA
2752	apartu	rtuH	apartuH
2757	aparyAya	yaH	aparyAyaH
2760	apala	lam	apalam
2776	apavana	nam	apavanam
2790	apaviza	zA	apavizA
2791	apavIRa	RA	apavIRA
2797	apavArita	tam, apavAritakam	apavAritam
2797	apavArita	tam, apavAritakena, apavArya	apavAritam
2809	apavftta	ttam	apavfttam
2812	apavidDa	dDaH	apavidDaH
2818	apaSaNka	Nkam	apaSaNkam
2824	apaSu	SuH	apaSuH
2827	apaSoka	kaH	apaSokaH
2834	apazWu	zWu	apazWu
2834	apazWu	zWuH	apazWuH
2838	apasya	syA	apasyA
2847	apasavya	vyam	apasavyam
2901	apahAraka	kaH	apahArakaH
2908	apAka	kaH	apAkaH
2918	apANga	NgaH	apANgaH
2918	apANga	NgakaH	apANgakaH
2919	apAc	k	apAk
2923	apAwava	vam	apAwavam
2934	apAnaH	naH	apAnaH
2934	apAnaH	nam	apAnam
2943	apAra	raH	apAraH
2943	apAra	ram	apAram
2943	apAra	rA	apArA
2943	apAra	pAra	apAra
2947	apArTa	rTam	apArTam
2956	apAvftta	ttam	apAvfttam
2959	apASraya	yaH	apASrayaH
2962	apAzWaH	zWam	apAzWam
2972	apikakzaH	kzam	apikakzam
2977	apija	jaH	apijaH
2985	apiDiH	DiH	apiDiH
2986	apihita	tam	apihitam
2992	apiSarvara	ram	apiSarvaram
3008	apucCa	cCA	apucCA
3010	aputraH	putrakaH	aputrakaH
3011	aputrikA	kaH	aputrikaH
3017	apuzpa	zpaH	apuzpaH
3021	apUpaH	SAlA	apUpaSAlA
3022	apUpIya	pyam	apUpyam
3025	apUrRa	rRam	apUrRam
3027	apUrva	rvam	apUrvam
3027	apUrva	rvaH	apUrvaH
3034	apfkta	ktaH	apfktaH
3045	apekzita	tam	apekzitam
3051	apodaka	kam	apodakam
3052	apodikA	kI	apodikI
3058	apOruza	zam	apOruzam
3058	apOruza	zeyam	apOruzeyam
3061	aptu	ptuH	aptuH
3067	apnavAna	naH	apnavAnaH
3080	aprakARqa	RqaH	aprakARqaH
3081	aprakASa	Sam	aprakASam
3081	aprakASa	Se	aprakASe
3081	aprakASa	SaH	aprakASaH
3084	aprakfta	tam	aprakftam
3084	aprakfta	taH	aprakftaH
3086	aprakfzwa	zwaH	aprakfzwaH
3098	apraja	jA	aprajA
3099	aprajas	tA	aprajastA
3102	apraRIta	tam	apraRItam
3109	apratikAra	raH	apratikAraH
3121	apratiBa	BA	apratiBA
3122	apratiBawa	waH	apratiBawaH
3127	apratiraTa	TaH	apratiraTaH
3127	apratiraTa	TaH	apratiraTaH
3127	apratiraTa	Tam	apratiraTam
3133	apratizWa	zWaH	apratizWaH
3133	apratizWa	zWA	apratizWA
3133	apratizWa	zWam	apratizWam
3134	apratizWAna	nam	apratizWAnam
3135	apratizWita	taH	apratizWitaH
3143	apratta	ttA	aprattA
3145	apratyaya	yaH	apratyayaH
3149	apraDAna	nam	apraDAnam
3157	apramAda	daH	apramAdaH
3157	apramAda	dam	apramAdam
3157	apramAda	tA	apramAdatA
3157	apramAda	din	apramAdin
3160	apramARa	Ram	apramARam
3165	aprameya	yam	aprameyam
3167	aprayatna	tnaH	aprayatnaH
3179	apravIta	tA	apravItA
3185	aprasanna	nnam	aprasannam
3187	aprasava	vaH	aprasavaH
3202	aprAjYa	jYatA	aprAjYatA
3205	aprARa	RaH	aprARaH
3213	apriya	yaH	apriyaH
3213	apriya	yA	apriyA
3213	apriya	yam	apriyam
3219	aprOQa	QA	aprOQA
3222	apva	pvA	apvA
3223	apsaH	psam	apsam
3229	apsu	kzit	apsukzit
3229	apsu	cara	apsucara
3229	apsu	ja	apsuja
3229	apsu	jA	apsujA
3229	apsu	jit	apsujit
3229	apsu	mat	apsumat
3229	apsu	yoni	apsuyoni
3230	aPala	laH	aPalaH
3230	aPala	lA	aPalA
3232	aPena	nam	aPenam
3234	abadDa	dDaH	abadDaH
3242	abala	laH	abalaH
3242	abala	lA	abalA
3242	abala	lam	abalam
3245	abADa	DA	abADA
3245	abADa	DaH	abADaH
3251	abIja	jaH	abIjaH
3251	abIja	jA	abIjA
3251	abIja	jam	abIjam
3252	abudDa	dDaH	abudDaH
3252	abudDa	dDam	abudDam
3256	aboDa	DaH	aboDaH
3258	abuDna	Dnam	abuDnam
3259	abja	bjaH	abjaH
3259	abja	bjam	abjam
3264	abda	bdaH	abdaH
3271	abBakza	kzaH	abBakzaH
3274	abrahmacarya	ryam	abrahmacaryam
3274	abrahmacarya	ryakam	abrahmacaryakam
3275	abrahmaRya	Ryam	abrahmaRyam
3278	abrAhmaRa	RaH	abrAhmaRaH
3282	aBakta	ktam	aBaktam
3285	aBakzya	kzyam	aBakzyam
3287	aBaNga	NgaH	aBaNgaH
3289	aBadra	dram	aBadram
3290	aBaya	yaH	aBayaH
3290	aBaya	yA	aBayA
3290	aBaya	yam	aBayam
3301	aBAva	vaH	aBAvaH
3309	aBika	kaH	aBikaH
3311	aBikAma	ma	aBikAma
3311	aBikAma	mam	aBikAmam
3338	aBiKyA	KyA	aBiKyA
3367	aBigfhIta	pARi	aBigfhItapARi
3376	aBicakzaRam	RA	aBicakzaRA
3383	aBicAraka	kaH	aBicArakaH
3383	aBicAraka	rI	aBicArI
3384	aBicCAya	yam	aBicCAyam
3391	aBijAta	tam	aBijAtam
3401	aBijYa	jYaH	aBijYaH
3401	aBijYa	jYA	aBijYA
3424	aBidyu	dyuH	aBidyuH
3439	aBiDeya	yam	aBiDeyam
3440	aBihita	tam	aBihitam
3443	aBiDAvaka	kaH	aBiDAvakaH
3450	aBinanda	ndaH	aBinandaH
3450	aBinanda	ndA	aBinandA
3457	aBinava	vaH	aBinavaH
3460	aBiniDana	nam	aBiniDanam
3469	aBinivizwa	zwam	aBinivizwam
3487	aBinetf	trI	aBinetrI
3501	aBipuzpa	zpam	aBipuzpam
3525	aBiprAya	yaH	aBiprAyaH
3526	aBipreta	tam	aBipretam
3547	aBiBUti	tiH	aBiBUtiH
3554	aBimata	tam	aBimatam
3554	aBimata	taH	aBimataH
3560	aBimAnaH	nam	aBimAnam
3568	aBimanyuH	puram	aBimanyupuram
3570	aBimAti	tiH	aBimAtiH
3574	aBimuKa	KaH	aBimuKaH
3574	aBimuKa	KI	aBimuKI
3574	aBimuKa	Kam	aBimuKam
3574	aBimuKa	Ke	aBimuKe
3581	aBimardana	nam	aBimardanam
3586	aBimeTika	meTikA	aBimeTikA
3592	aBiyAtiH	tiH	aBiyAtiH
3615	aBirAma	maH	aBirAmaH
3615	aBirAma	mam	aBirAmam
3624	aBirucita	taH	aBirucitaH
3626	aBiruta	tam	aBirutam
3627	aBirUpa	paH	aBirUpaH
3631	aBilakzya	kzyam	aBilakzyam
3639	aBilazita	tam	aBilazitam
3643	aBiliKita	tam, aBileKitam	aBiliKitam
3643	aBiliKita	nam	aBilikitam
3655	aBivAdya	dyaH	aBivAdyaH
3663	aBivAhya	hyam	aBivAhyam
3687	aBivyakta	ktam	aBivyaktam
3696	aBivyApya	pyam	aBivyApyam
3698	aBivyAhfta	tam	aBivyAhftam
3705	aBiSasta	stam	aBiSastam
3749	aBizecanIya	yaH	aBizecanIyaH
3751	aBizavaH	vam	aBizavam
3755	aBizuta	tam	aBizutam
3761	aBizwi	zwiH	aBizwiH
3775	aBisaMsAraH	ram	aBisaMsAram
3814	aBisAyaH	arkam	aBisAyArkam
3821	aBisAraH	rI	aBisArI
3824	aBisArin	RI	aBisAriRI
3829	aBiskandaH	ndam	aBiskandam
3835	aBisvaraH	re	aBisvare
3840	aBiGAtaH	tam	aBiGAtam
3841	aBiGAtaka	kaH	aBiGAtakaH
3857	aBihruti	tiH	aBihrutiH
3858	aBihvara	raH	aBihvaraH
3864	aBIka	kaH	aBIkaH
3864	aBIka	kam	aBIkam
3865	aBIkzRa	kzRam	aBIkzRam
3868	aBIjya	jyaH	aBIjyaH
3869	aBIta	tiH	aBItiH
3872	aBIpsita	tam	aBIpsitam
3874	aBIma	maH	aBImaH
3876	aBImodaH	mud	aBimud
3877	aBIraH	rI	aBIrI
3877	aBIraH	ram	aBIram
3880	aBIru	ruH	aBIruH
3880	aBIru	ruH	aBIruH
3880	aBIru	ru	aBIru
3881	aBIruRa	Ram	aBIruRam
3893	aBIzwa	zwaH	aBIzwaH
3893	aBIzwa	zwA	aBIzwA
3893	aBIzwa	zwam	aBIzwam
3911	aBeda	daH	aBedaH
3912	aBedya	dyam	aBedyam
3921	aByagra	gram	aByagram
3928	aByaDika	kam	aByaDikam
3929	aByaDvam	Dve	aByaDve
3934	aByantara	ram	aByantaram
3934	aByantara	ram	aByantaram
3934	aByantara	rataH	aByantarataH
3947	aByarRa	rRam	aByarRam
3952	aByarTita	tam	aByarTitam
3955	aByarDa	rDam	aByarDam
3973	aByavahAraH	maRqapaH	aByavahAramaRqapaH
3974	aByavahArya	ryam	aByavahAryam
3979	aByASa	SaH	aByASaH
3983	aByasta	stam	aByastam
4001	aByAgata	taH	aByAgataH
4013	aByAtma	tmam	aByAtmam
4031	aByAvartaH	rtam	aByAvartam
4033	aByAvftta	ttaH	aByAvfttaH
4060	aByudaya	yaH	aByudayaH
4062	aByudita	tA	aByuditA
4062	aByudita	tam	aByuditam
4067	aByuddfzwam	zwA	aByuddfzwA
4076	aByupagamita	taH	aByupagamitaH
4090	aByuzita	taH	aByuzitaH
4097	aBraMliha	haH	aBraMlihaH
4099	aBraMkaza	zaH	aBraMkazaH
4103	aBriya	yaH	aBriyaH
4103	aBriya	yam	aBriyam
4105	aBrama	maH	aBramaH
4112	aBva	Bvam	aBvam
4115	ama	maH	amaH
4115	ama	mA	amA
4118	amatiH	amatIvan	amatIvan
4119	amaNgala	laH	amaNgalaH
4119	amaNgala	lam	amaNgalam
4120	amaRqa	RqaH	amaRqaH
4123	amati	tiH	amatiH
4123	amati	tiH	amatiH
4124	amatra	trama	amatram
4124	amatra	trakam	amatrakam
4135	amanuzya	zyaH	amanuzyaH
4135	amanuzya	tA	amanuzyatA
4138	amanda	ndaH	amandaH
4141	amama	maH	amamaH
4144	amara	raH	amaraH
4144	amara	rA	amarA
4144	amara	rI	amarI
4149	amartya	rtyaH	amartyaH
4154	amaryAda	dA	amaryAdA
4155	amarza	rzaH	amarzaH
4155	amarza	rzA	amarzA
4157	amala	lA	amalA
4157	amala	lam	amalam
4167	amAMsa	sam	amAMsam
4171	amAtyaH	amAtyikA	amAtyikA
4172	amAtra	tram	amAtram
4172	amAtra	traH	amAtraH
4179	amAnuza	zaH	amAnuzaH
4179	amAnuza	zI	amAnuzI
4180	amAnuzya	˚zyam	amAnuzyam
4182	amAya	yA	amAyA
4182	amAya	yam	amAyam
4185	amArga	rgaH	amArgaH
4190	amitraH	trA	amitrA
4203	amiza	zam	amizam
4205	amIvA	vaH	amIvaH
4205	amIvA	vam	amIvam
4207	amukta	ktam	amuktam
4221	amUrta	rtaH	amUrtaH
4222	amUrti	rtiH	amUrtiH
4222	amUrti	rtiH	amUrtiH
4224	amUla	lA	amUlA
4229	amfta	taH	amftaH
4229	amfta	tA	amftA
4229	amfta	tam	amftam
4236	amftyu	tyuH	amftyuH
4243	ameDya	Dyam	ameDyam
4250	amokza	kzaH	amokzaH
4252	amoGa	GaH	amoGaH
4252	amoGa	GA	amoGA
4258	ambaH	mbA	ambA
4258	ambaH	mbam	ambam
4258	ambaH	mba	amba
4265	ambazWaH	zWA	ambazWA
4265	ambazWaH	zWA	ambazWA
4265	ambazWaH	zWI	ambazWI
4276	ambujinI	kuwumbin	ambujinIkuwumbin
4277	ambumat	tI	ambumatI
4279	ambUkfta	tam	ambUkftam
4284	amBfRa	RaH	amBfRaH
4289	amla	mlaH	amlaH
4289	amla	mlI	amlI
4289	amla	mlam	amlam
4290	amlakaH	kA	amlakA
4294	amlAna	naH	amlAnaH
4294	amlAna	nam	amlAnam
4295	amlAni	niH	amlAniH
4296	amlAnin	nI	amlAninI
4298	aya	yaH	ayaH
4300	ayakzma	kzmam	ayakzmam
4302	ayajYa	jYaH	ayajYaH
4311	ayatna	tnaH	ayatnaH
4313	ayaTA	Tam	ayaTam
4319	ayava	vaH	ayavaH
4324	ayasmaya	yI	ayasmayI
4329	ayAcita	taH	ayAcitaH
4329	ayAcita	tam	ayAcitam
4332	ayAtu	tuH	ayAtuH
4337	ayAnayam	yaH	ayAnayaH
4339	ayAnvita	taH	ayAnvitaH
4343	ayAs	yAH	ayAH
4344	ayAsya	syaH	ayAsyaH
4349	ayuga	gam	ayugam
4356	ayuta	tam	ayutam
4357	ayudDa	dDam	ayudDam
4364	ayoga	gaH	ayogaH
4370	ayoDya	DyA	ayoDyA
4371	ayoni	niH	ayoniH
4371	ayoni	niH	ayoniH
4376	ara	raH	araH
4385	araRa	Ram	araRam
4386	araRiH	RI	araRiRI
4386	araRiH	RiH	araRiH
4386	araRiH	RiH	araRiH
4388	araRyam	RyaH	araRyaH
4394	arata	tam	aratam
4395	arati	tiH	aratiH
4395	arati	tiH	aratiH
4414	aramati	tiH	aramatiH
4418	araram	raH	araraH
4423	araru	ruH	araruH
4427	aravindam	daH	aravindaH
4429	arasa	saH	arasaH
4448	arAya	yaH	arAyaH
4448	arAya	yI	arAyI
4449	arAla	laH	arAlaH
4449	arAla	lA	arAlA
4452	ari	riH	ariH
4458	aritra	tram	aritram
4458	aritra	traH	aritraH
4462	arizam	zaH	arizaH
4465	arizwa	zwaH	arizwaH
4465	arizwa	zwA	arizwA
4465	arizwa	zwam	arizwam
4477	aruja	jaH	arujaH
4478	aruRa	RaH	aruRaH
4478	aruRa	RA	aruRA
4478	aruRa	RI	aruRI
4478	aruRa	Ram	aruRam
4487	aruza	zaH	aruzaH
4487	aruza	zI	aruzI
4495	arUpa	pam	arUpam
4501	areRu	RuH	areRuH
4505	aroga	gaH	arogaH
4509	arocaka	kaH	arocakaH
4516	arka	rkaH	arkaH
4526	arGaH	tantram	aGatantram
4528	arGya	rGyam	arGyam
4532	arcaka	kaH	arcakaH
4535	arcana	nam	arcanam
4535	arcana	nA	arcanA
4546	arcizmat	tI	arcizmatI
4548	arjaka	kaH	arjakaH
4551	arjuna	naH	arjunaH
4551	arjuna	nI	arjunI
4551	arjuna	nam	arjunam
4551	arjuna	nAH	arjunAH
4552	arjunaka	kaH	arjunakaH
4554	arRa	rRaH	arRaH
4554	arRa	rRA	arRA
4554	arRa	rRam	arRam
4555	arRava	vaH	arRavaH
4559	artana	nam	artanam
4569	arTAt	kftam	arTAtkftam
4572	arTita	tam	arTitam
4576	arTya	rTyam	arTyam
4578	ardana	naH	ardanaH
4578	ardana	nam	ardanam
4578	ardana	nam	ardanam
4578	ardana	nA	ardanA
4582	arDa	rDaH	arDaH
4582	arDa	rDam	arDam
4582	arDa	rDaH	arDaH
4585	arDika	kaH	arDikaH
4594	arbudaH	AkAraH	arbudAkAraH
4597	arBa	rBaH	arBaH
4598	arBaka	kaH	arBakaH
4601	armaka	kam	armakam
4604	arya	ryaH	aryaH
4604	arya	ryA	aryA
4604	arya	ryI	aryI
4611	arvan	tI	arvatI
4613	arvAc	k	arvAk
4615	arvAcIna	nam	arvAcInam
4619	arSa	rSaH	arSaH
4623	arSasAna	naH	arSasAnaH
4624	arzaRa	Ram	arzaRam
4624	arzaRa	RI	arzaRI
4626	arha	rhaH	arhaH
4626	arha	rhA	arhA
4630	arhat	ttama	arhattama
4631	arhanta	ntaH	arhantaH
4637	alakaH	kA	alakA
4640	alakzaRa	Ram	alakzaRam
4645	alagardaH	rdA	alagardA
4656	alajja	jjA	alajjA
4665	alaMkarizRu	zRuH	alaMkarizRuH
4672	alampawa	waH	alampawaH
4673	alambuzaH	zA	alambuzA
4675	alaya	yaH	alayaH
4682	alasa	saH	alasaH
4682	alasa	sA	alasA
4683	alasaka	kaH	alasakaH
4690	alAtfRa	RaH	alAtfRaH
4691	alAbuH	bu	alAbu
4693	alABa	BaH	alABaH
4699	alin	nI	alinI
4704	aliNga	NgaH	aliNgaH
4704	aliNga	Ngam	aliNgam
4707	alina	naH	alinaH
4713	alIka	kam	alIkam
4724	alepaka	kaH	alepakaH
4725	aleSa	Sam	aleSam
4727	aloka	kaH	alokaH
4727	aloka	kam	alokam
4727	aloka	kA	alokA
4739	alohita	tam	alohitam
4742	alpa	lpaH	alpaH
4742	alpa	lpam	alpam
4742	alpa	lpam	alpam
4742	alpa	lpena	alpena
4742	alpa	lpAt	alpAt
4743	alpaka	kam	alpakam
4743	alpaka	kaH	alpakaH
4745	alpaMpaca	caH	alpaMpacaH
4752	allakam	kA	allakA
4753	allA	llaH	alllaH
4756	avana	nam	avanam
4759	avaMSaH	Sam	avaMSam
4760	avakawa	wam	avakawam
4775	avakuwAra	ram	avakuwAram
4780	avakutsita	tam	avakutsitam
4789	avakfzwa	zwaH	avakfzwaH
4804	avakranda	ndaH	avakrandaH
4825	avakzIRa	Ram	avakzIRam
4829	avakzepaRam	RI	avakzepaRI
4867	avagIta	tam	avagItam
4870	avagfhya	hyam	avagfhyam
4881	avaGozaH	RA	avaGozaRA
4894	avacakzaRa	Ram	avacakzaRam
4895	avacana	nam	avacanam
4901	avacAra	raH	avacAraH
4902	avacAraRa	Ram	avacAraRam
4910	avacUqaH	qA	avacUqA
4922	avacCedaka	kaH	avacCedakaH
4925	avacCurita	tam	avacCuritam
4936	avawa	waH	avawaH
4939	avawuH	wuH	avawuH
4939	avawuH	wu	avawu
4965	avataraRam	maNgalam	avataraRamaNgalam
4972	avatIrRa	rRam	avatIrRam
4984	avadAta	taH	avadAtaH
4999	avadya	dyam	avadyam
5004	avaDa	DaH	avaDaH
5014	avaDeya	yam	avaDeyam
5025	avaDUta	taH	avaDUtaH
5033	avaDAraRa	Ram	avaDAraRam
5033	avaDAraRa	RA	avaDAraRA
5055	avanadDa	dDam	avanadDam
5057	avanAwa	wam	avanAwam
5086	avapAkaH	kaH	avapAkaH
5094	avapIqa	qaH	avapIqaH
5095	avapIqanam	nA	avapIqanA
5110	avaboDaka	kaH	avaboDakaH
5115	avaBaNga	NgaH	avaBaNgaH
5120	avaBAsaka	kam	avaBAsakam
5122	avaBAsin	nI	avaBAsinI
5130	avaBrawa	wam	avaBrawam
5131	avama	maH	avamaH
5131	avama	mam	avamam
5134	avamatiH	tiH	avamatiH
5140	avamanTa	TaH	avamanTaH
5151	avamardana	nam	avamardanam
5170	avara	raH	avaraH
5170	avara	rA	avarA
5170	avara	ram	avaram
5186	avarudDiH	kA	avarudDikA
5188	avaroDaka	kaH	avaroDakaH
5188	avaroDaka	kam	avaroDakam
5190	avaroDika	kaH	avaroDikaH
5190	avaroDika	kA	avaroDikA
5201	avarohin	RI	avarohiRI
5206	avarga	rgaH	avargaH
5210	avartana	nam	avartanam
5217	avalakza	kzaH	avalakzaH
5219	avalagna	gnaH	avalagnaH
5222	avalambakaH	kam	avalambakam
5232	avalIQa	QA	avalIQA
5255	avalokita	taH	avalokitaH
5255	avalokita	tam	avalokitam
5259	avalguja	jaH	avalgujaH
5285	avaSizwa	zwam	avaSizwam
5285	avaSizwa	zwakam	avaSizwakam
5289	avaSIrza	rzaH	avaSIrzaH
5306	avasaH	sam	avasam
5309	avasakta	ktam	avasaktam
5313	avasaTaH	Tam	avasaTam
5328	avasarpin	RI	avasarpiRI
5350	avasita	tam	avasitam
5359	avaskaraka	kaH	avaskarakaH
5360	avaskava	vaH	avaskavaH
5370	avasTaH	sTA	avasTA
5390	avaha	haH	avahaH
5409	avahAraka	kaH	avahArakaH
5414	avahelita	tam	avahelitam
5415	avahvara	raH	avahvaraH
5426	avAYc	cI	avAYcI
5433	avAta	tama	avAtam
5453	avAraRa	Ram	avAraRam
5455	avArita	tam	avAritam
5465	avi	viH	aviH
5465	avi	viH	aviH
5466	avikaH	kA	avikA
5466	avikaH	kam	avikam
5472	avikalpa	lpaH	avikalpaH
5472	avikalpa	lpam	avikalpam
5473	avikAra	raH	avikAraH
5478	avikriya	yam	avikriyam
5478	avikriya	tvam	avikriyatvam
5480	avikrama	maH	avikramaH
5491	avigama	maH	avigamaH
5494	avigraha	haH	avigrahaH
5495	aviGAta	taH	aviGAtaH
5496	aviGna	Gnam	aviGnam
5499	avicAra	raH	avicAraH
5507	avicCeda	daH	avicCedaH
5514	avijYeya	yaH	avijYeyaH
5516	avitaTa	Tam	avitaTam
5516	avitaTa	Tam	avitaTam
5516	avitaTa	TA	avitaTA
5522	avitti	ttiH	avittiH
5532	avidita	taH	aviditaH
5534	avidUra	ram	avidUram
5534	avidUra	ram	avidUram
5537	avidDa	dDaH	avidDaH
5538	avidya	dyA	avidyA
5543	aviDAna	nam	aviDAnam
5545	aviDi	DiH	aviDiH
5548	avinaya	yaH	avinayaH
5549	avinIta	tA	avinItA
5551	avinaSvara	raH	avinaSvaraH
5558	avinDyaH	nDyA	avinDyA
5559	avipakva	karaRa	avipakvakaraRa
5559	avipakva	budDi	avipakvabudDi
5560	avipAka	kaH	avipAkaH
5564	avipra	praH	avipraH
5570	avibuDa	DaH	avibuDaH
5572	aviBAga	gaH	aviBAgaH
5573	aviBAjya	jyam	aviBAjyam
5577	avimukta	ktaH	avimuktaH
5577	avimukta	ktam	avimuktam
5577	avimukta	kaH	avimuktakaH
5581	aviyoga	gaH	aviyogaH
5582	avirata	tam	aviratam
5583	avirati	tiH	aviratiH
5584	avirAma	maH	avirAmaH
5584	avirAma	mam	avirAmam
5585	avirala	lam	aviralam
5597	avilamba	mbaH	avilambaH
5597	avilamba	mbam	avilambam
5597	avilamba	avilambena	avilambena
5598	avilambita	tam	avilambitam
5600	avilAsa	saH	avilAsaH
5603	avivakzita	vacanatA	avivakzitavacanatA
5608	aviveka	kaH	avivekaH
5612	avivenat	nam	avivenam
5613	aviSaNka	kA	aviSaNkA
5613	aviSaNka	Nkam, aviSaNkena	aviSaNkam
5618	aviSeza	zaH	aviSezaH
5618	aviSeza	zam	aviSezam
5618	aviSeza	ka	aviSezaka
5621	aviSrAnta	tam	aviSrAntam
5622	aviSvAsa	saH	aviSvAsaH
5622	aviSvAsa	sA	aviSvAsA
5625	aviza	zaH	avizaH
5625	aviza	zA	avizA
5625	aviza	zI	avizI
5627	avizaya	yaH	avizayaH
5643	avispazwa	zwam	avispazwam
5652	avIci	ciH	avIciH
5652	avIci	saMSozaRaH	avIcisaMSozaRaH
5653	avIja	jaH	avIjaH
5653	avIja	jA	avIjA
5653	avIja	jam	avIjam
5655	avIra	rA	avIrA
5657	avfka	kam	avfkam
5661	avftti	ttiH	avfttiH
5663	avfdDika	kam	avfdDikam
5665	avfzwi	zwiH	avfzwiH
5681	avedya	dyaH	avedyaH
5681	avedya	dyA	avedyA
5683	avela	laH	avelaH
5683	avela	lA	avelA
5685	avEdya	tvam	avEdyatvam
5694	avoda	daH	avodaH
5697	avya	vyaH	avyaH
5697	avya	vyam	avyam
5698	avyakta	ktaH	avyaktaH
5698	avyakta	ktam	avyaktam
5698	avyakta	ktam	avyaktam
5700	avyagra	gram	avyagram
5701	avyaNga	gA	avyaNgA
5704	avyaYjana	naH	avyaYjanaH
5709	avyaTa	TaH	avyaTaH
5709	avyaTa	TA	avyaTA
5711	avyaTi	TiH	avyaTiH
5713	avyaTizaH	zI	avyaTizI
5721	avyaya	yaH	avyayaH
5721	avyaya	yam	avyayam
5729	avyavaDAna	nam	avyavaDAnam
5733	avyavasTa	sTA	avyavasTA
5738	avyasana	nam	avyasanam
5740	avyAkfta	tam	avyAkftam
5745	avyAja	jaH	avyAjaH
5745	avyAja	jam	avyAjam
5751	avyApAra	raH	avyApAraH
5752	avyAyAma	maH	avyAyAmaH
5754	avyAhata	tam	avyAhatam
5757	avyutpanna	nnaH	avyutpannaH
5758	avraRa	Ram	avraRam
5762	aSana	naH	aSanaH
5762	aSana	nam	aSanam
5766	aSanAyita	tam	aSanAyitam
5767	aSita	tam	aSitam
5779	aSatru	tru	aSatru
5779	aSatru	truH	aSatruH
5782	aSabda	bdaH	aSabdaH
5782	aSabda	bdam	aSabdam
5785	aSarIra	raH	aSarIraH
5791	aSastra	stram	aSastram
5797	aSAsana	nam	aSAsanam
5803	aSiraH	rA	aSirA
5803	aSiraH	ram	aSiram
5806	aSiva	vaH	aSivaH
5806	aSiva	vA	aSivA
5806	aSiva	vam	aSivam
5809	aSiSu	SuH	aSiSuH
5809	aSiSu	SvIH	aSiSvIH
5809	aSiSu	aSiSvikA	aSiSvikA
5812	aSizWa	zWaH	aSizWaH
5819	aSIla	lam	aSIlam
5820	aSuci	ciH	aSuciH
5820	aSuci	ciH	aSuciH
5821	aSudDa	dDam	aSudDam
5822	aSudDi	dDiH	aSudDiH
5823	aSoDana	nam	aSoDanam
5824	aSuBa	Bam	aSuBam
5827	aSUnya	nyam	aSUnyam
5832	aSeza	zaH	aSezaH
5832	aSeza	zam, aSezeRa, aSezataH	aSezam
5838	aSoka	kaH	aSokaH
5838	aSoka	kA	aSokA
5838	aSoka	kam	aSokam
5845	aSna	SnaH	aSnaH
5855	aSmanta	ntaH	aSmantaH
5855	aSmanta	ntam	aSmantam
5856	aSmantakaH	kaH	aSmantakaH
5858	aSraH	Sram	aSram
5860	aSradDa	dDA	aSradDA
5863	aSrama	maH	aSramaH
5864	aSramaRa	RaH	aSramaRaH
5865	aSrAnta	ntam	aSrAntam
5865	aSrAnta	ntam	aSrAntam
5866	aSravaRa	RaH	aSravaRaH
5866	aSravaRa	Ram	aSravaRam
5869	aSrAdDa	dDaH	aSrAdDaH
5881	aSruti	tiH	aSrutiH
5881	aSruti	tiH	aSrutiH
5887	aSlIla	lam	aSlIlam
5890	aSvaH	SvO	aSvO
5890	aSvaH	SvAH	aSSvAH
5892	aSvaka	kaH	aSvakaH
5894	aSvatara	raH	aSvataraH
5894	aSvatara	rI	aSvatarI
5896	aSvatTaH	tTA	aSvatTA
5896	aSvatTaH	tTI	aSvatTI
5897	aSvatTaka	kaH	aSvatTakaH
5908	aSvin	nO	aSvinO
5911	aSviya	yA	aSviyA
5913	aSvIya	yam	aSvIyam
5914	aSvya	Svyam	aSvyam
5914	aSvya	SvyaH	aSvyaH
5915	aSvanta	ntaH	aSvantaH
5919	azaqakzIRa	Ram	azaqakzIRam
5921	azAQa	QaH	azAQaH
5921	azAQa	QA	azAQA
5924	azwaka	kaH	azwakaH
5924	azwaka	kA	azwakA
5924	azwaka	kam	azwakam
5925	azwakika	kI	azwakikI
5927	azwataya	yam	azwatayam
5929	azwama	maH	azwamaH
5929	azwama	mI	azwamI
5933	azwAtaya	yaH	azwAtayaH
5939	azwrA	vin	azwrAvin
5945	asta	stA	astA
5947	astaH	stam	astam
5947	astaH	stam	astam
5948	astakaH	kam	astakam
5953	asti	stiH	astiH
5959	asaMyata	taH	asaMyataH
5962	asaMyukta	ktam	asaMyuktam
5963	asaMyuta	taH	asaMyutaH
5969	asaMvftaH	tam	asaMvftam
5974	asaMSaya	yam	asaMSayam
5976	asaMSlizwa	zwaH	asaMSlizwaH
5982	asaMskfta	taH	asaMskftaH
5987	asaMhata	taH	asaMhataH
5987	asaMhata	tam	asaMhatam
5991	asakta	ktam	asaktam
6000	asaMkula	laH	asaMkulaH
6004	asaMKyeya	yaH	asaMKyeyaH
6004	asaMKyeya	yam	asaMKyeyam
6005	asaMga	gaH	asaMgaH
6005	asaMga	cArin	asaMgacArin
6008	asaMgama	maH	asaMgamaH
6013	asaMjYa	jYA	asaMjYA
6014	asat	tI	asatI
6019	asatkfta	tam	asatkftam
6021	asattva	ttvam	asattvam
6022	asatya	tyaH	asatyaH
6022	asatya	tyam	asatyam
6026	asanam	naH	asanaH
6026	asanam	nA	asanA
6028	asantati	tiH	asantatiH
6028	asantati	naH	asantatinaH
6031	asaMdigDa	gDam	asaMdigDam
6035	asaMDi	DiH	asaMDiH
6042	asapatna	tnam	asapatnam
6042	asapatna	tnI	asapatnI
6045	asama	maH	asamaH
6046	asamagra	gram	asamagram
6047	asamaYjasa	sam	asamaYjasam
6055	asamasta	stam	asamastam
6063	asamAhAra	raH	asamAhAraH
6069	asaMpatti	ttiH	asaMpattiH
6070	asaMpAta	taH	asaMpAtaH
6073	asaMbadDa	dDam	asaMbadDam
6073	asaMbadDa	arTavyavaDAna	asaMbadDArTavyavaDAna
6074	asaMbanDa	nDaH	asaMbanDaH
6075	asaMbADa	DA	asaMbADA
6075	asaMbADa	Dam	asaMbADam
6077	asaMBava	vaH	asaMBavaH
6077	asaMBava	vA	asaMBavA
6077	asaMBava	vam	asaMBavam
6079	asaMBavya	vyam	asaMBavyam
6081	asaMBAvanIya	vyam	asaMBAvyam
6082	asaMBAvita	upamA	asaMBAVitopamA
6088	asaMBrama	maH	asaMBramaH
6088	asaMBrama	mam, asaMBrAntam	asaMBramam
6089	asaMmata	taH	asaMmataH
6105	asaha	ham	asaham
6106	asahana	naH	asahanaH
6106	asahana	nam	asahanam
6117	asADana	nam	asADanam
6119	asADAraRa	RaH	asADAraRaH
6119	asADAraRa	Ram	asADAraRam
6120	asADu	DvI	asADvI
6124	asAmAnya	nyam	asAmAnyam
6125	asAmi	mi	asAmi
6126	asAMprata	tam	asAMpratam
6130	asAra	raH	asAraH
6130	asAra	ram	asAram
6135	asiH	si	asi
6139	asita	taH	asitaH
6139	asita	tA	asitA
6140	asidDa	dDaH	asidDaH
6147	asuKa	Kam	asuKam
6149	asuganDa	nDaH	asuganDaH
6153	asutfpa	paH	asutfpaH
6157	asura	raH	asuraH
6157	asura	rA	asurA
6157	asura	rI	asurI
6158	asurya	yam	asuryam
6158	asurya	ryaH	asuryaH
6176	asUyaka	kaH	asUyakaH
6181	asUra	ram	asUram
6184	asUryaMpaSya	SyA	asUryaMpaSyA
6191	asevana	nam	asevanam
6197	asOzWava	vam	asOzWavam
6217	asTan	vat	aSTivat
6220	asTAna	nam	asTAnam
6228	asTiti	tiH	asTitiH
6230	asTErya	ryam	asTEryam
6236	asneha	haH	asnehaH
6239	asparSa	rSaH	asparSaH
6247	asPuwa	wam	asPuwam
6252	asmadryaYc	k	asmadryak
6259	asmftiH	ti	asmfti
6265	asraH	sram	asram
6276	asvanta	ntaH	asvantaH
6276	asvanta	tam	asvantam
6277	asvapna	pnaH	asvapnaH
6279	asvaBAva	vaH	asvaBAvaH
6280	asvara	raH	asvaraH
6280	asvara	ram	asvaram
6288	asvAmika	kam	asvAmikam
6290	asvAmya	myam	asvAmyam
6295	ahata	tam	ahatam
6298	ahan	nI	ahanI
6301	ahaMyu	yuH	ahaMyuH
6302	ahara	raH	aharaH
6303	aharaRIya	ryaH	ahAryaH
6305	ahalya	lyaH	ahalyaH
6305	ahalya	lyA	ahalyA
6310	ahi	hiH	ahiH
6310	ahi	hI	ahI
6311	ahikaH	kA	ahikA
6315	ahiMsra	sraH	ahiMsraH
6315	ahiMsra	srA	ahiMsrA
6315	ahiMsra	sram	ahiMsram
6317	ahita	taH	ahitaH
6317	ahita	tam	ahitam
6319	ahIna	naH	ahInaH
6324	ahuta	taH	ahutaH
6330	ahetu	tuH	ahetuH
6331	ahetuka	kam	ahetukam
6335	ahnaH	ahnyam	ahnyam
6340	ahrI	ka	ahrIka
6340	ahrI	kaH	ahrIkaH
6354	Akampana	nam	Akampanam
6373	AkANkza	kzA	AkANkzA
6376	AkANkzya	kzyam	AkANkzyam
6380	AkAlika	kI	AkAlikI
6389	Akula	lam	Akulam
6411	Akarzaka	kaH	AkarzakaH
6412	AkarzaRa	Ram	AkarzaRam
6412	AkarzaRa	RI	AkarzaRI
6414	Akarzin	RI	AkarziRI
6420	AkIrRa	rRam	AkIrRam
6431	Akrandita	tam	Akranditam
6441	AkrIqa	qaH	AkrIqaH
6441	AkrIqa	qam	AkrIqam
6445	Akruzwa	zwam	Akruzwam
6455	AkzapAda	daH	AkzapAdaH
6455	AkzapAda	dam	AkzapAdam
6463	Akzika	kaH	AkzikaH
6463	Akzika	kam	Akzikam
6463	Akzika	kI	AkzikI
6468	Akzepaka	kaH	AkzepakaH
6471	AkzIba	baH	AkzIbaH
6489	AKewaka	kaH	AKewakaH
6489	AKewaka	kam	AKewakam
6490	AKewika	kaH	AKewikaH
6495	AKyAta	tam	AKyAtam
6496	AKyAtika	kI	AKyAtikI
6500	AKyAnakam	kI	AKyAnakI
6501	AKyAyaka	kaH	AKyAyakaH
6507	Agata	tam	Agatam
6510	Agantu	ntuH	AgantuH
6527	Agastya	styaH	AgastyaH
6527	Agastya	styI	AgastyI
6534	AgUrRa	rRam	AgUrRam
6534	AgUrRa	rtam	AgUrtam
6549	AgnIDra	Dram	AgnIDram
6549	AgnIDra	DrA	AgnIDrA
6549	AgnIDra	DraH	AgnIDraH
6550	AgnIDrIya	yaH	AgnIDrIyaH
6551	AgnIDrya	DryA	AgnIDryA
6553	Agneya	yaH	AgneyaH
6553	Agneya	yI	AgneyI
6553	Agneya	yam	Agneyam
6556	AgrayaRaH	Rakam	AgrayaRakam
6556	AgrayaRaH	RI	AgrayaRI
6556	AgrayaRaH	Ram	AgrayaRam
6560	AgrahAyaRaH	RI	AgrahAyaRI
6561	AgrahAyaRaka	kaH	AgrahAyaRakaH
6564	AGawwaka	kaH	AGawwakaH
6566	AGarzaH	RI	AGarzRI
6577	AGfRi	RiH	AGfRiH
6579	AGrARa	Ram	AGrARam
6580	AGrAta	tam	AGrAtam
6583	ANga	gaH	ANgaH
6583	ANga	gam	ANgam
6584	ANgaka	kaH	ANgakaH
6585	ANgavidya	dyA	ANgavidyA
6586	ANgika	kaH	ANgikaH
6589	ANgirasa	saH	ANgirasaH
6601	AcamanIya	yam	AcamanIyam
6601	AcamanIya	AcamanIyakam	AcamanIyakam
6602	AcAnta	tiH	AcAntiH
6606	AcAmya	myam	AcAmyam
6612	Acarita	tam	Acaritam
6615	AcArika	kam	AcArikam
6618	AcAryaH	ryA	AcAryA
6619	AcAryaka	kam	AcAryakam
6625	Acita	taH	AcitaH
6639	AcCurita	tam	AcCuritam
6644	Aja	jaH	AjaH
6644	Aja	jam	Ajam
6654	AjAnaH	nam	AjAnam
6656	AjAneya	yaH	AjAneyaH
6659	AjamIQa	QAH	AjamIQAH
6667	AjijYAsenya	nyAH	AjijYAsennyAH
6671	AjIvaH	vaH	AjIvaH
6677	AjIvya	vyam	AjIvyam
6692	AYjana	nam	AYjanam
6692	AYjana	naH	AYjanaH
6704	Awika	kI	AwikI
6708	AqambaraH	ram	Aqambaram
6712	AQakaH	kI	AQakI
6715	AQyaMkaraRa	Ram	AQyaMkaraRam
6718	ARaka	kam	ARakam
6719	ARava	vam	ARavam
6722	ARqa	qaH	ARqaH
6722	ARqa	qam	ARqam
6722	ARqa	qO	ARqO
6727	Ata	taH	AtaH
6729	AtaNkaH	kam	AtaNkam
6740	Atapa	paH	AtapaH
6752	AtiTeya	yam	AtiTeyam
6752	AtiTeya	yI	AtiTeyI
6753	AtiTya	TyaH	AtiTyaH
6753	AtiTya	Tyam	AtiTyam
6756	AtivAhika	kam	AtivAhikam
6768	Atura	raH	AturaH
6772	AtfRRa	Ram	AtfRRam
6775	AtfpyaH	pyam	Atfpyam
6784	AtmanA	˚saptamaH	AtmanAsaptamaH
6785	AtmanIna	naH	AtmanInaH
6787	AtmaMBari	˚tvam	AtmaMBaritvam
6796	Atyayika	kam	Atyayikam
6797	Atreya	yaH	AtreyaH
6797	Atreya	yI	AtreyI
6799	ATarvaRa	RaH	ATarvaRaH
6799	ATarvaRa	Ram	ATarvaRam
6799	ATarvaRa	Siras	ATarvaRASiras
6800	ATarvaRika	kaH	ATarvaRikaH
6812	AdAnam	nI	AdAnI
6821	Adi	diH	AdiH
6827	Adya	dyAH	AddyAH
6827	Adya	dyA	AdyA
6827	Adya	dyam	Adyam
6829	Aditya	tyaH	AdityaH
6829	Aditya	tyO	AdityO
6834	Adizwa	zwam	Adizwam
6880	ADeya	yam	ADeyam
6916	ADmAta	taH	ADmAtaH
6917	ADmAnam	nI	ADmAnI
6926	ADIta	tam	ADItam
6929	ADra	DraH	ADraH
6931	ADvarika	kaH	ADvarikaH
6932	ADvaryava	vam	ADvaryavam
6933	AnaH	nam	Anam
6940	AnandaH	dA	AnandA
6940	AnandaH	dI	AnandI
6940	AnandaH	dam	Anandam
6943	AnandaTu	TuH	AnandaTuH
6944	Anandana	nam	Anandanam
6945	Anandamaya	yaH	AnandamayaH
6945	Anandamaya	yI	AnandamayI
6956	AnartaH	rtam	Anartam
6960	Anava	vaH	AnavaH
6963	AnadDa	dDaH	AnadDaH
6967	Anirhata	taH	AnirhataH
6968	Anila	laH	AnilaH
6968	Anila	AniliH	AniliH
6973	AnAyya	yyaH	AnAyyaH
6979	AnIla	laH	AnIlaH
6992	AnupUrvam	vat	AnpUrvavat
6994	AnumAnika	kam	AnumAnikam
7001	Anulomya	myam	Anulomyam
7008	AnuSravika	kaH	AnuSravikaH
7013	AnuzwuBa	Bam	AnuzwuBam
7016	AnUpa	paH	AnUpaH
7021	AnfSaMsa	sam	AnfSaMsam
7021	AnfSaMsa	syam	AnfSaMsyam
7024	Anta	ntam	Antam
7026	AntaHpurika	kam	AntaHpurikam
7027	Antara	ram	Antaram
7028	Antaratamyam	kaH	AntaratamyakaH
7028	Antaratamyam	kam	Antaratamyakam
7030	Antarikza	kzam	Antarikzam
7035	Antra	tram	Antram
7043	AnDra	DraH	AnDraH
7043	AnDra	nDrI	AnDrI
7045	Anyatareya	yaH	AnyatareyaH
7052	ApaH	pam	Apam
7057	Apta	ptaH	AptaH
7057	Apta	ptA	AptA
7057	Apta	ptam	Aptam
7059	Apya	pyaH	ApyaH
7059	Apya	pyam	Apyam
7061	Apakva	kvam	Apakvam
7065	ApaRaka	kaH	ApaRakaH
7068	Apati	tiH	ApatiH
7069	Apatika	kaH	ApatikaH
7071	ApAta	taH	ApAtaH
7076	ApaTi	TiH	ApaTiH
7076	ApaTi	TIH	ApaTIH
7076	ApaTi	TyaH	ApaTyaH
7087	Apamityaka	kam	Apamityakam
7103	ApiYjara	ram	ApiYjaram
7106	ApiSala	laH	ApiSalaH
7106	ApiSala	lA	ApiSalA
7112	ApIta	taH	ApItaH
7112	ApIta	tam	ApItam
7113	ApUpika	kaH	ApUpikaH
7113	ApUpika	kam	ApUpikam
7119	ApUra	raH	ApUraH
7120	ApUraRa	Ram	ApUraRam
7128	ApoSAnaH	nam	ApoSAnam
7133	ApI	pIH	ApIH
7134	ApIna	naH	ApInaH
7134	ApIna	nam	ApInam
7135	ApyAna	nam	ApyAnam
7137	ApyAyana	nam	ApyAyanam
7137	ApyAyana	nA	ApyAyanA
7156	Apluta	taH	AplutaH
7156	Apluta	tam	Aplutam
7164	AbadDa	dDam	AbadDam
7168	Abarha	rhaH	AbarhaH
7168	Abarha	rhaRam	AbarhaRam
7172	AbADaH	DA	AbADA
7195	ABAzya	zyam	ABAzyam
7200	ABAsura	raH	ABAsuraH
7201	ABicaraRika	kam	ABicaraRikam
7202	ABijana	nam	ABijanam
7206	ABiDAnika	kaH	ABiDAnikaH
7207	ABiDAnIyaka	kam	ABiDAnIyakam
7215	ABizecanika	kam	ABizecanikam
7216	ABihArika	kam	ABihArikam
7220	ABIraH	rI	ABIrI
7221	ABIla	lam	ABIlam
7235	ABogaya	yam	ABogayam
7237	AByantara	raH	AByantaraH
7237	AByantara	rikaH	AByantarikaH
7243	AByudayika	kam	AByudayikam
7247	Ama	m	Amam
7247	Ama	maH	AmaH
7258	Amantrya	tryam	Amantryam
7260	Amandra	ndraH	AmandraH
7261	AmayaH	yam	Amayam
7266	AmalakaH	kam	Amalakam
7271	AmAvAsya	syam	AmAvAsyam
7286	AmuKam	Kam	AmuKam
7288	Amukta	ktam	Amuktam
7289	AmuktiH	kti	Amukti
7305	Amoda	daH	AmodaH
7306	Amodana	nam	Amodanam
7310	Amoza	zaH	AmozaH
7314	AmnAta	tam	AmnAtam
7323	AmBasika	kaH	AmBasikaH
7324	AmraH	mram	Amram
7325	AmrAtaH	tam	AmrAtam
7331	Amreqita	tam	Amreqitam
7332	AmlaH	mlam	Amlam
7332	AmlaH	paYcakam	AmlapaYcakam
7332	AmlaH	vetasaH	AmlavetasaH
7340	AyaHSUlika	kaH	AyaHSUlikaH
7356	Ayata	taH	AyataH
7356	Ayata	tam	Ayatam
7369	Ayasta	stam	Ayastam
7373	Ayasa	sI	AyasI
7373	Ayasa	sam	Ayasam
7376	AyAta	tam	AyAtam
7382	Ayu	yuH	AyuH
7384	Ayukta	ktaH	AyuktaH
7387	Ayuta	tam	Ayutam
7389	AyuDaH	Dam	AyuDam
7390	AyuDika	kaH	AyuDikaH
7391	AyuDin	DI	AyuDI
7391	AyuDin	DIyaH	AyuDIyaH
7397	Ayuzya	zyam	Ayuzyam
7399	AyogavaH	vI	AyogavI
7402	AraH	raH	AraH
7402	AraH	rA	ArA
7404	Arakza	kzaH	ArakzaH
7404	Arakza	kzA	ArakzA
7407	AragvaDaH	Dam	AragvaDam
7411	AraRam	jAH	AraRajAH
7413	AraReya	yaH	AraReyaH
7413	AraReya	yam	AraReyam
7414	AraRya	RyaH	AraRyaH
7414	AraRya	Ryam	AraRyam
7415	AraRyaka	kaH	AraRyakaH
7415	AraRyaka	kam	AraRyakam
7419	ArabDa	bDam	ArabDam
7421	AraBawaH	waH	AraBawaH
7421	AraBawaH	wI	AraBawI
7421	AraBawaH	wI	AraBawI
7431	ArAma	maH	ArAmaH
7444	ArADanam	nA	ArADanA
7444	ArADanam	nI	ArADanI
7460	AruH	ruH	AruH
7467	AruRi	RiH	AruRiH
7477	Aruha	haH	AruhaH
7478	ArUQa	Qam	ArUQam
7487	Arohaka	kaH	ArohakaH
7491	ArU	rU	ArU
7493	ArevataH	tam	Arevatam
7499	Arkza	rkzaH	ArkzaH
7504	ArGya	rGyam	ArGyam
7507	Arcika	kam	Arcikam
7508	ArcIka	kaH	ArcIkaH
7510	ArjIka	kaH	ArjIkaH
7511	ArjIkIya	yA	ArjIkIyA
7519	Artava	vaH	ArtavaH
7519	Artava	vI	ArtavI
7519	Artava	vam	Artavam
7527	Ardra	rdrA	ArdrA
7529	Ardraka	kam	Ardrakam
7534	ArDika	kaH	ArDikaH
7538	Arya	ryaH	AryaH
7538	Arya	ryA	AryA
7538	Arya	ryam	Aryam
7539	AryakaH	kam	Aryakam
7544	Arza	rzaH	ArzaH
7544	Arza	rzA	ArzA
7544	Arza	rzam	Arzam
7546	Arzeya	yam	Arzeyam
7550	Arhata	taH	ArhataH
7550	Arhata	tam	Arhatam
7553	Ala	laH	AlaH
7553	Ala	lam	Alam
7562	AlApaH	pA	AlApA
7563	AlApana	nam	AlApanam
7565	AlApin	nI	AlApinI
7574	Alamba	baH	AlambaH
7574	Alamba	bA	AlambA
7582	Alasya	syam	Alasyam
7589	Ali	liH	AliH
7589	Ali	liH	AliH
7589	Ali	lI	AlI
7592	AleKanam	nI	AleKanI
7592	AleKanam	nam	AleKanam
7592	AleKanam	naH	AleKanaH
7593	AleKya	Kyam	AleKyam
7597	AliNgita	taH	AliNgitaH
7597	AliNgita	tam	AliNgitam
7606	Alepa	paH	AlepaH
7606	Alepa	panam	Alepanam
7610	AlayaH	yam	Alayam
7611	AlIna	nam	AlInam
7611	AlIna	nakam	AlInakam
7612	AlIQa	Qam	AlIQam
7615	AluH	luH	AluH
7615	AluH	lu	Alu
7616	AlukaH	kam	Alukam
7631	Alokita	tam	Alokitam
7634	Alocaka	kam	Alocakam
7636	Alola	laH	AlolaH
7644	Avantika	kaH	AvantikaH
7645	Avantya	tyaH	AvantyaH
7647	Avapanam	nI	AvapanI
7649	AvApa	paH	AvApaH
7653	AvayaH	yaH	AvayaH
7653	AvayaH	yA	AvayA
7653	AvayaH	yam	Avayam
7665	AvaSyaka	kam	AvaSyakam
7670	AvasaTika	kaH	AvasaTikaH
7671	AvasaTya	TyaH	AvasaTyaH
7671	AvasaTya	TyaH	AvasaTyaH
7671	AvasaTya	Tyam	AvasaTyam
7671	AvasaTya	Tyam	AvasaTyam
7675	Avasita	tam	Avasitam
7679	Avaha	haH	AvahaH
7683	AvAhanam	nI	AvAhanI
7686	Avika	kam	Avikam
7688	Avigna	gnaH	AvignaH
7694	Avedaka	kaH	AvedakaH
7697	Avedita	taH	AveditaH
7697	Avedita	tam	Aveditam
7708	AveSika	kaH	AveSikaH
7708	AveSika	kam	AveSikam
7722	AvIta	tam	AvItam
7724	AvIracUrRaH	rRam	AvIracUrRam
7728	Avaraka	kam	Avarakam
7729	AvaraRa	Ram	AvaraRam
7735	Avfta	taH	AvftaH
7740	Avarjita	tam	Avarjitam
7742	AvartaH	rtam	Avartam
7743	Avartaka	kaH	AvartakaH
7743	Avartaka	kI	AvartakI
7744	Avartana	nam	Avartanam
7744	Avartana	naH	AvartanaH
7744	Avartana	nI	AvartanI
7745	Avartin	nI	AvartinI
7747	Avftta	ttam	Avfttam
7751	AvegaH	gI	AvegI
7758	AvidDa	dDam	AvidDam
7760	AvyADin	nI	AvyADinI
7765	ASa	SaH	ASaH
7769	ASita	tama	ASitam
7771	ASitaMBava	vam	ASitaMBavam
7788	ASaNkita	tam	ASaNkitam
7790	ASana	naH	ASanaH
7802	ASAsya	syam	ASAsyam
7808	ASira	raH	ASiraH
7812	ASu	SuH	ASuH
7812	ASu	Su	ASu
7816	ASuSukzaRi	RiH	ASuSukzaRiH
7821	ASOcam	nirRayaH	ASocanirRayaH
7823	AScarya	ryam	AScaryam
7825	AScotana	nam	AScotanam
7826	ASma	SmaH	ASmaH
7827	ASmana	naH	ASmanaH
7828	ASmarika	kaH	ASmarikaH
7839	ASrayaRa	Ram	ASrayaRam
7841	ASrayin	ASrayin	ASrayin
7842	ASrita	taH	ASritaH
7842	ASrita	tam	ASritam
7845	ASrava	vaH	ASravaH
7847	ASruta	tam	ASrutam
7852	ASlezaH	zAH	ASlezAH
7854	ASva	Svam	ASvam
7855	ASvatTa	tTA	ASvatTA
7855	ASvatTa	tTam	ASvatTam
7857	ASvameDika	kam	ASvameDikam
7858	ASvayuja	jaH	ASvayujaH
7858	ASvayuja	jI	ASvayujI
7861	ASvalakzaRika	kaH	ASvalakzaRikaH
7862	ASvika	kaH	ASvikaH
7863	ASvina	naH	ASvinaH
7863	ASvina	nI	ASvinI
7863	ASvina	nam	ASvinam
7863	ASvina	cihnitam	ASvinacihnitam
7865	ASvIna	naH	ASvInaH
7865	ASvIna	nam	ASvInam
7867	ASvalAyanaH	SAKA	ASvalAyanaSAKA
7870	ASvAsaka	kaH	ASvAsakaH
7874	AzAQaH	QA	AzAQA
7874	AzAQaH	QI	AzAQI
7879	Azwram	zwrA	AzwrA
7883	AsaH	sam	Asam
7884	Asanam	nA	AsanA
7884	Asanam	nI	AsanI
7885	Asita	tam	Asitam
7889	AsaMsAra	ram	AsaMsAram
7889	AsaMsAra	ti	AsaMsArati
7894	Asakta	ktam	Asaktam
7895	AsaktiH	kti	Asakti
7896	AsaNga	gaH	AsaNgaH
7896	AsaNga	Ngam	AsaNgam
7896	AsaNga	Ngam	AsaNgam
7903	Asanna	nnaH	AsannaH
7911	AsandaH	ndI	AsandI
7926	Asecana	nam	Asecanam
7926	Asecana	nI	AsecanI
7937	Asura	raH	AsuraH
7937	Asura	rI	AsurI
7937	Asura	ram	Asuram
7938	AsuriH	kalpaH	AsurikalpaH
7944	Asevita	tam	Asevitam
7952	Astika	kaH	AstikaH
7954	AstIka	kaH	AstIkaH
7954	AstIka	kam	AstIkam
7958	AstaraRa	Ram	AstaraRam
7967	AsTAnam	nI	AsTAnI
7985	AsPowaH	wA	AsPowA
7986	AsPowaka	kaH	AsPowakaH
7987	AsPowanam	nI	AsPowanI
7989	AsPotaH	tA	AsPotA
7989	AsPotaH	takA	AsPotakA
7991	Asya	syam	Asyam
7998	AsrAva	vaH	AsrAvaH
8000	Asru	payas	Asrupayas
8002	AsvAda	daH	AsvAdaH
8012	Ahata	taH	AhataH
8012	Ahata	tam	Ahatam
8014	Ahatya	vacanam	Ahatyavacanam
8014	Ahatya	vAdaH	AhatyavAdaH
8030	AhavanIya	yaH	AhavanIyaH
8031	AhavanIyaka	kaH	AhavanIyakaH
8033	Ahuta	tam	Ahutam
8036	AhukaH	kAH	AhukAH
8039	Ahara	raH	AharaH
8040	AharaRa	Ram	AharaRam
8042	AhAra	raH	AhAraH
8045	AhArya	ryaH	AhAryaH
8045	AhArya	ryam	AhAryam
8045	AhArya	SoBA	AhAryaSoBA
8049	Ahna	hnam	Ahnam
8049	Ahna	AhnInEbukam	AhnInEbukam
8050	Ahnika	kam	Ahnikam
8050	Ahnika	candrikA	AhnikacandrikA
8050	Ahnika	dIpikA	AhnikadIptikA
8050	Ahnika	pradIpa	AhnikapradIpa
8050	Ahnika	maYjarI	AhnikamaYjarI
8052	AhlAdana	nam	AhlAdanam
8061	AhavaH	BUmiH	AhavaBUmiH
8065	AhUta	tam	AhUtam
8067	Ahva	hvA	AhvA
8069	Ahvayana	nam	Ahvayanam
8073	AhvAyaka	kaH	AhvAyakaH
8078	ita	tam	itam
8080	itya	tyA	ityA
8082	itvara	raH	itvaraH
8082	itvara	rI	itvarI
8092	ikzvAkuH	kuH	ikzvAkuH
8096	iNga	gaH	iNgaH
8096	iNga	NgA	iNgA
8096	iNga	Ngam	iNgam
8098	iNgita	tam	iNgitam
8101	iNgudaH	dam	iNgudam
8106	ijya	jyaH	ijyaH
8106	ijya	jyA	ijyA
8159	ina	naH	inaH
8176	indraH	drA	indrA
8184	indriya	yaH	indriyaH
8184	indriya	yam	indriyam
8187	idDa	dDam	idDam
8188	iDmaH	Dmam	iDmam
8190	inDa	DaH	inDaH
8191	inDana	nam	inDanam
8196	iBaH	BI	iBI
8199	iBya	ByaH	iByaH
8199	iBya	ByA	iByA
8205	iyattaka	kA	iyattakA
8212	irammada	daH	irammadaH
8216	irAvat	tI	irAvatI
8218	iriRam	RaH	iriRaH
8226	irvAru	ruH	irvAruH
8230	ilava	vaH	ilavaH
8232	ila	lA	ilA
8244	icCaka	kaH	icCakaH
8259	izira	raH	iziraH
8259	izira	ram	iziram
8260	izwa	zwaH	izwaH
8260	izwa	zwA	izwA
8260	izwa	zwam	izwam
8265	izma	zmaH	izmaH
8271	izuka	kA	izukA
8292	IkzaRam	Sravas	IkzaRaSravas
8293	IkzaRikaH	kA	IkzaRikA
8297	Ikzita	tam	Ikzitam
8311	Iti	tiH	ItiH
8312	Idfkza	k	Idfk
8316	Ipsita	tam	Ipsitam
8316	Ipsita	Palam	IpsitaPalam
8321	IraH	jaH	IrajaH
8321	IraH	putraH	IraputraH
8322	IraRa	RaH	IraRaH
8322	IraRa	Ram	IraRam
8325	Irya	ryA	IryA
8326	IriRa	Ram	IriRam
8328	Irma	rmaH	IrmaH
8328	Irma	rmam	Irmam
8337	IlinaH	nI	IlinI
8341	ISa	SaH	ISaH
8341	ISa	SA	ISA
8344	ISAna	naH	ISAnaH
8344	ISAna	nI	ISAnI
8344	ISAna	nI	ISAnI
8344	ISAna	naH	ISAnaH
8344	ISAna	nam	ISAnam
8349	ISin	nI	ISinI
8350	ISvara	raH	ISvaraH
8350	ISvara	rA	ISvarA
8350	ISvara	rI	ISvarI
8350	ISvara	rI	ISvarI
8354	IzaRa	RA	IzaRA
8356	IzA	ze	Ize
8365	Ihita	tam	Ihitam
8373	ukTam	kTaH	ukTaH
8373	ukTam	kTA	ukTA
8375	ukTya	kTyaH	ukTyaH
8382	ukzAla	laH	ukzAlaH
8385	uKaH	KA	uKA
8386	uKya	KyaH	uKyaH
8390	ugra	graH	ugraH
8390	ugra	grA	ugrA
8390	ugra	grI	ugrI
8390	ugra	gram	ugram
8396	ucita	jYa	ucitajYa
8399	ucca	ccaH	uccaH
8414	uccAwanam	naH	uccAwanaH
8421	uccarita	tam	uccaritam
8424	uccArita	tam	uccAritam
8452	ucCinna	nnaH	ucCinnaH
8457	ucCilInDra	nDram	ucCilInDram
8459	ucCizwa	zwam	ucCizwam
8461	ucCIrzaka	kam	ucCIrzakam
8464	ucCozaRa	Ram	ucCozaRam
8475	ucCrayaH	yI	ucCrayI
8476	ucCrayaRa	Ram	ucCrayaRam
8485	ucCvasita	tam	ucCvasitam
8497	ujjeza	zaH	ujjezaH
8505	ujjfmBa	mBaH	ujjfmBaH
8507	ujjfmBita	tam	ujjfmBitam
8508	ujjya	jjyam	ujjyam
8510	ujjvala	laH	ujjvalaH
8510	ujjvala	lA	ujjvalA
8510	ujjvala	lam	ujjvalam
8521	uYCaH	YCam	uYCam
8527	uqumbaraH	ram	uqumbaram
8528	uqUpaH	priyA	uqUpapriyA
8529	uqqAmara	tantra	uqqAmaratantra
8534	uqqIna	nam	uqqInam
8545	uta	Aho	utAho
8545	uta	Ahosvit	utAhosvit
8549	utka	tkaH	utkaH
8558	utkawa	waH	utkawaH
8558	utkawa	wAH	utkawAH
8558	utkawa	wam	utkawam
8561	utkaRWa	RWaH	utkaRWaH
8561	utkaRWa	RWA	utkaRWA
8564	utkaRWita	tA	utkaRWitA
8565	utkanDara	ram	utkanDaram
8567	utkampa	mpaH	utkampaH
8567	utkampa	mpanam	utkampanam
8571	utkarRa	rRaH	utkarRaH
8572	utkala	laH	utkalaH
8591	utkUla	lam	utkUlam
8598	utkarza	rzaH	utkarzaH
8600	utkarzaRam	RI	utkarzaRI
8605	utkara	raH	utkaraH
8616	utkocaka	kaH	utkocakaH
8629	utkruzwa	zwam	utkruzwam
8634	utkleSaka	kaH	utkleSakaH
8640	utkzipta	ptaH	utkziptaH
8642	utkzepa	paH	utkzepaH
8643	utkzepaka	kaH	utkzepakaH
8647	utKAta	tam	utKAtam
8665	uttapta	ptam	uttaptam
8670	uttama	maH	uttamaH
8670	uttama	mA	uttamA
8677	uttara	raH	uttaraH
8677	uttara	rA	uttarA
8677	uttara	ram	uttaram
8677	uttara	ram	uttaram
8687	uttaraNga	raH	UttaraNgaraH
8692	uttAla	laH	uttAlaH
8692	uttAla	lam	uttAlam
8697	uttejita	tam	uttejitam
8705	uttaraRa	Ram	uttaraRam
8706	uttAra	raH	uttAraH
8708	uttAraRa	RaH	uttAraRaH
8708	uttAraRa	Ram	uttAraRam
8722	utTa	tTaH	utTaH
8724	utTAna	nam	utTAnam
8725	utTApaka	kaH	utTApakaH
8726	utTApanam	nI	utTApanI
8729	utTita	tam	utTitam
8749	utpAtaka	kaH	utpAtakaH
8752	utpaTaH	Tam	utpaTam
8756	utpAda	daH	utpAdaH
8757	utpAdaka	kaH	utpAdakaH
8757	utpAdaka	kam	utpAdakam
8758	utpAdana	nam	utpAdanam
8763	utpala	lI	utpalI
8763	utpala	lam	utpalam
8764	utpalin	nI	utpalinI
8771	utpizwa	zwam	utpizwam
8773	utpIqa	qaH	utpIqaH
8779	utpulaka	kam	utpulakam
8785	utpraBa	BaH	utpraBaH
8792	utprekzA	avayavaH	utprekzAvyayaH
8795	utplavaH	vA	utplavA
8801	utPulla	llam	utPullam
8807	utsaNgaH	gam	utsaNgam
8810	utsaNgin	nI	utsaNginI
8819	utsAdanIya	yam	utsAdanIyam
8833	utsuka	kaH	utsukaH
8856	utsarpin	RI	utsarpiRI
8857	utseDa	DaH	utseDaH
8857	utseDa	Dam	utseDam
8865	utsvana	naH	utsvanaH
8875	udakya	kyA	udakyA
8884	udac	k	udak
8890	udIcya	cyam	udIcyam
8899	udanya	nyA	udanyA
8903	udanta	ntaH	udantaH
8915	udarin	RI	udariRI
8916	udarya	ryam	udaryam
8935	udAtta	ttaH	udAttaH
8935	udAtta	ttam	udAttam
8942	udAra	ram	udAram
8942	udAra	raH	udAraH
8944	udAraTi	TiH	udAraTiH
8946	udAvartaH	rtA	udAvartA
8949	udAsa	saH	udAsaH
8949	udAsa	sin	udAsibn
8951	udAsIna	naH	udAsInaH
8952	udAsTita	taH	udAsTitaH
8960	udaya	yaH	udayaH
8961	udayanam	naH	udayanaH
8962	udayanIya	yA	udayanIyA
8964	udita	tam	uditam
8971	udIpa	paH	udIpaH
8974	udIrRa	rRaH	udIrRaH
8977	udumbala	laH	udumbalaH
8983	udejaya	yA	udejayA
8988	udgata	tA	udgatA
8992	udgamanIya	yam	udgamanIyam
8994	udgAQa	Qam	udgAQam
9001	udgArin	riH	udgAriH
9012	udgranTa	TaH	udgranTaH
9029	udGAwana	nam	udGAwanam
9038	udGuzwa	zwam	udGuzwam
9045	uddaRqa	RqaH	uddaRqaH
9052	uddAma	maH	uddAmaH
9052	uddAma	mam	uddAmam
9054	uddalana	naH	uddalanaH
9056	uddAlakaH	kam	uddAlakam
9063	uddeSaka	kaH	uddeSakaH
9065	uddeSya	Syam	uddeSyam
9069	uddIpaH	pam	uddIpam
9070	uddIpaka	kaH	uddIpakaH
9070	uddIpaka	kA	uddIpakA
9073	uddIpra	praH	uddIpraH
9073	uddIpra	pram	uddIpram
9080	uddyota	taH	uddyotaH
9082	uddrAva	vaH	uddrAvaH
9084	udData	taH	udDataH
9088	udDarza	rzaH	udDarzaH
9089	udDarzaRa	Ram	udDarzaRam
9095	udDAna	nam	udDAnam
9098	udDAnta	taH	udDAntaH
9101	udDUta	tam	udDUtam
9112	udDAraH	rA	udDArA
9112	udDAraH	ram	udDAram
9118	udDama	maH	udDamaH
9124	udbanDa	nDaH	udbanDaH
9124	udbanDa	nDanam	udbanDanam
9124	udbanDa	nDanI	udbanDanI
9134	udboDaka	kaH	udboDakaH
9137	udBawa	waH	udBawaH
9137	udBawa	tvam	udBawatvam
9144	udBida	dam	udBidam
9157	udBrAnta	ntam	udBrAntam
9161	udyata	taH	udyataH
9184	udraH	dram	udram
9192	udrekaH	kA	udrekA
9213	udvasa	sam	udvasam
9216	udvaha	haH	udvahaH
9216	udvaha	hA	udvahA
9219	udvAhana	nam	udvAhanam
9219	udvAhana	nI	udvAhanI
9222	udvAhin	nI	udvAhinI
9226	udvAna	nam	udvAnam
9231	udvigna	dfS	udvignadfS
9232	udvega	gaH	udvegaH
9232	udvega	gam	udvegam
9234	udvejana	nam	udvejanam
9243	udvarta	rtaH	udvartaH
9244	udvartaka	kaH	udvartakaH
9247	udvftta	ttaH	udvfttaH
9247	udvftta	ttam	udvfttam
9254	udvela	laH	udvelaH
9256	udvellita	tam	udvellitam
9257	udvezwa	zwaH	udvezwaH
9258	udvezwana	nam	udvezwanam
9272	unnata	taH	unnataH
9272	unnata	tam	unnatam
9285	unnAhaH	ham	unnAham
9286	unnABa	BaH	unnABaH
9292	unnayana	nam	unnayanam
9298	unmajjaka	kaH	unmajjakaH
9299	unmajjanam	naH	unmajjanaH
9303	unmaTana	nam	unmaTanam
9305	unmanTaka	kaH	unmanTakaH
9307	unmATa	TaH	unmATaH
9310	unmatta	ttaH	unmattaH
9312	unmada	daH	unmadaH
9315	unmAda	daH	unmAdaH
9317	unmAdana	naH	unmAdanaH
9333	unmeya	yam	unmeyam
9334	unmArga	rgaH	unmArgaH
9334	unmArga	rgam	unmArgam
9339	unmiza	zaH	unmizaH
9340	unmizita	tam	unmizitam
9345	unmIlita	tam	unmIlitam
9365	upakakza	kzam	upakakzam
9366	upakaRWa	RWaH	upakaRWaH
9366	upakaRWa	RWam	upakaRWam
9381	upakumBa	Bam	upakumBam
9385	upakUjita	tam	upakUjitam
9386	upakUpam	paH	upakUpaH
9392	upakAraH	rI	upakArI
9396	upakArya	ryA	upakAryA
9397	upakurvARa	RaH	upakurvARaH
9398	upakfta	tam	upakftam
9414	upakramaRIya	yam	upakramaRIyam
9425	upakzaya	yaH	upakzayaH
9425	upakzaya	yam	upakzayam
9434	upagaRa	RaH	upagaRaH
9438	upagata	tam	upagatam
9445	upagiri	riH	upagiriH
9446	upagu	guH	upaguH
9448	upaguruH	ru	upaguru
9450	upagUQa	Qam	upagUQam
9452	upagohya	hyaH	upagohyaH
9468	upagrAhya	hyaH	upagrAhyaH
9480	upacara	raH	upacaraH
9482	upacarya	ryA	upacaryA
9486	upacArya	ryaH	upacAryaH
9486	upacArya	ryam	upacAryam
9508	upajanaH	nam	upajanam
9510	upajAta	˚Keda	upajAtaKeda
9522	upajIka	kaH	upajIkaH
9524	upajIva	vA	upajIvA
9525	upajIvaka	kam	upajIvakam
9527	upajIvya	vyaH	upajIvyaH
9527	upajIvya	vyam	upajIvyam
9529	upajozaH	zam	upajozam
9538	upatawaH	wam	upatawam
9557	upadaMSaH	nam	upadaMSanam
9564	upadA	dA	upadA
9574	upadizwa	zwam	upadizwam
9576	upadeSaka	kaH	upadeSakaH
9578	upadeSanam	nA	upadeSanA
9585	upadarSaka	kaH	upadarSakaH
9596	upadruta	tam	upadrutam
9602	upaDAna	nam	upaDAnam
9602	upaDAna	nI	upaDAnI
9604	upaDAnIya	yam	upaDAnIyam
9612	upaDAvanaH	nam	upaDAvanam
9614	upaDUpita	taH	upaDUpitaH
9614	upaDUpita	tA, upaDUmitA	upaDUpitA
9620	upaDmAnaH	nam	upaDmAnam
9673	upanAyaka	kaH	upanAyakaH
9675	upanIta	taH	upanItaH
9684	upanyasta	stam	upanyastam
9697	upapAduka	kaH	upapAdukaH
9700	upaparcana	nam	upaparcanam
9712	upapuram	rI	upapurI
9728	upapluta	tA	upaplutA
9736	upabdaH	upadbiH	upadbiH
9744	upaBogya	gyam	upaBogyam
9765	upameya	yam	upameyam
9766	upamAtiH	tiH	upamAtiH
9769	upamAda	daH	upamAdaH
9771	upamAsya	syam	upamAsyam
9775	upamardaka	kaH	upamardakaH
9786	upayamanam	nI	upayamanI
9789	upayAta	tam	upayAtam
9795	upayAcita	tam	upayAcitam
9799	upayukta	ktaH	upayuktaH
9805	upara	raH	uparaH
9808	uparakta	ktaH	uparaktaH
9830	uparudDa	dDaH	uparudDaH
9832	uparoDaka	kam	uparoDakam
9836	upalaH	lA	upalA
9842	upalakzya	kzyaH	upalakzyaH
9886	upavAsa	saH	upavAsaH
9887	upavAsaka	kam	upavAsakam
9890	upozita	tam	upozitam
9892	upoQa	QA	upoQA
9907	upavizwa	ka	upavizwaka
9912	upavizaH	zA	upavizA
9940	upaSalyam	lyaH	upaSalyaH
9944	upaSAlam	lam	upaSAlam
9950	upaSaya	yaH	upaSayaH
9950	upaSaya	yA	upaSayA
9950	upaSaya	sTa	upaSayasTa
9969	upaSvasa	saH	upaSvasaH
10001	upasada	daH	upasadaH
10017	upasaMpanna	nnam	upasaMpannam
10026	upasUryakam	kaH	upasUryakaH
10028	upasara	raH	upasaraH
10035	upasfzwa	zwaH	upasfzwaH
10035	upasfzwa	zwam	upasfzwam
10041	upasecana	nam, upasekaH	upasecanam
10041	upasecana	nI	upasecanI
10056	upastamBaka	tA	upastamBakatA
10068	upasTa	sTaH	upasTaH
10068	upasTa	sTaH	upasTaH
10068	upasTa	sTam	upasTam
10073	upasTApanam	nA	upasTApanA
10076	upasTita	taH	upasTitaH
10076	upasTita	tam	upasTitam
10078	upasnehaH	tA	upasnehatA
10099	upahasita	tam	upahasitam
10101	upahAsaka	kaH	upahAsakaH
10101	upahAsaka	kam	upahAsakam
10115	upahvaraH	raH	upahvaraH
10122	upAMSu	SuH	upAMSuH
10122	upAMSu	tvam	upAMSutvam
10123	upAka	ke	upAke
10127	upAkfta	taH	upAkftaH
10127	upAkfta	tam	upAkftam
10140	upANgaH	gam	upANgam
10142	upAcarita	taH	upAcaritaH
10149	upAtta	ttaH	upAttaH
10152	upAdikaH	kA	upAdikA
10156	upAhita	taH	upAhitaH
10157	upADyAyaH	yA	upADyAyA
10157	upADyAyaH	yI	upADyAyI
10163	upAnta	taH	upAntaH
10164	upAntika	kam	upAntikam
10166	upAntya	tyaH	upAntyaH
10166	upAntya	ntyam	upAntyam
10170	upAyAta	tam	upAyAtam
10194	upAvftta	ttaH	upAvfttaH
10208	upAsya	tA	upAsyatA
10208	upAsya	tvam	upAsyatvam
10226	upeya	yaH	upeyaH
10239	upottama	mam	upottamam
10240	upodaka	kaH	upodakaH
10240	upodaka	kam	upodakam
10240	upodaka	kI	upodakI
10240	upodaka	dikA	upodikA
10240	upodaka	dIkA	upodIkA
10270	ura	raH	uraH
10271	uragaH	gA	uragA
10271	uragaH	gI	uragI
10273	uraRaH	RI	uraRI
10286	urasya	syaH	urasyaH
10327	ulapya	pyaH	ulapyaH
10333	ulUkaH	kam	ulUkam
10333	ulUkaH	jit	ulUkajit
10333	ulUkaH	yAtuH	ulUkayAtuH
10334	ulUKalaH	lam	ulUKalam
10347	ulbaRa	RaH	ulbaRaH
10347	ulbaRa	Ram	ulbaRam
10365	ullAsana	nam	ullAsanam
10365	ullAsana	nA	ullAsanA
10368	ullAGa	GaH	ullAGaH
10372	ullApika	kaH	ullApikaH
10388	ullola	laH	ullolaH
10402	uSIraH	rI	uSIrI
10405	uza	zaH	uzaH
10406	uzaRam	RA	uzaRA
10408	uzita	tam	uzitam
10409	uzRa	zRaH	uzRaH
10409	uzRa	zRam	uzRam
10409	uzRa	zRaH	uzRaH
10409	uzRa	zRA	uzRA
10410	uzRaka	kaH	uzRakaH
10419	uzas	sI	uzasI
10426	uzwraH	zwrI	uzwrI
10433	usra	sraH	usraH
10433	usra	srA	usrA
10435	usrikaH	kA	usrikA
10436	usriya	yaH	usriyaH
10436	usriya	yA	usriyA
10458	Uma	maH	UmaH
10468	UrjaH	rjA	UrjA
10468	UrjaH	rjam	Urjam
10474	Urjasvin	nI	UrjasvinI
10475	Urjita	tam	Urjitam
10479	UrRAyu	yuH	UrRAyuH
10482	Urdaram	raH	UrdaraH
10483	UrDva	rDvam	UrDvam
10483	UrDva	rDvam	UrDvam
10490	Urmya	rmyA	UrmyA
10491	Urva	rvaH	UrvaH
10492	Urvya	rvyaH	UrvyaH
10499	UzaH	zI	UzI
10501	UzaRaH	Ram	UzaRam
10501	UzaRaH	RA	UzaRA
10502	Uzara	raH	UzaraH
10502	Uzara	ram	Uzaram
10506	Uzma	zmaH	UzmaH
10513	Uha	haH	UhaH
10517	Uhin	nI	UhinI
10519	f	fH	fH
10525	fkzaH	kzaH	fkzaH
10525	fkzaH	kzam	fkzam
10525	fkzaH	kzAH	fkkzAH
10525	fkzaH	kzA	fkzA
10525	fkzaH	kzI	fkzI
10527	fkzIka	kA	fkzIkA
10528	fkzaraH	rA	fkzarA
10528	fkzaraH	ram	fkzaram
10539	fcIzaH	zam	fcIzam
10546	fjIka	kaH	fjIkaH
10546	fjIka	kam	fjIkam
10548	fjIza	zam	fjIzam
10561	fYjasAna	naH	fYjasAnaH
10563	fRa	Ram	fRam
10568	fta	tam	ftam
10568	fta	taH	ftaH
10568	fta	tam	ftam
10569	ftaMBaraH	rA	ftaMBarA
10583	ftumat	tI	ftumatI
10591	fdDa	dDaH	fdDaH
10591	fdDa	dDam	fdDam
10599	fBu	BuH	fBuH
10608	fSya	SyaH	fSyaH
10608	fSya	Syam	fSyam
10610	fzaBaH	BAH	fzaBAH
10610	fzaBaH	BI	fzaBI
10619	fzu	zuH	fzuH
10622	fzyaH	zyam	fzyam
10624	fzva	zvaH	fzvaH
10632	eka	kaH	ekaH
10632	eka	kA	ekA
10634	ekaka	Satam	ekakaSatam
10637	ekatas	dat	ekatadat
10646	ekAdaSa	SI	ekAdaSI
10646	ekAdaSa	Sam	ekAdaSam
10666	eqa	qaH	eqaH
10667	eqakaH	kA	eqakA
10671	eta	taH	etaH
10671	eta	tA	etA
10673	etagva	gvaH	etagvaH
10674	etaSa	SaH	etaSaH
10689	eDatu	tuH	eDatuH
10698	ema	maH, eman	emaH
10699	erakA	kam	erakam
10701	eraRqaH	RqA	eraRqA
10713	eva	vaH	evaH
10716	evAvada	daH	evAvadaH
10718	eza	zaH	ezaH
10718	eza	zA	ezA
10719	ezaRa	RaH	ezaRaH
10719	ezaRa	Ram	ezaRam
10719	ezaRa	RA	ezaRA
10719	ezaRa	RI	ezaRI
10726	ezwavya	vyam	ezwavyam
10741	Ekapadika	kam	Ekapadikam
10758	EkAntika	ke	EkAntike
10764	Ekzava	vam	Ekzavam
10766	Ekzuka	kaH	EkzukaH
10768	EkzvAka	kaH	EkzvAkaH
10768	EkzvAka	kuH	EkzvAkuH
10769	ENguda	dam	ENgudam
10771	Eqa	qaH	EqaH
10772	Eqaka	kaH	EqakaH
10777	EReya	yaH	EReyaH
10777	EReya	yam	EReyam
10779	Etareya	yaH	EtareyaH
10779	Etareya	yam	Etareyam
10782	EtihAsika	kaH	EtihAsikaH
10788	Endava	vaH	EndavaH
10788	Endava	vI	EndavI
10788	Endava	vam	Endavam
10790	Endra	ndraH	EndraH
10790	Endra	ndrI	EndrI
10790	Endra	ndram	Endram
10791	EndrajAlika	kaH	EndrajAlikaH
10797	Endriya	yam	Endriyam
10799	EnDana	naH	EnDanaH
10800	Enya	nyaH	EnyaH
10802	EBi	BI	EBI
10806	ErAvataH	tam	ErAvatam
10806	ErAvataH	tI	ErAvatI
10810	ElaH	lam	Elam
10817	ESAna	nI	ESAnI
10818	ESya	Syam	ESyam
10819	ESvara	ram	ESvaram
10819	ESvara	rI	ESvarI
10829	Ehika	kam	Ehikam
10834	okya	kyam	okyam
10837	okulaH	lI	okulI
10844	oja	jam	ojam
10855	oqraH	qraH	oqraH
10855	oqraH	qram	oqram
10857	oRi	RI	oRRI
10861	odanaH	nI	odanI
10869	oman	nA	omanA
10875	ola	laH	olaH
10878	olla	llaH	ollaH
10880	ozaRaH	RI	ozaRI
10884	ozWaH	zWI	ozWI
10885	ozWaka	kaH	ozWakaH
10903	Ojasika	kaH	OjasikaH
10904	Ojasya	syam	Ojasyam
10907	Oqava	vaH	OqavaH
10907	Oqava	vA	OqavA
10909	Oqupika	kaH	OqupikaH
10925	Otpattika	kam	Otpattikam
10927	OtpAtika	kam	OtpAtikam
10935	Odaka	kA	OdakA
10942	Odarya	ryaH	OdaryaH
10943	OdaSvita	tam	OdaSvitam
10949	Odumbara	raH	OdumbaraH
10949	Odumbara	rI	OdumbarI
10949	Odumbara	ram	Odumbaram
10956	OdDArika	kam	OdDArikam
10958	OdBijja	jjam	OdBijjam
10959	OdBida	dam	OdBidam
10962	OdvAhika	kam	OdvAhikam
10972	OpacArika	kam	OpacArikam
10979	OpaDika	kaH	OpaDikaH
10980	OpaDeya	yam	OpaDeyam
10984	OpaniDika	kam	OpaniDikam
10987	Opanizada	daH	OpanizadaH
10992	OpapAtika	kam	OpapAtikam
10998	Opayika	kaH	OpayikaH
10998	Opayika	kam	Opayikam
11001	Oparizwa	kam	Oparizwakam
11003	OparoDika	kaH	OparoDikaH
11010	OpavAhya	hyaH	OpavAhyaH
11019	Opasargika	kaH	OpasargikaH
11025	OpahArika	kam	OpahArikam
11030	OpAsana	naH	OpAsanaH
11036	Oraga	gam	Oragam
11037	OraBra	Bram	OraBram
11039	OraBrika	kaH	OraBrikaH
11040	Orasa	saH	OrasaH
11040	Orasa	sI	OrasI
11047	OrDvadehika	kam	OrDvadehikam
11049	Orva	rvaH	OrvaH
11049	Orva	rvam	Orvam
11058	OSana	sam	OSanasam
11058	OSana	sAH	OSanasAH
11058	OSana	sI	OSanasI
11060	OSInaraH	rI	OSInarI
11064	OzaDa	Dam	OzaDam
11065	OzaDiH	paYcaprakArAH	OzaDipaYcaprakArAH
11065	OzaDiH	pratiniDiH	OzaDipratiniDiH
11069	Ozasa	sI	OzasI
11072	Ozwra	zwram	Ozwram
11073	Ozwraka	kam	Ozwrakam
11075	Ozwrika	kaH	OzwrikaH
11080	kaH	kam	kam
11086	kaMsaH	saH	kaMsaH
11086	kaMsaH	sA	kaMsA
11090	kaMsIya	yam	kaMsIyam
11102	kakudmat	tI	kakudmatI
11107	kakuBa	BaH	kakuBaH
11107	kakuBa	BA	kakuBA
11107	kakuBa	Bam	kakuBam
11108	kakuha	haH	kakuhaH
11113	kakkolaH	lam	kakkolam
11113	kakkolaH	lakam	kakkolakam
11117	kakzaH	kzA	kakzA
11117	kakzaH	kzam	kakzam
11121	kakzya	kzyA	kakzyA
11121	kakzya	kzyam	kakzyam
11126	kaNkaH	NkA	kaNkA
11129	kaNkaRaH	RaH	kaNkaRaH
11129	kaNkaRaH	RI, kaNkaRIkA	kaNkaRI
11131	kaNkataH	taH	kaNkataH
11132	kaNkara	ram	kaNkaram
11135	kaNkAlaH	laH	kaNkAlaH
11149	kacaH	cA	kacA
11153	kacAku	kuH	kacAkuH
11158	kaccara	ram	kaccaram
11166	kacCura	rA	kacCurA
11172	kajjalam	lA(lI)	kajjalA
11172	kajjalam	lI	kajjalI
11188	kaYjaH	Yjam	kaYjam
11197	kawaH	wI	kawI
11197	kawaH	wam	kawam
11198	kawaMBara	rA	kawaMBarA
11205	kawakawa	waH	kawakawaH
11219	kawiH	wI	kawI
11225	kawIraH	ram	kawIram
11227	kawu	wuH	kawuH
11227	kawu	wuH	kawuH
11227	kawu	wu	kawu
11228	kawuka	kaH	kawukaH
11228	kawuka	kA	kawukA
11228	kawuka	kI	kawukI
11228	kawuka	kam	kawukam
11235	kawola	laH	kawolaH
11241	kawvara	ram	kawvaram
11243	kaWaH	WAH	kaWAH
11243	kaWaH	WI	kaWI
11251	kaWina	naH	kaWinaH
11251	kaWina	nA	kaWinA
11251	kaWina	nI	kaWinI
11251	kaWina	nam	kaWinam
11257	kaWera	raH	kaWeraH
11268	kaqaNgarIya	yaH	kaqaNgarIyaH
11274	kaqAra	raH	kaqAraH
11281	kaRaH	RA	kaRA
11281	kaRaH	RI	kaRI
11283	kaRikaH	kA	kaRikA
11293	kaReraH	rA	kaRerA
11293	kaReraH	ruH	kaReruH
11296	kaRwakaH	kaH	kaRwakaH
11296	kaRwakaH	kI	kaRwakI
11296	kaRwakaH	PalaH	kaRwakaPalaH
11297	kaRwakAraH	rI	kaRwakArI
11318	kaRWAlaH	lA	kaRWAlA
11319	kaRWIlaH	laH	kaRWIlaH
11319	kaRWIlaH	lA	kaRWIlA
11321	kaRqanam	nI	kaRqanI
11328	kaRqura	raH	kaRquraH
11332	kaRqUyana	nam	kaRqUyanam
11332	kaRqUyana	nI	kaRqUyanI
11332	kaRqUyana	kaH	kaRqUyanakaH
11337	kaRqUla	laH	kaRqUlaH
11339	kaRqolaH	lI	kaRqolI
11342	kaRva	RvaH	kaRvaH
11342	kaRva	Rvam	kaRvam
11345	kataH	tam	katam
11345	kataH	takam	katakam
11360	katTana	nam	katTanam
11360	katTana	nA	katTanA
11361	katpaya	yam	katpayam
11365	kaTaka	kaH	kaTakaH
11367	kaTana	nam	kaTanam
11375	kaTita	taH	kaTitaH
11375	kaTita	tam	kaTitam
11383	kada	daH	kadaH
11386	kadambaH	mbI	kadambI
11386	kadambaH	mbam	kadambam
11386	kadambaH	kam	kadambakam
11388	kadaraH	raH	kadaraH
11388	kadaraH	ram	kadaram
11388	kadaraH	ram	kadaram
11389	kadalaH	lA	kadalA
11389	kadalaH	lI	kadalI
11394	kadru	druH	kadruH
11394	kadru	druH	kadruH
11394	kadru	drUH	kadrUH
11399	kanakam	kaH	kanakaH
11409	kanizWa	zWaH	kanizWaH
11409	kanizWa	zWA	kanizWA
11410	kanizWaka	zWikA	kanizWikA
11410	kanizWaka	kam	kanizWakam
11413	kanIna	nI	kanInI
11414	kanInakaH	kA	kanInakA
11414	kanInakaH	nikA	kanInikA
11414	kanInakaH	nikam	kanInikam
11416	kanIyasa	sam	kanIyasam
11421	kantu	tuH	kantuH
11424	kandaH	daH	kandaH
11428	kandaraH	raH	kandaraH
11428	kandaraH	rA	kandarA
11428	kandaraH	rIM	kandarIM
11428	kandaraH	ram	kandaram
11431	kandalaH	laH	kandalaH
11431	kandalaH	lam	kandalam
11436	kandukaH	kam	kandukam
11437	kandowaH	wam	kandowam
11440	kanDaraH	rA	kanDarA
11448	kanyasaH	sA	kanyasA
11448	kanyasaH	sI	kanyasI
11452	kanyAmaya	yam	kanyAmayam
11456	kapawaH	wI	kapawI
11459	kapanaH	naH	kapanaH
11459	kapanaH	nA	kapanA
11466	kapAlaH	lam	kapAlam
11466	kapAlaH	lI	kapAlI
11469	kapAlin	nI	kapAlinI
11470	kapiH	piH	kapiH
11472	kapitTaH	tTam	kapitTam
11473	kapila	laH	kapilaH
11473	kapila	lA	kapilA
11474	kapiSa	SaH	kapiSaH
11474	kapiSa	SA	kapiSA
11474	kapiSa	SA	kapiSA
11474	kapiSa	SI	kapiSI
11474	kapiSa	Sam	kapiSam
11482	kapotakaH	kam	kapotakam
11485	kapolaH	lI	kapolI
11493	kabanDaH	nDaH	kabanDaH
11495	kabara	rI	kabarI
11498	kabila	laH	kabilaH
11502	kamana	naH	kamanaH
11508	kamaWaH	WI	kamaWI
11510	kamala	laH	kamalaH
11510	kamala	lI	kamalI
11510	kamala	lam	kamalam
11516	kampaH	pA	kampA
11517	kampana	naH	kampanaH
11517	kampana	nam	kampanam
11520	kampita	tam	kampitam
11523	kambara	raH	kambaraH
11524	kambalaH	lam	kambalam
11529	kambu	mbuH	kambuH
11529	kambu	mbu	kambu
11529	kambu	mbuH	kambuH
11537	kara	raH	karaH
11538	karakaH	kaH	karakaH
11538	karakaH	kaH	karakaH
11538	karakaH	kA	karakA
11538	karakaH	kam	karakam
11542	karawaH	wam	karawam
11542	karawaH	wA	karawA
11542	karawaH	muKam	karawamuKam
11546	karaRa	RaH	karaRaH
11546	karaRa	Ram	karaRam
11546	karaRa	RI	karaRI
11546	karaRa	sutA	karaRasutA
11552	karaBaH	BI	karaBI
11560	karamBaH	mBA	karamBA
11560	karamBaH	vAlukA	karamBavAlukA
11562	karahAwaH	kaH	karahAwakaH
11565	karAla	laH	karAlaH
11565	karAla	lA	karAlA
11565	karAla	lI	karAlI
11565	karAla	lam	karAlam
11566	karAlikaH	kA	karAlikA
11572	karIraH	rA	karIrA
11572	karIraH	rI	karIrI
11579	karuRa	RaH	karuRaH
11579	karuRa	Ram	karuRam
11585	kareRuH	RuH	kareRuH
11585	kareRuH	RUH	kareRUH
11586	kareRukam	kA	kareRukA
11591	karka	rkaH	karkaH
11591	karka	rkA	karkA
11592	karkawaH	wI	karkawI
11593	karkawakaH	kI	karkawakI
11593	karkawakaH	kam	karkawakam
11598	karkaraH	raH	karkaraH
11604	karkaSa	SaH	karkaSaH
11611	karcUraH	ram	karcUram
11615	karRa	rRaH	karRaH
11620	karRika	kaH	karRikaH
11620	karRika	kA	karRikA
11625	karRAwaH	wI	karRAwI
11626	karRikAraH	ram	karRikAram
11632	karta	rtaH	kartaH
11634	kartana	nam	kartanam
11640	kartavya	vyam, kartavyatA	kartavyam
11645	kartva	tvam	kartvam
11647	kardanam	nI	kardanI
11649	kardamaH	mam	kardamam
11655	karparaH	ram	karparam
11664	karbura	raH	karburaH
11664	karbura	rA	karburA
11664	karbura	rI	karburI
11664	karbura	ram	karburam
11666	karbUra	raH	karbUraH
11666	karbUra	rA	karbUrA
11666	karbUra	ram	karbUram
11668	karmaWa	WaH	karmaWaH
11669	karmaRya	RyA	karmaRyA
11669	karmaRya	Ryam	karmaRyam
11678	karvawaH	wam	karvawam
11681	karvara	raH	karvaraH
11681	karvara	rI	karvarI
11681	karvara	ram	karvaram
11682	karSana	naH	karSanaH
11683	karzaH	rzaH	karzaH
11683	karzaH	rzam	karzam
11684	karzaka	kaH	karzakaH
11685	karzaRa	Ram	karzaRam
11688	karzin	RI	karziRI
11693	kala	lA	kalA
11693	kala	lam	kalam
11696	kalana	naH	kalanaH
11696	kalana	nam	kalanam
11696	kalana	nA	kalanA
11702	kalaYjaH	Yjam	kalaYjam
11728	kalApaH	pI	kalApI
11729	kalApakam	kaH	kalApakaH
11742	kaliNga	gAH	kaliNgAH
11742	kaliNga	NgaH	kaliNgaH
11742	kaliNga	NgA	kaliNgA
11742	kaliNga	Ngam	kaliNgam
11743	kaliYjaH	Yjam	kaliYjam
11746	kalila	lam	kalilam
11747	kalukkaH	kkA	kalukkA
11748	kaluza	zaH	kaluzaH
11748	kaluza	zam	kaluzam
11752	kalka	lkaH	kalkaH
11752	kalka	lkam	kalkam
11756	kalpa	lpaH	kalpaH
11756	kalpa	lpA	kalpA
11756	kalpa	lpam	kalpam
11758	kalpanam	nA	kalpanA
11762	kalpita	taH	kalpitaH
11766	kalmaza	zaH	kalmazaH
11766	kalmaza	zam	kalmazam
11766	kalmaza	zaH	kalmazaH
11767	kalmAza	zaH	kalmAzaH
11767	kalmAza	zI	kalmAzI
11767	kalmAza	zam	kalmAzam
11769	kalya	lyam	kalyam
11769	kalya	lyaH	kalyaH
11771	kalyARa	Ram	kalyARam
11771	kalyARa	RaH	kalyARaH
11771	kalyARa	RI	kalyARI
11772	kalyARaka	RikA	kalyARikA
11777	kallola	laH	kallolaH
11782	kavakaH	kam	kavakam
11789	kavara	raH	kavaraH
11789	kavara	ram	kavaram
11789	kavara	raH	kavaraH
11789	kavara	rA	kavarA
11789	kavara	rI	kavarI
11796	kavaza	zaH	kavazaH
11801	kavi	viH	kaviH
11808	kavyam	vyaH	kavyaH
11810	kaSaH	SA	kaSA
11811	kaSya	Syam	kaSyam
11814	kaSipu	puH	kaSipuH
11815	kaSeru	ruH	kaSeruH
11816	kaSerukaH	kA	kaSerukA
11817	kaSmala	lam	kaSmalam
11819	kaSyapaH	paH	kaSyapaH
11821	kaza	zaH	kazaH
11822	kazaRa	Ram	kazaRam
11829	kazAya	yaH	kazAyaH
11829	kazAya	yam	kazAyam
11829	kazAya	yaH	kazAyaH
11836	kazwa	zwam	kazwam
11836	kazwa	zwam	kazwam
11858	kAMsya	syam	kAMsyam
11858	kAMsya	syaH	kAMsyaH
11858	kAMsya	syam	kAMsyam
11859	kAMsyakam	koSI	kAMsyakakoSI
11860	kAkaH	kA	kAkA
11860	kAkaH	kI	kAkI
11860	kAkaH	kAkI	kAkI
11860	kAkaH	kam	kAkam
11863	kAkaruka	kaH	kAkarukaH
11864	kAkalaH	lam	kAkalam
11865	kAkalakaH	kaH	kAkalakaH
11878	kAkolaH	lI	kAkolI
11879	kAkzaH	kzam	kAkzam
11885	kANkzita	tA	kANkzitA
11885	kANkzita	tam	kANkzitam
11888	kAcaH	cam	kAcam
11902	kAYcana	nam	kAYcanam
11902	kAYcana	naH	kAYcanaH
11902	kAYcana	nI	kAYcanI
11903	kAYcanakaH	kam	kAYcanakam
11906	kAYcanIya	yA	kAYcanIyA
11915	kARa	RaH	kARaH
11919	kARqaH	RqI	kARqI
11928	kARvaH	RvAH	kARRvAH
11931	kAtara	raH	kAtaraH
11935	kAtIya	yaH	kAtIyaH
11938	kAtyAyanIya	yaH	kAtyAyanIyaH
11942	kAdambaH	mbam	kAdambam
11945	kAdambaram	rI	kAdambarI
11950	kAnaka	kam	kAnakam
11957	kAnta	taH	kAntaH
11957	kAnta	tam	kAntam
11959	kAntAraH	raH	kAntAraH
11959	kAntAraH	rI	kAntArI
11959	kAntAraH	ram	kAntAram
11969	kApawa	kaH	kApawakaH
11971	kApaTaH	Tam	kApaTam
11972	kApAla	laH	kApAlaH
11972	kApAla	likaH	kapAlikaH
11972	kApAla	lam	kApAlam
11972	kApAla	lI	kApAlI
11976	kApila	laH	kApilaH
11981	kApeya	yam	kApeyam
11982	kApota	tam	kApotam
11982	kApota	taH	kApotaH
11989	kAmaH	mA	kAmA
11989	kAmaH	mam	kAmam
11991	kAmana	nam	kAmanam
11991	kAmana	nA	kAmanA
11996	kAmala	laH	kAmalaH
12001	kAmika	kaH	kAmikaH
12002	kAmita	tam	kAmitam
12003	kAmin	nI	kAminI
12004	kAmuka	kaH	kAmukaH
12004	kAmuka	kA	kAmukA
12004	kAmuka	kI	kAmukI
12005	kAmya	myam	kAmyam
12005	kAmya	myA	kAmyA
12024	kAyaH	yam	kAyam
12024	kAyaH	yaH	kAyaH
12025	kAyaka	kA	kAyakA
12030	kAra	raH	kAraH
12031	kAraka	kam	kArakam
12035	kAraRam	RA	kAraRA
12043	kArita	tA	kAritA
12043	kArita	tam	kAritam
12061	kAru	ruH	kAruH
12066	kArUzAH	zam	kArUzam
12074	kArRa	rRam	kArRam
12074	kArRa	rRaH	kArRaH
12080	kArtika	kaH	kArtikaH
12080	kArtika	kI	kArtikI
12090	kArpAsa	saH	kArpAsaH
12090	kArpAsa	sam	kArpAsam
12090	kArpAsa	sI	kArpAsI
12094	kArmaRa	Ram	kArmaRam
12094	kArmaRa	karman	kArmaRakarman
12096	kArmAntikaH	kam	kArmAntikam
12102	kArmuka	kam	kArmukam
12103	kArya	ryam	kAryam
12111	kArzApaRaH	Ram	kArzApaRam
12113	kArzi	rziH	kArziH
12117	kArzRa	rzRam	kArzRam
12119	kArzRAyasa	sam	kArzRAyasam
12123	kAla	laH	kAlaH
12123	kAla	lA	kAlA
12123	kAla	lI	kAlI
12123	kAla	lam	kAlam
12124	kAlaka	kaH	kAlakaH
12124	kAlaka	kA	kAlakA
12124	kAlaka	kam	kAlakam
12128	kAlika	kaH	kAlikaH
12128	kAlika	kA	kAlikA
12128	kAlika	kam	kAlikam
12132	kAlaYjaraH	rA	kAlaYjarA
12137	kAliNga	NgaH	kAliNgaH
12137	kAliNga	NgAH	kAliNNgAH
12137	kAliNga	Ngam	kAliNgam
12139	kAlinda	ndI	kAlindI
12139	kAlinda	ndam	kAlindam
12141	kAliya	yaH	kAliyaH
12142	kAliyaH	yAH	kAliyAH
12149	kAleya	yam	kAleyam
12149	kAleya	yAH	kAleyAH
12150	kAleyakaH	kam	kAleyakam
12150	kAleyakaH	kaH	kAleyakaH
12156	kAlya	lyA	kAlyA
12156	kAlya	lyam	kAlyam
12158	kAvacika	kam	kAvacikam
12159	kAvAram	rI	kAvArI
12163	kAvya	vyaH	kAvyaH
12163	kAvya	vyA	kAvyA
12163	kAvya	vyAH	kAvvyAH
12163	kAvya	vyam	kAvyam
12165	kASaH	Sam	kASam
12165	kASaH	SaH	kASaH
12170	kASiH	SiH	kASiH
12177	kASmIra	rAH	kASmIrAH
12177	kASmIra	rAH	kASmIrAH
12177	kASmIra	ram	kASmIram
12182	kASyapaH	pI	kASyapI
12182	kASyapaH	pam	kASyapam
12188	kAzAya	yam	kAzAyam
12206	kAhala	laH	kAhalaH
12206	kAhala	lam	kAhalam
12206	kAhala	lam	kAhalam
12206	kAhala	lA	kAhalA
12206	kAhala	lI	kAhalI
12206	kAhala	laH	kAhalaH
12206	kAhala	lA	kAhalA
12206	kAhala	lam	kAhalam
12211	kiMSukaH	kam	kiMSukam
12218	kiNkiraH	ram	kiNkiram
12218	kiNkiraH	rA	kiNkirA
12233	kiRvam	RvaH	kiRvaH
12233	kiRvam	Rvam	kiRvam
12250	kirAtaH	tAH	kirAtAH
12260	kirmIra	raH	kirmIraH
12266	kilakilaH	laH	kilakilaH
12272	kilAsa	sam	kilAsam
12272	kilAsa	sin	kIlAsin
12277	kilbizam	zaH	kilbizaH
12280	kiSoraH	rI	kiSorI
12281	kizkinDaH	nDA	kizkinDA
12281	kizkinDaH	nDyA	kizkinDyA
12282	kizku	zkuH	kizkuH
12284	kIkawa	wAH	kIkawAH
12284	kIkawa	waH	kIkawaH
12285	kIkasa	sam	kIkasam
12288	kIja	jaH	kIjaH
12290	kIwa	waH	kIwaH
12291	kIwaka	kaH	kIwakaH
12297	kInASa	SaH	kInASaH
12298	kIraH	rAH	kIrAH
12298	kIraH	ram	kIram
12304	kIrtanam	nA	kIrtanA
12311	kIlakaH	kam	kIlakam
12313	kIlita	tam	kIlitam
12314	kIlAlaH	lam	kIlAlam
12316	kISa	SaH	kISaH
12330	kukUlaH	lam	kukUlam
12331	kukkuwaH	wI	kukkuwI
12335	kukkura	ram	kukkuram
12343	kucara	raH	kucaraH
12347	kujaH	jA	kujA
12354	kuYcita	tA	kuYcitA
12357	kuYjaraH	rA	kuYjarA
12357	kuYjaraH	rI	kuYjarI
12361	kuwaH	waH	kuwaH
12362	kuwakam	kaH	kuwakaH
12365	kuwapaH	pam	kuwapam
12372	kuwila	lA	kuwilA
12372	kuwila	lam	kuwilam
12376	kuwIraH	ram	kuwIram
12380	kuwumbam	baH	kuwumbaH
12380	kuwumbam	bam	kuwumbam
12381	kuwumbikaH	nI	kuwumbinI
12384	kuwwa	wwaH	kuwwaH
12389	kuwwita	tA	kuwwitA
12391	kuwwAraH	ram	kuwwAram
12392	kuwwima	maH	kuwwimaH
12392	kuwwima	mam	kuwwimam
12402	kuWAraH	raH	kuWAraH
12419	kuqmala	laH	kuqmalaH
12419	kuqmala	m	kuqmalam
12421	kuqyam	qyA	kuqyA
12424	kuRapa	paH	kuRapaH
12424	kuRapa	pam	kuRapam
12424	kuRapa	paH	kuRapaH
12424	kuRapa	pI	kuRapI
12434	kuRqaH	qaH	kuRqaH
12434	kuRqaH	RqA	kuRqA
12439	kuRqalin	nI	kuRqalinI
12446	kuRqira	raH	kuRqiraH
12447	kutapaH	pam	kutapam
12453	kutupaH	paH	kutupaH
12454	kutUhala	lam	kutUhalam
12461	kutsanam	nA	kutsanA
12462	kutsita	tam	kutsitam
12469	kuddAraH	lakam	kuddAlakam
12477	kuntalaH	lAH	kuntalAH
12484	kundaH	ndam	kundam
12484	kundaH	ndaH	kundaH
12492	kopana	nam	kopanam
12492	kopana	nA	kopanA
12493	kopanaka	kaH	kopanakaH
12506	kubja	bjaH	kubjaH
12506	kubja	bjA	kubjA
12514	kumAraH	ram	kumAram
12522	kumudaH	dam	kumudam
12522	kumudaH	daH	kumudaH
12522	kumudaH	dA	kumudA
12523	kumudika	kA	kumudikA
12525	kumudvat	tI	kumudvatI
12529	kumbaH	bA	kumbA
12530	kumBaH	BA	kumBA
12530	kumBaH	Bam	kumBam
12537	kumBIkaH	kA	kumBIkA
12553	kuravaH	vam(bam)	kuravam
12553	kuravaH	va(ba)kam	kuravakam
12557	kuruH	ruH	kuruH
12560	kuruRwaH	RwI	kuruRwI
12567	kuruvindaH	ndam	kuruvindam
12576	kulam	laH	kulaH
12576	kulam	lA	kulA
12577	kulaka	kaH	kulakaH
12577	kulaka	kam	kulakam
12583	kulika	kaH	kulikaH
12586	kulIna	naH	kulInaH
12586	kulIna	nam	kulInam
12587	kulya	lyaH	kulyaH
12587	kulya	lyam	kulyam
12587	kulya	lyA	kulyA
12589	kulawaH	wA	kulawA
12590	kulatTaH	tTikA	kulatTikA
12598	kulAlaH	lI	kulAlI
12609	kulInaka	kaH	kulInakaH
12616	kulPaH	lPaH	kulPaH
12618	kulmAzam	zaH	kulmAzaH
12638	kuSaH	SaH	kuSaH
12638	kuSaH	SA	kuSA
12638	kuSaH	SI	kuSI
12638	kuSaH	Sam	kuSam
12642	kuSeSayam	yaH	kuSeSayaH
12643	kuSala	lam	kuSalam
12643	kuSala	laH	kuSalaH
12648	kuSika	kaH	kuSikaH
12650	kuSIlavaH	vO	kuSIlavO
12656	kuzAku	kuH	kuzAkuH
12658	kuzIda	dam	kuzIdam
12660	kuzWaH	zWA	kuzWA
12664	kuzmARqaH	qI	kuzmARqI
12669	kusIda	daH	kusIdaH
12669	kusIda	dam	kusIdam
12673	kusumam	maH	kusumaH
12680	kusumBaH	mBam	kusumBam
12680	kusumBaH	mBaH	kusumBaH
12690	kuhakaH	kam	kuhakam
12690	kuhakaH	kA	kuhakA
12691	kuhana	naH	kuhanaH
12691	kuhana	nA	kuhanA
12691	kuhana	nam	kuhanam
12693	kuharam	raH	kuharaH
12708	kUwa	waH	kUwaH
12708	kUwa	wam	kUwam
12708	kUwa	waH	kUwaH
12709	kUwaka	kam	kUwakam
12709	kUwaka	kaH	kUwakaH
12721	kUpaH	pI	kUpI
12722	kUpakaH	pikA	kUpikA
12726	kUbara	raH	kUbaraH
12726	kUbara	ram	kUbaram
12726	kUbara	raH	kUbaraH
12726	kUbara	rI	kUbarI
12730	kUrcaH	rcaH	kUrcaH
12735	kUrdanam	nI	kUrdanI
12739	kUrmaH	rmI	kUrmI
12744	kUlakaH	kaH	kUlakaH
12748	kUlaMkaza	zaH	kUlaMkazaH
12748	kUlaMkaza	zA	kUlaMkazA
12754	kUzmARqaH	qI	kUzmARqI
12759	kfta	tam	kftam
12760	kftaka	kam	kftakam
12760	kftaka	kam	kftakam
12766	kftnu	tnuH	kftnuH
12767	kftya	tyam	kftyam
12767	kftya	tyaH	kftyaH
12767	kftya	tyA	kftyA
12779	kfcCra	cCraH	kfcCraH
12779	kfcCra	cCram	kfcCram
12779	kfcCra	cCraH	kfcCraH
12779	kfcCra	cCram	kfcCram
12779	kfcCra	cCram, kfcCret, kfcCrat	kfcCram
12790	kftrima	maH, ˚putraH	kftrimaH
12790	kftrima	mam	kftrimam
12795	kftsam	tsaH	kftsaH
12796	kftsna	tsnam	kftsnam
12797	kfdaram	raH	kfdaraH
12801	kfpaRa	Ram	kfpaRam
12801	kfpaRa	RaH	kfpaRaH
12806	kfpARakaH	RikA	kfpARikA
12812	kfmi	miH	kfmiH
12827	kfzaka	kaH	kfzakaH
12827	kfzaka	kam	kfzakam
12834	kfzRa	zRaH	kfzRaH
12834	kfzRa	zRA	kfzRA
12834	kfzRa	zRI	kfzRI
12834	kfzRa	zRam	kfzRam
12836	kfzRalaH	lam	kfzRalam
12850	kekayaH	yI	kekayI
12851	kekara	ram	kekaram
12856	keta	taH	ketaH
12857	ketakaH	kam	ketakam
12857	ketakaH	kI	ketakI
12874	keyUraH	raH	keyUraH
12876	keralaH	lI	keralI
12882	keliH	liH	keliH
12888	kevala	lI	kevalI
12888	kevala	lam	kevalam
12888	kevala	lI	kevalI
12888	kevala	lam	kevalam
12892	keSaH	SI	keSI
12895	keSava	vaH	keSavaH
12900	keSya	SyaH	keSyaH
12900	keSya	Syam	keSyam
12901	kesaraH	ram	kesaram
12905	kesarin	riRI	kesariRI
12910	kEkeyaH	yI	kEkeyI
12914	kEwaBaH	BA	kEwaBA
12914	kEwaBaH	BI	kEwaBI
12917	kEtavam	vaH	kEtavaH
12919	kEdAra	raH	kEdAraH
12919	kEdAra	ram	kEdAram
12919	kEdAra	kEdArakam	kEdArakam
12919	kEdAra	kEdArikam	kEdArikam
12919	kEdAra	kEdArikA	kEdArikA
12919	kEdAra	kEdAryam	kEdAryam
12925	kEravaH	vam	kEravam
12925	kEravaH	vI	kEravI
12929	kErAta	taH	kErAtaH
12929	kErAta	tam	kErAtam
12938	kESika	kaH	kESikaH
12938	kESika	kam	kESikam
12938	kESika	kI	kESikI
12945	kokanadam	dinI	kokamadinI
12950	koNkaH	Ram	koNkaRam
12953	koca	caH	kocaH
12956	kowaka	kaH	kowakaH
12975	koTa	TaH	koTaH
12976	kodaRqaH	RqaH	kodaRqaH
12983	komala	lam	komalam
12983	komala	lA	komalA
12993	kolaH	lam	kolam
13002	koSaH	SI	koSI
13010	kozWa	zWaH	kozWaH
13010	kozWa	zWam	kozWam
13011	kozWakaH	kam	kozWakam
13015	kozRa	zRam	kozRam
13018	kohala	laH	kohalaH
13019	kOkftyam	kOkkuwa	kOkkuwa
13029	kOYjara	ram	kOYjaram
13030	kOwa	waH	kOwaH
13037	kOwilyam	lyaH	kOwilyaH
13037	kOwilyam	SAstram	kOwilyaSAstram
13040	kOwumba	bam	kOwumbam
13041	kOwumbika	kaH	kOwumbikaH
13049	kOtukita	tA	kOtukitA
13052	kOtsam	tsaH	kOtsaH
13059	kOpa	pam	kOpam
13064	kOmAra	rI	kOmArI
13064	kOmAra	ram	kOmAram
13071	kOrava	vaH	kOravaH
13075	kOrma	rmaH	kOrmaH
13076	kOla	laH	kOlaH
13076	kOla	lam	kOlam
13077	kOlakeya	yaH	kOlakeyaH
13079	kOlaweyaH	yam	kOlaweyam
13081	kOlAlaH	lam	kOlAlam
13082	kOlAlaka	kam	kOlAlakam
13083	kOlika	kaH	kOlikaH
13084	kOlIna	naH	kOlInaH
13084	kOlIna	nam	kOlInam
13088	kOleyaka	kaH	kOleyakaH
13089	kOlya	lyam	kOlyam
13091	kOvera	rI	kOverI
13092	kOSa	Sam	kOSam
13100	kOSika	kaH	kOSikaH
13100	kOSika	kA	kOSikA
13100	kOSika	kI	kOSikI
13100	kOSika	kam	kOSikam
13104	kOSeya	yam	kOSeyam
13106	kOsalya	lyaH	kOsalyaH
13106	kOsalya	lyA	kOsalyA
13109	kOsuma	mam	kOsumam
13110	kOsumBa	BaH	kOsumBaH
13117	krakacaH	cA	krakacA
13127	krandana	nam	krandanam
13129	krandita	tam	kranditam
13134	kramaka	kaH	kramakaH
13135	kramaRaH	Ram	kramaRam
13142	krAnta	taH	krAntaH
13142	krAnta	ntam	krAntam
13158	krivi	viH	kriviH
13166	krIta	taH	krItaH
13166	krIta	tam	krItam
13167	krItaka	kaH	krItakaH
13172	krIqa	qaH	krIqaH
13175	krIqanakaH	krIqanakatayA	krIqanakatayA
13188	krudDa	dDam	krudDam
13190	kroDaH	DA	kroDA
13191	kroDana	naH	kroDanaH
13191	kroDana	nA	kroDanA
13191	kroDana	nam	kroDanam
13192	kroDanIya	yam	kroDanIyam
13200	kruzwa	zwam	kruzwam
13202	kroSana	nam	kroSanam
13203	krUra	raH	krUraH
13203	krUra	ram	krUram
13203	krUra	raH	krUraH
13203	krUra	ram	krUram
13205	kroqaH	qam	kroqam
13205	kroqaH	qA	kroqA
13205	kroqaH	qI	kroqI
13227	kledaka	kaH	kledakaH
13229	kledana	naH	kledanaH
13229	kledana	nam	kledanam
13236	kliSita	zwam	klizwam
13246	klIba	baH	klIbaH
13246	klIba	bam	klIbam
13257	kvaRaH	naH	kvaRanaH
13263	kvaTita	tam	kvaTitam
13270	kzaRaH	kzaRekzaRe	kzaRekzaRe
13273	kzaRika	kA	kzaRikA
13274	kzaRin	nI	kzaRinI
13277	kzata	tam	kzatam
13280	kzatraH	trI	kzatrI
13282	kzatriyaH	yam	kzatriyam
13294	kzapaRaH	Ram	kzapaRam
13303	kzama	mam	kzamam
13311	kzAnta	taH	kzAntaH
13311	kzAnta	tA	kzAntA
13311	kzAnta	tam	kzAntam
13313	kzAntu	tuH	kzAntuH
13318	kzara	raH	kzaraH
13318	kzara	ram	kzaram
13322	kzAra	raH	kzAraH
13322	kzAra	ram	kzAram
13324	kzAraRam	Ram	kzAraRam
13335	kzAtra	tram	kzAtram
13338	kzAma	maH	kzAmaH
13338	kzAma	mA	kzAmA
13338	kzAma	mam	kzAmam
13344	kzayaH	yam	kzayam
13345	kzayaRa	RaH	kzayaRaH
13345	kzayaRa	Ram	kzayaRam
13352	kzita	tam	kzitam
13362	kzipa	paH	kzipaH
13362	kzipa	pA	kzipA
13365	kzipaRiH	RiH	kzipaRiH
13367	kzipaRyu	RyuH	kzipaRyuH
13369	kzipta	ptA	kziptA
13369	kzipta	ptam	kziptam
13372	kzipra	pram	kzipram
13372	kzipra	pram	kzipram
13374	kzepaka	kaH	kzepakaH
13375	kzepaRam	RiH	kzepaRiH
13375	kzepaRam	RI	kzepaRI
13377	kzepaRIya	yam	kzepaRIyam
13388	kzIraH	raH	kzIraH
13388	kzIraH	rA	kzIrA
13388	kzIraH	rI	kzIrI
13388	kzIraH	rI	kzIrI
13401	kzavakam	vikA	kzavikA
13403	kzut	janikA	kzujjanikA
13412	kzudra	draH	kzudraH
13412	kzudra	drA	kzudrA
13412	kzudra	dram	kzudram
13420	kzodita	tam	kzoditam
13422	kzodIyas	kzodya	kzodya
13434	kzubDa	bDaH	kzubDaH
13436	kzoBaRam	RaH	kzoBaRaH
13445	kzullaka	kaH	kzullakaH
13447	kzetrika	kaH	kzetrikaH
13449	kzetriya	yam	kzetriyam
13449	kzetriya	yaH	kzetriyaH
13453	kzema	maH	kzemaH
13453	kzema	mam	kzemam
13453	kzema	maH	kzemaH
13453	kzema	mA	kzemA
13453	kzema	mA	kzemA
13453	kzema	mam	kzemam
13455	kzemya	myaH	kzemyaH
13466	kzomaH	mam	kzomam
13468	kzOdraH	dram	kzOdram
13471	kzOmaH	maH	kzOmaH
13471	kzOmaH	mam	kzOmam
13471	kzOmaH	mam	kzOmam
13471	kzOmaH	mI	kzOmI
13472	kzOram	rI	kzOrI
13484	kzveqa	qaH	kzveqaH
13484	kzveqa	qA	kzveqA
13489	KaH	Kam	Kam
13489	KaH	KA	KA
13491	KakKawa	wam	KakKawam
13498	KajaH	jA	KajA
13499	KajakaH	jikA	KajikA
13503	KajAkaH	kA	KajAkA
13508	KaYjanaH	nA	KaYjanA
13508	KaYjanaH	nam	KaYjanam
13514	KawakAmuKam	KaH	KawakAmuKaH
13515	KawikaH	kA	KawikA
13520	Kawwana	naH	KawwanaH
13524	KawwikaH	kA	KawwikA
13533	KaqgaH	qgam	Kaqgam
13541	KaRqa	RqaH	KaRqaH
13541	KaRqa	Rqam	KaRqam
13541	KaRqa	RqaH	KaRqaH
13541	KaRqa	Rqam	KaRqam
13541	KaRqa	KaRqa	KaRqa
13542	KaRqaka	kaH	KaRqakaH
13542	KaRqaka	kam	KaRqakam
13542	KaRqaka	kaH	KaRqakaH
13543	KaRqana	nam	KaRqanam
13547	KaRqikaH	kA	KaRqikA
13548	KaRqita	tA	KaRqitA
13549	KaRqin	nI	KaRqinI
13558	Kanaka	kaH	KanakaH
13566	KAta	tam	KAtam
13566	KAta	tA	KAtA
13567	KAtakaH	kam	KAtakam
13571	KAnaka	kaH	KAnakaH
13575	Keya	yam	Keyam
13577	Kara	raH	KaraH
13577	Kara	ram	Karam
13584	Karu	ruH	KaruH
13584	Karu	ruH	KaruH
13592	KarjUraH	ram	KarjUram
13592	KarjUraH	rI	KarjUrI
13596	KarparaH	ram	Karparam
13601	Karva	rvaH	KarvaH
13601	Karva	rvam	Karvam
13606	KalaH	laH	KalaH
13623	KallaH	llI	KallI
13645	KARqavaH	vam	KARqavam
13649	KAda	daH	KAdaH
13650	KAdaka	kaH	KAdakaH
13652	KAdanaH	nam	KAdanam
13654	KAdya	dyam	KAdyam
13656	KAdira	raH	KAdiraH
13660	KAraH	rI	KArI
13674	KedaH	dA	KedA
13680	KilaH	laH	KilaH
13702	Kewa	waH	KewaH
13702	Kewa	waH	KewaH
13702	Kewa	wam	Kewam
13702	Kewa	wam	Kewam
13704	KewakaH	kaH	KewakaH
13704	KewakaH	kam	Kewakam
13710	Kela	lA	KelA
13711	Kelanam	nI	KelanI
13722	KolaH	lam	Kolam
13726	KyAta	tam	KyAtam
13731	ga	gaH	gaH
13731	ga	gA	gA
13731	ga	gam	gam
13741	gajaH	jI	gajI
13746	gaYjaH	YjA	gaYjA
13746	gaYjaH	jam	gaYjam
13753	gaqu	quH	gaquH
13764	gaRaka	kaH	gaRakaH
13764	gaRaka	kI	gaRakI
13766	gaRanam	nA	gaRanA
13795	gaRqUzaH	gaRqUzIkf	gaRqUzIkf
13799	gadaH	dam	gadam
13800	gadayitnu	tnuH	gadayitnuH
13805	gadgada	dam	gadgadam
13805	gadgada	daH	gadgadaH
13805	gadgada	dam	gadgadam
13808	gadya	dyam	gadyam
13813	ganDaH	nDam	ganDam
13816	ganDavat	tI	ganDavatI
13818	ganDi	nDi	ganDi
13819	ganDika	kaH	ganDikaH
13826	gaBastiH	stiH	gaBastiH
13832	gata	tam	gatam
13843	gama	maH	gamaH
13844	gamaka	kaH	gamakaH
13849	gamya	myaH	gamyaH
13851	gamBIra	raH	gamBIraH
13854	gayaH	yA	gayA
13856	gara	raH	garaH
13856	gara	raH	garaH
13856	gara	ram	garam
13856	gara	ram	garam
13859	garalaH	lam	garalam
13871	gargaraH	rI	gargarI
13877	garjita	tam	garjitam
13877	garjita	taH	garjitaH
13880	gartaH	rtaH	gartaH
13883	gardaBaH	Bam	gardaBam
13883	gardaBaH	BI	gardaBI
13884	gardaBakaH	BikA	gardaBikA
13887	garDana	m	garDanam
13890	garBakaH	kam	garBakam
13893	garBita	tam	garBitam
13893	garBita	tA	garBitA
13902	garvita	m	garvitam
13907	garhita	tam	garhitam
13930	gavayaH	yI	gavayI
13931	gavalaH	lam	gavalam
13937	gavizWi	zWiH	gavizWiH
13938	gavizWa	zWaH	gavizWaH
13939	gavya	vyam	gavyam
13939	gavya	vyA	gavyA
13945	gavequH	quH	gavequH
13948	gaveza	zaH	gavezaH
13949	gavezaRam	Ram	gavezaRam
13949	gavezaRam	RA	gavezaRA
13952	gahana	nam	gahanam
13952	gahana	naH	gahanaH
13956	gahvara	ram	gahvaram
13956	gahvara	raH	gahvaraH
13956	gahvara	rI	gahvarI
13960	gANga	NgaH	gANgaH
13960	gANga	Ngam	gANgam
13960	gANga	NgI	gANgI
13964	gANgeya	yaH	gANgeyaH
13964	gANgeya	yam	gANgeyam
13976	gARapatyaH	tyam	gARapatyam
13982	gARqI	gARqImaya	gARqImaya
13986	gAtram	trA	gAtrA
13991	gADa	Dam	gADam
13998	gAnDarva	rvaH	gAnDarvaH
13998	gAnDarva	rvam	gAnDarvam
13998	gAnDarva	rvI	gAnDarvI
14000	gAnDAraH	ram	gAnDAram
14004	gAnDikaH	kam	gAnDikam
14011	gAyatra	tram	gAyatram
14012	gAyatrI	tram	gAyatram
14014	gAyanaH	nam	gAyanam
14016	gAruqa	qaH	gAruqaH
14016	gAruqa	qam	gAruqam
14018	gArutmata	tam	gArutmatam
14019	gArga	rgaH	gArgaH
14019	gArga	rgI	gArgI
14024	gArDra	rDraH	gArDraH
14030	gArhapatyaH	tyam	gArhapatyam
14031	gArhameDa	DaH	gArhameDaH
14040	gAloqita	tam	gAloqitam
14044	gAQa	Qam	gAQam
14045	gAha	haH	gAhaH
14052	giri	riH	giriH
14052	giri	riH	giriH
14053	girikaH	kA	girikA
14057	gila	laH	gilaH
14063	gIta	tam	gItam
14087	guqakaH	qikA	guqikA
14087	guqakaH	kam	guqakam
14101	guRanam	nI	guRanI
14103	guRanIya	yaH	guRanIyaH
14103	guRanIya	yam	guRanIyam
14109	guRin	nI	guRinI
14125	gudam	dA	gudA
14136	gupta	ptaH	guptaH
14136	gupta	ptam	guptam
14136	gupta	ptA	guptA
14140	gopanam	nA	gopanA
14149	gopya	pyaH	gopyaH
14158	guru	ruH	guruH
14160	gurutama	maH	gurutamaH
14162	gurumatI	ttA	gurumattA
14163	gurjaraH	rI	gurjarI
14164	gurviRI	rvI	gurvI
14167	gulaH	lI	gulI
14174	gulmaH	lmI	gulmI
14184	guhya	hyaH	guhyaH
14184	guhya	hyam	guhyam
14186	gUQa	Qam	gUQam
14204	gfYjanaH	nam	gfYjanam
14206	gftsa	tsaH	gftsaH
14209	gfDu	DuH	gfDuH
14215	gfDra	DraH	gfDraH
14215	gfDra	Dram	gfDram
14215	gfDra	DrI	gfDrI
14225	gfham	hAH	gfhAH
14225	gfham	haH	gfhaH
14234	gfhya	hyaH	gfhyaH
14234	gfhya	hyam	gfhyam
14235	gfhyaka	kaH	gfhyakaH
14249	gehya	hyam	gehyam
14259	gAnin	nI	gAninI
14260	gAnIya	yam	gAnIyam
14262	geya	yam	geyam
14266	gErika	kaH	gErikaH
14266	gErika	kam	gErikam
14266	gErika	kam	gErikam
14267	gEreya	yam	gEreyam
14270	gomat	tI	gomatI
14271	gomaya	yaH	gomayaH
14271	gomaya	yam	gomayam
14271	gomaya	yam	gomayam
14273	gozWaH	zWaH	gozWaH
14273	gozWaH	zWam	gozWam
14278	goRaH	RI	goRI
14290	golaH	laH	golaH
14290	golaH	lA	golA
14302	gOqaH	qAH	gOqAH
14302	gOqaH	qI	gOqI
14302	gOqaH	qam	gOqam
14303	gOqika	kaH	gOqikaH
14303	gOqika	kam	gOqikam
14316	gOra	raH	gOraH
14316	gOra	ram	gOram
14318	gOravam	vam	gOravam
14338	graTita	tam	graTitam
14347	granTila	lam	granTilam
14352	grasta	stam	grastam
14358	gfhya	hyaH	gfhyaH
14368	grAha	haH	grAhaH
14368	grAha	hI	grAhI
14370	grAhaka	kaH	grAhakaH
14374	grAhin	RI	grAhiRI
14376	grAhya	hyam	grAhyam
14376	grAhya	hyaH	grAhyaH
14381	grAmika	kaH	grAmikaH
14382	grAmin	RI	grAmiRI
14383	grAmIRa	RaH	grAmIRaH
14384	grAmIya	yaH	grAmIyaH
14386	grAmeya	yI	grAmeyI
14387	grAmya	myaH	grAmyaH
14387	grAmya	myA	grAmyA
14387	grAmya	myam	grAmyam
14393	grIzma	zmaH	grIzmaH
14393	grIzma	zmI	grIzmI
14395	grEva	vam	grEvam
14395	grEva	yam	grEvyam
14411	glAna	nam	glAnam
14416	Ga	GaH	GaH
14416	Ga	Gam	Gam
14416	Ga	GA	GA
14421	Gawaka	kaH	GawakaH
14424	GawikaH	kam	Gawikam
14428	GawiMDama	maH	GawiMDamaH
14437	Gawwita	tA	GawwitA
14440	GaRwa	RwaH	GaRwaH
14448	Gana	naH	GanaH
14448	Gana	nam	Ganam
14453	GanAGana	naH	GanAGanaH
14459	GarGara	raH	GarGaraH
14464	Garma	rmaH	GarmaH
14469	Gasra	sraH	GasraH
14469	Gasra	sram	Gasram
14472	GAwaH	waH	GAwaH
14477	GAtana	nam	GAtanam
14503	GurGuraH	rA	GurGurA
14513	GozaH	zam	Gozam
14515	Gozavat	tI	GozavatI
14523	GUrRa	rRaH	GUrRaH
14528	Gfta	tam	Gftam
14536	GfRi	RiH	GfRiH
14541	Garzaka	kaH	GarzakaH
14542	GarzaRa	Ram	GarzaRam
14542	GarzaRa	RI	GarzaRI
14555	Gora	raH	GoraH
14555	Gora	rA	GorA
14555	Gora	ram	Goram
14560	GrARa	RaH	GrARaH
14560	GrARa	Ram	GrARam
14560	GrARa	Ram	GrARam
14562	GrAtavya	vyam	GrAtavyam
14564	Greya	yam	Greyam
14568	ca	caH	caH
14570	cakita	tam	cakitam
14570	cakita	tam	cakitam
14577	cakram	kraH	cakraH
14578	cakraka	kaH	cakrakaH
14582	cakrikaH	kA	cakrikA
14595	cakzuzya	zyaH	cakzuzyaH
14595	cakzuzya	zyA	cakzuzyA
14595	cakzuzya	zyA	cakzuzyA
14595	cakzuzya	zyam	cakzuzyam
14602	caYcaH	YcA	caYcA
14606	caYcala	laH	caYcalaH
14606	caYcala	lA	caYcalA
14607	caYcu	YcuH	caYcuH
14607	caYcu	YcuH	caYcuH
14607	caYcu	YcUH	caYcUH
14615	cawuH	wuH	cawuH
14616	cawula	lA	cawulA
14623	caRa	RaH	caRaH
14626	caRqa	RqaH	caRqaH
14626	caRqa	Rqam	caRqam
14627	caRqavat	tI	caRqavatI
14628	caRqA	RqI	caRqI
14635	caRqAla	laH	caRqAlaH
14640	cAtana	nam	cAtanam
14642	caturTa	rTaH	caturTaH
14642	caturTa	rTam	caturTam
14642	caturTa	aMSa	caturTAMSa
14642	caturTa	ASramaH	caturTASramaH
14642	caturTa	Palam	caturTaPalam
14642	caturTa	Bakta	caturTaBakta
14643	caturTaka	kaH	caturTakaH
14643	caturTaka	rTikA	caturTikA
14646	catuzka	zkam	catuzkam
14646	catuzka	zkI	catuzkI
14648	catuzwaya	yam	catuzwayam
14650	catura	raH	caturaH
14650	catura	ram	caturam
14670	candra	ndraH	candraH
14670	candra	ndrA	candrA
14671	candrakaH	kam	candrakam
14684	capala	laH	capalaH
14697	camaraH	raH	camaraH
14697	camaraH	ram	camaram
14697	camaraH	rI	camarI
14704	campaH	mpam	campam
14705	campakaH	kam	campakam
14716	cara	raH	caraH
14719	caraRaH	RaH	caraRaH
14719	caraRaH	Ram	caraRam
14722	caraTa	TaH	caraTaH
14722	caraTa	Tam	caraTam
14723	carama	mam	caramam
14725	carita	tam	caritam
14727	caritram	trA	caritrA
14730	carya	ryA	caryA
14730	carya	ryam	caryam
14743	carcita	tam	carcitam
14746	cartana	nam	cartanam
14756	carmaRya	Ryam	carmaRyam
14766	carvya	rvyam	carvyam
14767	carzaRi	RiH	carzaRiH
14769	cala	laH	calaH
14769	cala	lA	calA
14773	calana	naH	calanaH
14773	calana	nam	calanam
14773	calana	nI	calanI
14774	calanakam	nikA	calanikA
14775	calita	tam	calitam
14782	cazakaH	kam	cazakam
14788	cAkrika	kaH	cAkrikaH
14792	cAkzuza	zaH	cAkzuzaH
14792	cAkzuza	zam	cAkzuzam
14811	cAtura	raH	cAturaH
14811	cAtura	ram	cAturam
14811	cAtura	rI	cAturI
14812	cAturaka	kaH	cAturakaH
14813	cAturakzam	kzaH	cAturakzaH
14820	cAturTaka	kaH	cAturTakaH
14822	cAturdaSa	Sam	cAturdaSam
14825	cAturmAsa	sI	cAturmAsI
14829	cAturvarRya	rRyam	cAturvarRyam
14830	cAturvidya	dyam	cAturvidyam
14832	cAturhotra	tram	cAturhotram
14839	cAndra	draH	cAndraH
14839	cAndra	dram	cAndram
14839	cAndra	drI	cAndrI
14841	cAndramasa	saH	cAndramasaH
14841	cAndramasa	sI	cAndramasI
14841	cAndramasa	sam	cAndramasam
14854	cAmpeyaH	yam	cAmpeyam
14861	cAraH	ram	cAram
14862	cAraka	kaH	cArakaH
14869	cAritram	trA	cAritrA
14872	cAru	ruH	cAruH
14872	cAru	ru	cAru
14876	cArmaRa	Ram	cArmaRam
14884	cAlanam	nI	cAlanI
14891	cita	tam	citam
14895	citya	tyam	cityam
14895	citya	tyA	cityA
14906	cikitsita	tam	cikitsitam
14912	cikIrzita	tam	cikIrzitam
14914	cikura	raH	cikuraH
14917	cikka	kkaH	cikkaH
14917	cikka	kkA	cikkA
14918	cikkaRa	RaH	cikkaRaH
14918	cikkaRa	RA	cikkaRA
14918	cikkaRa	Ram	cikkaRam
14923	ciklidam	daH	ciklidaH
14933	cinmaya	yam	cinmayam
14935	citta	ttam	cittam
14940	cetaka	kI	cetakI
14941	cetana	naH	cetanaH
14941	cetana	nA	cetanA
14941	cetana	nam	cetanam
14945	citra	traH	citraH
14945	citra	tram	citram
14945	citra	tram	citram
14946	citraka	kaH	citrakaH
14946	citraka	kam	citrakam
14948	citrala	laH	citralaH
14963	cintita	tam	cintitam
14968	cipawa	waH	cipawaH
14975	cira	ram	ciram
14976	ciraMjIva	vaH	ciraMjIvaH
14991	cilla	llaH	cillaH
15004	cInaH	nAH	cInAH
15004	cInaH	nam	cInam
15022	cukraH	kram	cukram
15031	cuYcu	YcuH	cuYcuH
15044	coda	daH	codaH
15045	codaka	kaH	codakaH
15046	codana	nam	codanam
15049	codya	dyam	codyam
15052	copana	nam	copanam
15069	corita	tam	coritam
15073	culukaH	ka	culuka
15080	culla	llaH	cullaH
15081	cullakaH	kI	cullakI
15090	cUqAra	lam	cUqAlam
15094	cUtaH	tam	cUtam
15100	cUrRaH	rRaH	cUrRaH
15101	cUrRakaH	kam	cUrRakam
15110	cUlaH	lA	cUlA
15136	cezwaka	kaH	cezwakaH
15138	cezwA	nASaH	cezwAnASaH
15138	cezwA	nirUpaRam	cezwAnirUpaRam
15139	cezwita	tam	cezwitam
15142	cEtta	ttam	cEttam
15144	cEtya	tyaH	cEtyaH
15144	cEtya	tyam	cEtyam
15145	cEtraH	tram	cEtram
15151	cEla	lam	cElam
15151	cEla	laH	cElaH
15159	colaH	laH	colaH
15159	colaH	lI	colI
15159	colaH	lam	colam
15160	colakaH	kam	colakam
15165	cOqa	qam	cOqam
15165	cOqa	lam	cOlam
15173	cyAvana	nam	cyAvanam
15181	cyOtna	tnam	cyOtnam
15182	Ca	CaH	CaH
15182	Ca	CA	CA
15182	Ca	Cam	Cam
15185	CagalaH	lA	CagalA
15185	CagalaH	lI	CagalI
15185	CagalaH	lam	Cagalam
15188	CatraH	tram	Catram
15189	CatrakaH	trikA	CatrikA
15189	CatrakaH	kam	Catrakam
15200	Canna	nnam	Cannam
15204	Canda	daH	CandaH
15217	CambawkAraH	ram	CambawkAram
15226	Calita	tam	Calitam
15232	CAga	gaH	CAgaH
15232	CAga	gam	CAgam
15234	CAgala	laH	CAgalaH
15237	CAtraH	tram	CAtram
15240	CAdanam	nI	CAdanI
15242	CAdmika	kaH	CAdmikaH
15243	CAndasa	saH	CAndasaH
15246	CAyA	yaH	CAyaH
15262	Cidra	dram	Cidram
15266	Cinna	nnA	CinnA
15269	Cedaka	kaH	CedakaH
15270	Cedana	nam	Cedanam
15271	Cedi	diH	CediH
15274	Cedya	dyam	Cedyam
15282	CupaH	paH	CupaH
15294	Ceka	kaH	CekaH
15307	ja	jaH	jaH
15310	jakuwaH	wam	jakuwam
15314	jagat	tI	jagatI
15319	jagala	lam	jagalam
15320	jagDa	gDam	jagDam
15322	jagmi	gmiH	jagmiH
15325	jaGanya	nyaH	jaGanyaH
15325	jaGanya	nyam	jaGanyam
15329	jaNgama	mam	jaNgamam
15330	jaNgala	laH	jaNgalaH
15330	jaNgala	lam	jaNgalam
15330	jaNgala	lam	jaNgalam
15335	jaNGAla	laH	jaNGAlaH
15341	jaYjapUka	kaH	jaYjapUkaH
15346	jawAla	laH	jawAlaH
15350	jawila	laH	jawilaH
15350	jawila	lA	jawilA
15355	jaWara	raH	jaWaraH
15355	jaWara	ram	jaWaram
15358	jaqa	qaH	jaqaH
15358	jaqa	qam	jaqam
15366	jatu	tuH	jatuH
15366	jatu	tUH	jatUH
15374	janaH	nA	janA
15376	janaka	kaH	janakaH
15378	janana	naH	jananaH
15378	janana	nam	jananam
15393	janitvaH	tvA	janitvA
15393	janitvaH	tvO	janitvO
15403	janman	aDipaH	janmADipaH
15403	janman	antaram	janmAntaram
15403	janman	antarIya	janmAntarIya
15403	janman	anDaH	janmAnDaH
15403	janman	azwamI	janmAzwamI
15403	janman	Aspadam	janmAspadam
15403	janman	ISaH	janmeSaH
15403	janman	kIlaH	janmakIlaH
15403	janman	kuRqalI	janmakuRqalI
15403	janman	kft	janmakft
15403	janman	kzetram	janmakzetram
15403	janman	tiTiH	janmatiTiH
15403	janman	daH	janmadaH
15403	janman	nakzatram	janmanakzatram
15403	janman	Bam	janmaBam
15403	janman	nAman	janmanAman
15403	janman	paH	janmapaH
15403	janman	patram	janmapatram
15403	janman	patrikA	janmapatrikA
15403	janman	pAdapaH	janmapAdapaH
15403	janman	pratizWA	janmapratizWA
15403	janman	BAj	janmaBAj
15403	janman	Bft	janmaBft
15403	janman	BAzA	janmaBAzA
15403	janman	BUmiH	janmaBUmiH
15403	janman	yogaH	janmayogaH
15403	janman	rogin	janmarogin
15403	janman	lagnam	janmalagnam
15403	janman	rASiH	janmarASiH
15403	janman	vartman	janmavartman
15403	janman	vasuDA	janmavasuDA
15403	janman	SoDanam	janmaSoDanam
15403	janman	sAPalyam	janmasAPalyam
15403	janman	sTAnam	janmasTAnam
15403	janman	hetuH	janmahetuH
15405	janya	nyaH	janyaH
15405	janya	nyA	janyA
15405	janya	nyam	janyam
15408	japa	paH	japaH
15412	japya	pyaH	japyaH
15412	japya	pyam	japyam
15420	jambIraH	ram	jambIram
15423	jambUmat	tI	jambUmatI
15424	jambulaH	lam	jambulam
15426	jamBaka	kaH	jamBakaH
15433	jayantaH	tI	jayantI
15437	jara	raH	jaraH
15438	jaraWa	WaH	jaraWaH
15439	jaraRa	RaH	jaraRaH
15439	jaraRa	Ram	jaraRam
15439	jaraRa	RA	jaraRA
15439	jaraRa	Ram	jaraRam
15452	jarUTa	TaH	jarUTaH
15452	jarUTa	Tam	jarUTam
15454	jarjara	ram	jarjaram
15459	jarRa	rRaH	jarRaH
15466	jala	lam	jalam
15468	jalaNga	gaH	jalaNgaH
15474	jalAza	zam	jalAzam
15478	jalpanam	nam	jalpanam
15480	jalpita	tam	jalpitam
15481	jalhu	lhuH	jalhuH
15482	java	vaH	javaH
15483	javana	naH	javanaH
15483	javana	nam	javanam
15494	jasuri	riH	jasuriH
15496	jahaka	kaH	jahakaH
15496	jahaka	kA	jahakA
15501	jahnuH	saptamI	jahnusaptamI
15505	jAguqam	qaH	jAguqaH
15508	jAgara	raH	jAgaraH
15511	jAgarita	tam	jAgaritam
15514	jAgfvi	viH	jAgfviH
15518	jANgala	laH	jANgalaH
15518	jANgala	lam	jANgalam
15520	jANgulam	lI	jANgulI
15522	jANGika	kaH	jANGikaH
15525	jAWara	raH	jAWaraH
15527	jAta	taH	jAtaH
15527	jAta	tA	jAtA
15527	jAta	tam	jAtam
15528	jAtaka	kaH	jAtakaH
15528	jAtaka	kam	jAtakam
15544	jAnapadaH	dA	jAnapadA
15544	jAnapadaH	dI	jAnapadI
15552	jApaka	kaH	jApakaH
15552	jApaka	kam	jApakam
15553	jApya	pyam	jApyam
15562	jAmi	miH	jAmiH
15567	jAmbIram	lam	jambIlam
15576	jAyu	yuH	jAyuH
15577	jAraH	rI	jArI
15581	jAlam	laH	jAlaH
15582	jAlakam	kaH	jAlakaH
15586	jAlikaH	kA	jAlikA
15591	jAlma	lmaH	jAlmaH
15601	jayaH	yA	jayA
15610	jita	tam	jitam
15613	jitya	tyA	jityA
15613	jitya	tyaH	jityaH
15615	jitvara	rI	jitvarI
15616	jizRu	zRuH	jizRuH
15625	jiGAMsu	suH	jiGAMsuH
15633	jina	naH	jinaH
15635	jivri	vriH	jivriH
15644	jihma	hmam	jihmam
15651	jIna	naH	jInaH
15653	jIra	raH	jIraH
15656	jIrRa	rRaH	jIrRaH
15656	jIrRa	RA	jIrRA
15656	jIrRa	rRam	jIrRam
15661	jIva	vaH	jIvaH
15662	jIvaka	kaH	jIvakaH
15664	jIvaTa	TaH	jIvaTaH
15665	jIvana	naH	jIvanaH
15665	jIvana	nam	jIvanam
15666	jIvanaka	kam	jIvanakam
15667	jIvanIya	yam	jIvanIyam
15668	jIvanta	taH	jIvantaH
15676	jIvita	tam	jIvitam
15677	jIvitavya	vyam	jIvitavyam
15679	jIvyam	vyA	jIvyA
15681	jukuwaH	wam	jukuwam
15685	juNgita	taH	juNgitaH
15699	juzya	zyam	juzyam
15700	juzwa	zwam	juzwam
15701	jozaH	zam	jozam
15705	juhurARa	RaH	juhurARaH
15720	jUrRi	rRiH	jUrRiH
15729	jfmBakaH	kam	jfmBakam
15730	jfmBaRa	Ram	jfmBaRam
15731	jfmBita	tam	jfmBitam
15747	jEtra	traH	jEtraH
15747	jEtra	tram	jEtram
15754	jEvAtfka	kaH	jEvAtfkaH
15770	jYa	jYaH	jYaH
15774	jYAta	tam	jYAtam
15781	jYAnamaya	yaH	jYAnamayaH
15785	jYApaka	kaH	jYApakaH
15785	jYApaka	kam	jYApakam
15799	jyezWa	zWaH	jyezWaH
15799	jyezWa	zWA	jyezWA
15799	jyezWa	zWI	jyezWI
15799	jyezWa	zWam	jyezWam
15801	jyEzWaH	zWI	jyEzWI
15812	jyotiza	zaH	jyotizaH
15812	jyotiza	zam	jyotizam
15814	jyotizI	zkam	jyotizkam
15814	jyotizI	zkaH	jyotizkaH
15815	jyotizmat	tI	jyotizmatI
15818	jyOtsna	tsnaH	jyOtsnaH
15818	jyOtsna	tsnI	jyOtsnI
15818	jyOtsna	tsnikA	tyOtsnikA
15823	jvara	raH	jvaraH
15823	jvara	rA	jvarA
15826	jvala	laH	jvalaH
15828	jvalana	naH	jvalanaH
15828	jvalana	nam	jvalanam
15830	jvAla	laH	jvAlaH
15833	Ja	JaH	JaH
15833	Ja	JA	JA
15855	JarJaraH	rA	JarJarA
15855	JarJaraH	rI	JarJarI
15855	JarJaraH	ram	JarJaram
15864	JallaH	llI	JallI
15871	JazaH	zam	Jazam
15874	JAwaH	wA	JAwA
15874	JAwaH	wI	JAwI
15893	JillikaH	kA	JillikA
15911	waH	wA	wA
15911	waH	wam	wam
15913	wakkaraH	rA	wakkarA
15914	wagara	raH	wagaraH
15917	waNkaH	kA	waNkA
15920	waNkaRam	RaH	waNkaRaH
15925	waNgaH	NgaH	waNgaH
15957	qaH	qA	qA
15962	qamaraH	ram	qamaram
15967	qambaraH	raH	qambaraH
15974	qAmara	raH	qAmaraH
15992	qimBaH	BA	qimBA
15996	qIna	nam	qInam
16023	taH	tA	tA
16023	taH	tam	tam
16023	taH	tA	tA
16030	takila	lA	takilA
16037	takzaRam	RI	takzaRI
16039	tagaraH	ram, tagarakam	tagaram
16047	tawaH	waH	tawaH
16047	tawaH	wA	tawA
16047	tawaH	wI	tawI
16047	tawaH	wam	tawam
16047	tawaH	wam	tawam
16055	taqi	qiH	taqiH
16056	tAqa	qaH	tAqaH
16057	tAqana	nam	tAqanam
16057	tAqana	nA	tAqanA
16057	tAqana	nI	tAqanI
16060	tAqyamAna	naH	tAqyamAnaH
16062	taqAkaH	kA	taqAkA
16069	taRqakaH	kaH	taRqakaH
16069	taRqakaH	kam	taRqakam
16081	taturi	riH	taturiH
16089	taTya	Tyam	taTyam
16089	taTya	taTyena	taTyena
16089	taTya	taTyataH	taTyataH
16101	tata	taH	tataH
16101	tata	tam	tatam
16105	tanaH	nA	tanA
16105	tanaH	nam	tanam
16106	tanayaH	yA	tanayA
16106	tanayaH	yO	tanayO
16106	tanayaH	yam	tanayam
16106	tanayaH	tanayIkfta	tanayIkfta
16124	tantukaH	kI	tantukI
16138	tandra	ndram	tandram
16148	tapa	paH	tapaH
16150	tapana	nam	tapanam
16152	tapanIya	yam	tapanIyam
16155	tapasya	syaH	tapasyaH
16155	tapasya	syA	tapasyA
16159	tapasvin	nI	tapasvinI
16165	tapomaya	yaH	tapomayaH
16166	tapta	ptam	taptam
16167	tApaH	pI	tApI
16168	tApaka	kaH	tApakaH
16169	tApana	naH	tApanaH
16169	tApana	nam	tApanam
16169	tApana	nA	tApanA
16169	tApana	nI	tApanI
16170	tApanIya	yam	tApanIyam
16176	tamam	maH	tamaH
16177	tamakaH	kA	tamakA
16182	tamasa	saH	tamasaH
16182	tamasa	sA	tamasA
16182	tamasa	sam	tamasam
16184	tamasvat	tI	tamasvatI
16190	tamisra	sram	tamisram
16190	tamisra	sraH	tamisraH
16192	tamomaya	yaH	tamomayaH
16204	taraNgita	tam	taraNgitam
16205	taraNgin	RI	taraNgiRI
16206	tarantaH	tI	tarantI
16207	tarala	laH	taralaH
16207	tarala	lA	taralA
16211	taralAyitaH	taH	taralAyitaH
16211	taralAyitaH	tam	taralAyitam
16222	taru	ruH	taruH
16225	taruRa	RaH	taruRaH
16225	taruRa	RI	taruRI
16225	taruRa	Ram	taruRam
16233	taruzaH	zA	taruzA
16237	tarkaH	rkA	tarkA
16238	tarkaka	kaH	tarkakaH
16240	tarkita	tam	tarkitam
16248	tarjanam	nI	tarjanI
16249	tarjita	tam	tarjitam
16265	talaH	laH	talaH
16265	talaH	lam	talam
16266	talakam	kaH	talakaH
16270	talita	tam	talitam
16271	talavaH	kAraH	talavakAraH
16274	talina	nam	talinam
16274	talina	udarI	talinodarI
16276	taluna	naH	talunaH
16276	taluna	nI	talunI
16278	talpaH	lpA	talpA
16282	tallaH	llI	tallI
16282	tallaH	llam	tallam
16290	tavasya	syam	tavasyam
16291	taviza	zaH	tavizaH
16291	taviza	zI	tavizI
16300	taskaraH	rI	taskarI
16324	tAtala	laH	tAtalaH
16325	tAtiH	tiH	tAtiH
16340	tAnaH	nam	tAnam
16344	tAntava	vam	tAntavam
16346	tAntrika	kaH	tAntrikaH
16349	tApasa	saH	tApasaH
16357	tAmarasam	sI	tAmarasI
16358	tAmasa	saH	tAmasaH
16358	tAmasa	sam	tAmasam
16358	tAmasa	sI	tAmasI
16366	tAmra	mraH	tAmraH
16366	tAmra	mram	tAmram
16366	tAmra	mrI	tAmrI
16369	tAmrika	kaH	tAmrikaH
16377	tAra	raH	tAraH
16377	tAra	raH	tAraH
16377	tAra	ram	tAram
16377	tAra	ram	tAram
16385	tArala	laH	tAralaH
16398	tArRa	rRaH	tArRaH
16400	tArtIya	yam	tArtIyam
16402	tAlaH	lam	tAlam
16404	tAlakam	kI	tAlakI
16421	tAvIzaH	zI	tAvIzI
16425	tikta	ktaH	tiktaH
16426	tiktaka	kaH	tiktakaH
16428	tigma	gmam	tigmam
16433	tejanam	nI	tejanI
16447	tintiqaH	kam	tintiqakam
16450	tindukam	kam	tindukam
16457	timira	raH	timiraH
16457	timira	ram	timiram
16484	tirIwam	waH	tirIwaH
16487	tilakaH	kaH	tilakaH
16487	tilakaH	kam	tilakam
16487	tilakaH	kA	tilakA
16487	tilakaH	kam	tilakam
16492	tilya	lyam	tilyam
16497	tizya	zyaH	tizyaH
16497	tizya	zyA	tizyA
16497	tizya	zyam	tizyam
16501	tIkzRa	kzRaH	tIkzRaH
16501	tIkzRa	kzRam	tIkzRam
16504	tIram	raH	tIraH
16505	tIrita	tam	tIritam
16508	tIrTam	rTaH	tIrTaH
16509	tIrTaka	kaH	tIrTakaH
16513	tIrTya	rTyaH	tIrTyaH
16516	tIvra	vraH	tIvraH
16516	tIvra	vram	tIvram
16516	tIvra	vram	tIvram
16516	tIvra	vrA	tIvrA
16523	tuNga	gaH	tuNgaH
16523	tuNga	gam	tuNgam
16528	tucCa	cCA	tucCA
16528	tucCa	cCam	tucCam
16534	tuja	jaH	tujaH
16542	tuRqam	RqaH	tuRqaH
16544	tuRqiH	RqiH	tuRqiH
16545	tuRqika	kA	tuRqikA
16551	tutTaH	tTam	tutTam
16551	tutTaH	tTA	tutTA
16560	tundam	ndaH	tundaH
16560	tundam	ndI	tundI
16563	tundika	kzundilaH	tundikakzundilaH
16570	tumula	laH	tumulaH
16570	tumula	lam	tumulam
16572	tumbaH	tumbA	tumbA
16573	tumbaraH	ram	tumbaram
16578	tur	tur	tur
16579	tura	raH	turaH
16580	turaRa	Ram	turaRam
16585	turagaH	gI	turagI
16587	turaNgaH	gI	turaNgI
16593	turIya	yam	turIyam
16595	turya	ryam	turyam
16601	tulanam	nA	tulanA
16604	tulya	lyam	tulyam
16608	tolya	lyam	tolyam
16614	tuvara	raH	tuvaraH
16614	tuvara	ram	tuvaram
16614	tuvara	rI	tuvarI
16616	tuvi	viH	tuviH
16620	tuzwa	zwaH	tuzwaH
16623	tozaRa	Ram	tozaRam
16623	tozaRa	RI	tozaRI
16627	tuzAra	raH	tuzAraH
16636	tuhina	nam	tuhinam
16640	tURaH	RI	tURI
16648	tUdaH	dI	tUdI
16650	tUbaraH	rI	tUbarI
16651	tUya	yam	tUyam
16653	tUra	rA	tUrA
16654	tUram	rI	tUrI
16660	tUlaH	lam	tUlam
16660	tUlaH	lA	tUlA
16660	tUlaH	lI	tUlI
16687	tftIya	yaH	tftIyaH
16687	tftIya	yam	tftIyam
16694	tarpaRa	Ram	tarpaRam
16698	tfpta	ptam	tfptam
16702	tfpra	praH	tfpraH
16702	tfpra	pram	tfpram
16704	tfpala	laH	tfpalaH
16704	tfpala	lA	tfpalA
16714	tfzita	tam	tfzitam
16719	tfzya	zyam	tfzyam
16723	tara	raH	taraH
16724	taraRaH	Ram	taraRam
16725	taraRi	RiH	taraRiH
16725	taraRi	RiH	taraRiH
16725	taraRi	RI	taraRRI
16726	taraRqaH	RqaH	taraRqaH
16726	taraRqaH	Rqam	taraRqam
16730	tariH	rI	tarI
16731	tarikaH	kA	tarikA
16734	tarIzaH	zI	tarIzI
16735	tAraka	kaH	tArakaH
16735	tAraka	kaH	tArakaH
16735	tAraka	kam	tArakam
16735	tAraka	kam	tArakam
16736	tAraRa	RaH	tAraRaH
16736	tAraRa	Ram	tAraRam
16741	tArya	ryam	tAryam
16756	temanam	nI	temanI
16760	tEjasa	saH	tEjasaH
16760	tEjasa	sam	tEjasam
16763	tEtilaH	lam	tEtilam
16764	tEttiraH	ram	tEttiram
16767	tEttirIya	yaH	tEttirIyaH
16772	tErTika	kaH	tErTikaH
16772	tErTika	kam	tErTikam
16780	tElaNgaH	gAH	tElaNgAH
16783	tokavat	tI	tokavatI
16785	tokmaH	kmam	tokmam
16786	towaka	kaH	towakaH
16793	toraRaH	Ram	toraRam
16793	toraRaH	RaH	toraRaH
16800	tOtikaH	kam	tOtikam
16809	tOzAra	ram	tOzAram
16821	tyAjya	jyam	tyAjyam
16830	trapulam	zam	trapuzam
16834	traya	yam	trayam
16838	trasa	saH	trasaH
16838	trasa	sam	trasam
16843	trAsa	saH	trAsaH
16844	trAsana	nam	trAsanam
16854	trika	kam	trikam
16854	trika	kA	trikA
16855	tritaya	yam	tritayam
16866	trARa	Ram	trARam
16867	trAta	tam	trAtam
16874	trEdaSika	kam	trEdaSikam
16887	trEvarRa	kaH	trEvarRakaH
16889	trEvikrama	mam	trEvikramam
16890	trEvidyam	dyaH	trEvidyaH
16895	trowakam	kaH	trowakaH
16903	tvAzwra	zwrI	tvAzwrI
16903	tvAzwra	zwram	tvAzwram
16920	tUrRa	rRam	tUrRam
16920	tUrRa	rRam	tUrRam
16921	tUrRi	rRiH	tUrRiH
16926	tvarita	tam	tvaritam
16930	tvAzwra	zwraH	tvAzwraH
16930	tvAzwra	zwrI	tvAzwrI
16930	tvAzwra	zwram	tvAzwram
16940	TaH	Tam	Tam
16949	da	daH	daH
16949	da	dam	dam
16949	da	dA	dA
16952	daMSaka	kaH	daMSakaH
16954	daMSita	tam	daMSitam
16960	daMzwrika	kA	daMzwrikA
16962	daSanaH	naH	daSanaH
16962	daSanaH	nam	daSanam
16963	daSera	raH	daSeraH
16970	dakza	kzaH	dakzaH
16970	dakza	kzA	dakzA
16970	dakza	kzam	dakzam
16973	dakziRa	RaH	dakziRaH
16973	dakziRa	RaH	dakziRaH
16973	dakziRa	Ram	dakziRam
16973	dakziRa	Ram	dakziRam
16975	dakziRA	RA	dakziRA
16988	daRqakaH	kaH	daRqakaH
16988	daRqakaH	kA	daRqakA
16988	daRqakaH	kam	daRqakam
17020	dantaka	kaH	dantakaH
17026	dantya	ntyaH	dantyaH
17028	dandaSUkaH	kaH	dandaSUkaH
17034	daBra	BraH	daBraH
17034	daBra	Bram	daBram
17034	daBra	Bram	daBram
17039	damana	naH	damanaH
17039	damana	nam	damanam
17045	damya	myaH	damyaH
17046	dAnta	taH	dAntaH
17060	dayita	taH	dayitaH
17060	dayita	tA	dayitA
17062	dara	raH	daraH
17062	dara	ram	daram
17062	dara	raH	daraH
17062	dara	rA	darA
17062	dara	ram	daram
17068	daradAH	daH	daradaH
17068	daradAH	dam	daradam
17076	darodara	ram	darodaram
17077	dardara	raH	dardaraH
17078	dardarIkaH	kam	dardarIkam
17080	darduraH	rA	dardurA
17080	darduraH	rI	dardurI
17080	darduraH	ram	darduram
17107	davizWa	zWam	davizWam
17110	daSaka	kam	daSakam
17114	daSama	mam	daSamam
17126	dasma	smaH	dasmaH
17130	dasra	srO	dasrO
17130	dasra	sraH	dasraH
17130	dasra	sram	dasram
17132	dahana	naH	dahanaH
17132	dahana	nam	dahanam
17135	dagDa	gDA	dagDA
17135	dagDa	gDam	dagDam
17138	dAhaka	kaH	dAhakaH
17143	dahara	raH	daharaH
17144	dahra	hraH	dahraH
17146	datta	ttaH	dattaH
17146	datta	ttam	dattam
17150	dattrima	maH	dattrimaH
17155	dAtavya	vyam	dAtavyam
17159	dAtvaH	tvam	dAtvam
17160	dAnam	naH	dAnaH
17163	dAnIya	yam	dAnIyam
17164	dAnu	nuH	dAnuH
17170	deya	yam	deyam
17171	dAkza	kzam	dAkzam
17172	dAkzAyaRa	RaH	dAkzAyaRaH
17172	dAkzAyaRa	Ram	dAkzAyaRam
17178	dAkziRa	RA	dAkziRA
17178	dAkziRa	Ram	dAkziRam
17179	dAkziRAtya	tyaH	dAkziRAtyaH
17181	dAkziRya	Ryam	dAkziRyam
17188	dAqimaH	mam	dAqimam
17192	dARqa	RqA	dARqA
17194	dARqAjinika	kaH	dARqAjinikaH
17199	dADika	kam	dADikam
17213	dAmBika	kaH	dAmBikaH
17215	dAyaka	kaH	dAyakaH
17217	dAraH	rAH	dArAH
17218	dAraka	kaH	dArakaH
17219	dAraRam	RI	dAraRI
17226	dAradaH	daH	dAradaH
17226	dAradaH	dam	dAradam
17226	dAradaH	dAH	dAradAH
17228	dAru	ruH	dAruH
17228	dAru	ru	dAru
17229	dArukaH	kA	dArukA
17230	dAruRa	RaH	dAruRaH
17230	dAruRa	Ram	dAruRam
17255	dASeyaH	yI	dASeyI
17261	dASArhAH	rhaH	dASArhaH
17263	dASerakaH	kAH	dASerakAH
17285	diDizAyya	yyam	diDizAyyam
17305	divya	vyaH	divyaH
17305	divya	vyam	divyam
17312	dizwa	zwaH	dizwaH
17312	dizwa	zwam	dizwam
17319	digDa	gDaH	digDaH
17323	dIna	naH	dInaH
17323	dIna	nam	dInam
17323	dIna	nA	dInA
17331	dIkzita	taH	dIkzitaH
17333	dIdivi	viH	dIdiviH
17340	dIpaka	kaH	dIpakaH
17340	dIpaka	kam	dIpakam
17341	dIpana	nam	dIpanam
17341	dIpana	naH	dIpanaH
17341	dIpana	nI	dIpanI
17342	dIpanIya	yaH	dIpanIyaH
17342	dIpanIya	yam	dIpanIyam
17347	dIpta	ptaH	dIptaH
17347	dIpta	ptam	dIptam
17348	dIptakaH	kam	dIptakam
17350	dIptimat	tI	dIptimatI
17351	dIpya	pyam	dIpyam
17353	dIpra	praH	dIpraH
17354	dIrGa	rGaH	dIrGaH
17354	dIrGa	rGA	dIrGA
17354	dIrGa	rGam	dIrGam
17363	duHKa	Kam	duHKam
17367	duHKita	tam	duHKitam
17391	durodaraH	ram	durodaram
17401	duzwa	zwA	duzwA
17401	duzwa	zwam	duzwam
17404	dUzaka	kaH	dUzakaH
17405	dUzaRa	Ram	dUzaRam
17405	dUzaRa	RaH	dUzaRaH
17410	dUzita	tA	dUzitA
17410	dUzita	tam	dUzitam
17412	dUzya	zyam	dUzyam
17412	dUzya	zyA	dUzyA
17417	dozika	kaH	dozikaH
17423	dugDa	gDam	dugDam
17425	duGa	GA	duGA
17428	doGa	GaH	doGaH
17430	dohana	nam	dohanam
17430	dohana	nI	dohanI
17432	dohya	hyam	dohyam
17432	dohya	hyA	dohyA
17445	dUra	ram	dUram
17445	dUra	dUrAt	dUrAt
17455	dfta	tA	dftA
17463	dfQa	Qam	dfQam
17463	dfQa	Qam	dfQam
17473	darpaka	kaH	darpakaH
17474	darpaRaH	Ram	darpaRam
17476	dfpta	ptaH	dfptaH
17479	dfbDa	bDam	dfbDam
17485	darSa	rSaH	darSaH
17485	darSa	darSa	darSa
17485	darSa	darSam	darSam
17486	darSaka	kaH	darSakaH
17487	darSata	taH	darSataH
17488	darSana	nam	darSanam
17498	dfSAnaH	nam	dfSAnam
17500	dfSiH	SiH	dfSiH
17501	dfSIka	kA	dfSIkA
17501	dfSIka	kam	dfSIkam
17502	dfSya	SyaH	dfSyaH
17502	dfSya	Syam	dfSyam
17504	dfzwa	zwam	dfzwam
17509	dfzadvat	tI	dfzadvatI
17512	dIrRa	rRam	dIrRam
17517	deva	vaH	devaH
17517	deva	vam	devam
17518	devaka	kaH	devakaH
17526	devanaH	nam	devanam
17526	devanaH	nA	devanA
17528	devayu	yuH	devayuH
17536	devitavya	vyam	devitavyam
17547	deSika	kaH	deSikaH
17552	deSya	SyaH	deSyaH
17552	deSya	Syam	deSyam
17557	dehaH	haH	dehaH
17557	dehaH	hI	dehI
17561	dehin	nI	dehinI
17575	dEva	vaH	dEvaH
17575	dEva	vam	dEvam
17575	dEva	vI	dEvI
17577	dEvata	tam	dEvatam
17579	dEvatya	tyam	dEvatyam
17580	dEvika	kam	dEvikam
17582	dEvya	vyam	dEvyam
17588	dESika	kaH	dESikaH
17588	dESika	kam	dESikam
17589	dEzwika	kaH	dEzwikaH
17591	dEhya	hyaH	dEhyaH
17621	dOkUlaH	lam	dOkUlam
17652	dOzkula	lam	dOzkulam
17652	dOzkula	lyam	dOzkulyam
17657	dOhitraH	tram	dOhitram
17665	dyukzaH	kzaH	dyukzaH
17672	dyotana	naH	dyotanaH
17672	dyotana	nam	dyotanam
17674	dyotani	niH	dyotaniH
17684	dyUna	nam	dyUnam
17692	drapsa	psaH	drapsaH
17692	drapsa	psam	drapsam
17697	drava	vaH	dravaH
17716	drARa	Ram	drARam
17723	drAGizWa	zWaH	drAGizWaH
17730	drAvaka	kaH	drAvakaH
17730	drAvaka	kam	drAvakam
17735	drAviqaH	qAH	drAviqAH
17735	drAviqaH	qI	drAviqI
17736	drAviqakaH	kam	drAviqakam
17740	druta	taH	drutaH
17740	druta	tam	drutam
17740	druta	tam	drutam
17746	druRaH	Ram	druRam
17755	drugDa	gDam	drugDam
17761	druhaH	hI	druhI
17767	drURaH	Ram	drURam
17771	droRaH	RaH	droRaH
17771	droRaH	Ram	droRam
17771	droRaH	Ram	droRam
17777	drORika	kI	drORikI
17783	dvandaH	dam	dvandam
17784	dvandvam	ndvaH	dvandvaH
17788	dvaya	yam	dvayam
17788	dvaya	yI	dvayI
17794	dvAram	rI	dvArI
17800	dvika	kaH	dvikaH
17801	dvitaya	yam	dvitayam
17802	dvitIya	yaH	dvitIyaH
17802	dvitIya	yA	dvitIyA
17802	dvitIya	yam	dvitIyam
17802	dvitIya	yam	dvitIyam
17817	dvizwa	zwam	dvizwam
17819	dvezaRa	RaH	dvezaRaH
17819	dvezaRa	Ram	dvezaRam
17822	dvezya	zyaH	dvezyaH
17823	dvIpaH	pam	dvIpam
17824	dvIpavat	tI	dvIpavatI
17835	dvEDa	Dam	dvEDam
17835	dvEDa	Dam	dvEDam
17842	dvEpa	paH	dvEpaH
17842	dvEpa	pam	dvEpam
17846	dvEmAtura	raH	dvEmAturaH
17848	dvEraTam	TaH	dvEraTaH
17856	Da	DaH	DaH
17856	Da	Dam	Dam
17863	Dawin	nI	DawinI
17870	Danavat	tI	DanavatI
17873	Danika	kaH	DanikaH
17873	Danika	kaH	DanikaH
17873	Danika	kam	Danikam
17873	Danika	kA	DanikA
17875	DanizWa	zWA	DanizWA
17884	Danya	nyaH	DanyaH
17884	Danya	nyA	DanyA
17884	Danya	nyam	Danyam
17887	Danvam	nvaH	DanvaH
17889	DanvanaH	nam	Danvanam
17895	Dama	maH	DamaH
17899	Damana	naH	DamanaH
17899	Damana	nam	Damanam
17906	Dara	raH	DaraH
17906	Dara	ram	Daram
17907	DaraRa	RaH	DaraRaH
17907	DaraRa	Rama	DaraRam
17913	DaruRa	RaH	DaruRaH
17913	DaruRa	Ram	DaruRam
17918	DarmaH	rmam	Darmam
17926	DarmizWa	zWaH	DarmizWaH
17930	Darzaka	kaH	DarzakaH
17933	Darzita	tam	Darzitam
17933	Darzita	tA	DarzitA
17934	Darzin	RI	DarziRI
17936	Davala	laH	DavalaH
17936	Davala	lam	Davalam
17936	Davala	lA	DavalA
17936	Davala	lI	DavalI
17952	DAnam	nI	DAnI
17976	DAra	raH	DAraH
17977	DAraka	kaH	DArakaH
17977	DAraka	kA	DArakA
17977	DAraka	DArikA	DArikA
17978	DAraRa	RO	DAraRO
17978	DAraRa	Ram	DAraRam
17978	DAraRa	RI	DAraRI
17987	DArita	tam	DAritam
17990	DArya	ryam	DAryam
17993	DArmika	kaH	DArmikaH
17998	DAvaka	kaH	DAvakaH
18011	Dikkfta	tam	Dikkftam
18018	DizaRaH	Ram	DizaRam
18018	DizaRaH	RA	DizaRA
18020	DizRya	zRyaH	DizRyaH
18020	DizRya	zRyam	DizRyam
18028	DIra	raH	DIraH
18028	DIra	ram	DIram
18028	DIra	ram	DIram
18033	DIvaraH	ram	DIvaram
18033	DIvaraH	rI	DIvarI
18037	Duta	ti	Duti
18049	DurIRa	RaH	DurIRaH
18049	DurIRa	yaH	DuryaH
18050	Durya	ryaH	DuryaH
18050	Durya	ryam	Duryam
18061	DUta	tA	DUtA
18064	DUnanaH	nam	DUnanam
18075	DUmala	laH	DUmalaH
18081	DUmita	tA	DUmitA
18082	DUmin	nI	DUminI
18084	DUmra	mraH	DUmraH
18084	DUmra	mrA	DUmrA
18084	DUmra	mram	DUmram
18087	DUrta	rtaH	DUrtaH
18087	DUrta	rtam	DUrtam
18095	DUsara	raH	DUsaraH
18102	Dfta	tam	Dftam
18112	Dfzu	zuH	DfzuH
18113	Dfzwa	zwaH	DfzwaH
18113	Dfzwa	zwA	DfzwA
18120	DenaH	nA	DenA
18126	Deya	yam	Deyam
18136	DOta	tam	DOtam
18144	DOreya	yaH	DOreyaH
18156	DyAma	mam	DyAmam
18165	DyAnin	budDaH	DyAnibudDaH
18165	DyAnin	boDisattvaH	DyAniboDisattvaH
18181	Druva	vaH	DruvaH
18181	Druva	vam	Druvam
18181	Druva	vA	DruvA
18181	Druva	vam	Druvam
18188	DvaMsaH	sI	DvaMsI
18190	DvaMsana	nam	DvaMsanam
18200	Dvajin	nI	DvajinI
18207	Dvanita	tam	Dvanitam
18214	na	naH	naH
18219	nakulaH	lI	nakulI
18221	nakta	ktam	naktam
18225	nakraH	kram	nakram
18225	nakraH	krA	nakrA
18231	naKaH	Kam	naKam
18231	naKaH	KaH	naKaH
18248	nagna	gnaH	nagnaH
18248	nagna	gnA	nagnA
18249	nagnaka	kaH	nagnakaH
18266	naqaH	qaH	naqaH
18272	naqvala	lam	naqvalam
18272	naqvala	lA	naqvalA
18275	nata	tam	natam
18287	nadAla	lam	nadAlam
18295	nandaH	dI	nandI
18296	nandaka	kaH	nandakaH
18300	nandana	naH	nandanaH
18300	nandana	nA	nandanA
18300	nandana	nam	nandanam
18302	nandanta	ntaH	nandantaH
18302	nandanta	tI	nandantI
18304	nandiH	diH	nandiH
18305	nandikaH	kA	nandikA
18306	nandin	nI	nandinI
18312	napuMsakaH	kam	napuMsakam
18316	naBa	BaH	naBaH
18316	naBa	Bam	naBam
18316	naBa	BA	naBA
18317	naBanu	nu	naBanu
18320	naBasa	saH	naBasaH
18322	naBasya	syaH	naBasyaH
18324	naBya	Byam	naByam
18329	namata	taH	namataH
18329	namata	tam	namatam
18330	namanam	naH	namanaH
18335	namasya	syA	namasyA
18340	namraka	kaH	namrakaH
18346	naya	yaH	nayaH
18348	nayanam	nA	nayanA
18348	nayanam	nI	nayanI
18355	narya	ryaH	naryaH
18355	narya	ryO	naryO
18355	narya	ryam	naryam
18356	narakaH	kaH	narakaH
18362	narta	rtaH	nartaH
18363	nartakaH	kI	nartakI
18364	nartanaH	nam	nartanam
18372	nardita	taH	narditaH
18372	nardita	tam	narditam
18386	nalaH	lam	nalam
18390	nalinaH	nam	nalinam
18394	nava	vaH	navaH
18394	nava	vam	navam
18401	navaka	kam	navakam
18402	navata	taH	navataH
18406	navama	mI	navamI
18412	nazwa	zwam	nazwam
18418	nastaH	stam	nastam
18418	nastaH	stA	nastA
18422	nasya	syam	nasyam
18422	nasya	syA	nasyA
18427	nahuzya	zyaH	nahuzyaH
18429	nAka	kaH	nAkaH
18433	nAkzatra	traH	nAkzatraH
18433	nAkzatra	tram	nAkzatram
18434	nAkzatrika	kaH	nAkzatrikaH
18434	nAkzatrika	kI	nAkzatrikI
18435	nAga	gaH	nAgaH
18435	nAga	gam	nAgam
18435	nAga	gI	nAgI
18437	nAgara	raH	nAgaraH
18437	nAgara	ram	nAgaram
18437	nAgara	rI	nAgarI
18438	nAgaraka	kaH	nAgarakaH
18438	nAgaraka	kam	nAgarakam
18446	nAciketaH	tam	nAciketam
18448	nAwakam	kaH	nAwakaH
18448	nAwakam	kI	nAwakI
18449	nAwakIya	yA	nAwakIyA
18454	nAwyam	wyaH	nAwyaH
18458	nAqiMDama	maH	nAqiMDamaH
18466	nAtraH	tram	nAtram
18475	nAdeya	yam	nAdeyam
18475	nAdeya	yI	nAdeyI
18476	nAdya	dyam	nAdyam
18486	nAndana	nam	nAndanam
18492	nApityam	tyaH	nApityaH
18497	nABi	BiH	nABiH
18501	nABya	ByaH	nAByaH
18514	nAyaka	kaH	nAyakaH
18517	nAra	raH	nAraH
18517	nAra	rA	nArA
18517	nAra	ram	nAram
18518	nAraka	kaH	nArakaH
18520	nAraNgaH	Ngam	nAraNgam
18520	nAraNgaH	Ngakam	nAgaraNgakam
18522	nArasiMha	haH	nArasiMhaH
18525	nArAyaRaH	RI	nArAyaRI
18527	nArikeraH	lI	NarikelI
18534	nAla	lam	nAlam
18534	nAla	laH	nAlaH
18538	nAlikaH	kA	nAlikA
18538	nAlikaH	kam	nAlikam
18541	nAlIkaH	kam	nAlIkam
18548	nAvya	vyam	nAvyam
18548	nAvya	vyA	nAvyA
18554	nASana	nam	nASanam
18568	nAsikya	kyaH	nAsikyaH
18568	nAsikya	kyO	nAsikyO
18571	nAsiram	raH	nAsiraH
18585	niHSaNka	Nkam	niHSaNkam
18590	niHSeza	zam	niHSezam
18590	niHSeza	zeRa	niHSezeRa
18595	niHSvasita	tam	niHSvasitam
18598	niHsaMga	gaH	niHsaMgaH
18614	niHsvanaH	naH	niHsvanaH
18617	nikawa	waH	nikawaH
18617	nikawa	wam	nikawam
18619	nikAma	maH	nikAmaH
18619	nikAma	mam	nikAmam
18619	nikAma	mam	nikAmam
18642	nikfta	tam	nikftam
18643	nikfti	tiH	nikftiH
18647	nikfntana	nam	nikfntanam
18650	nikfzwa	zwam	nikfzwam
18653	niketanaH	nam	niketanam
18671	niKarva	rvam	niKarvam
18672	niKila	lena	niKilena
18673	nigaqa	qaH	nigaqaH
18673	nigaqa	qam	nigaqam
18680	nigadita	tam	nigaditam
18689	nigu	guH	niguH
18693	nigaraRam	RaH	nigaraRaH
18697	nigUQa	Qam	nigUQam
18706	nigrahaRa	Ram	nigrahaRam
18709	niGa	GaH	niGaH
18718	niGfzva	zvaH	niGfzvaH
18718	niGfzva	zvam	niGfzvam
18742	niRya	Ryam	niRyam
18745	nitambavat	tI	nitambavatI
18746	nitambin	nI	nitambinI
18749	nitAnta	tam	nitAntam
18750	nitya	tyaH	nityaH
18750	nitya	tyA	nityA
18750	nitya	tyam	nityam
18750	nitya	tyam	nityam
18756	nida	dam	nidam
18761	nidigDa	gDA	nidigDA
18767	nideSin	nI	nideSinI
18770	nidarSana	nam	nidarSanam
18770	nidarSana	nA	nidarSanA
18776	nidrAlu	luH	nidrAluH
18778	niDana	naH	niDanaH
18778	niDana	nam	niDanam
18778	niDana	naH	niDanaH
18778	niDana	nam	niDanam
18793	ninAdita	tam	ninAditam
18810	nipaH	paH	nipaH
18817	nipAtana	nam	nipAtanam
18828	nipIqanam	nA	nipIqanA
18830	nipuRa	Ram	nipuRam
18830	nipuRa	Ram	nipuRam
18837	nibanDaH	Dam	nibanDam
18841	nibarhaRa	nam	nibarhanam
18848	niBa	BaH	niBaH
18848	niBa	Bam	niBam
18853	niBfta	tA	niBftA
18853	niBfta	tam	niBftam
18853	niBfta	tam	niBftam
18884	nimna	mna	nimna
18894	niyata	tam	niyatam
18894	niyata	tam	niyatam
18902	niyAmaka	kaH	niyAmakaH
18908	niyukta	ktaH	niyuktaH
18908	niyukta	ktam	niyuktam
18915	niyojanam	nI	niyojanI
18931	nirasta	staH	nirastaH
18931	nirasta	stam	nirastam
18932	nirasana	nam	nirasanam
18934	nirasa	saH	nirasaH
18953	nirukta	ktam	niruktam
18959	nirUQa	QaH	nirUQaH
18986	nirGarzaRaka	kam	nirGarzaRakam
18995	nirjita	indriyaH	nirjitendriyaH
18996	nirJaraH	raH	nirJaraH
19019	nirdara	raH	nirdaraH
19019	nirdara	ram	nirdaram
19023	nirdahana	nam	nirdahanam
19026	nirdigDa	gDA	nirdigDA
19037	nirDUta	taH	nirDUtaH
19064	nirmanTya	Tyam	nirmanTyam
19068	nirmARam	RA	nirmARA
19071	nirmAlya	lyam	nirmAlyam
19073	nirmukta	ktaH	nirmuktaH
19109	nirvapaRa	Ram	nirvapaRam
19122	nirvAhaRa	Ram	nirvAhaRam
19125	nirvARa	Ram	nirvARam
19139	nirvfta	tam	nirvftam
19174	nivat	tA	nivattA
19179	nivara	raH	nivaraH
19190	nivAta	taH	nivAtaH
19190	nivAta	tam	nivAtam
19198	nivedanam	naH	nivedanaH
19201	nivirISa	sA	nivirIsA
19206	niveSanam	nI	niveSanI
19207	niviSeza	zaH	niviSezaH
19208	nivItam	taH	nivItaH
19208	nivItam	tam	nivItam
19213	nivfta	taH	nivftaH
19213	nivfta	tam	nivftam
19217	nivartana	nam	nivartanam
19220	nivftta	ttam	nivfttam
19224	nivezya	zyaH	nivezyaH
19224	nivezya	zyam	nivezyam
19233	niSAnta	tam	niSAntam
19241	niSita	tam	niSitam
19241	niSita	tA	niSitA
19244	niSArukaH	kam	niSArukam
19252	niScala	lA	niScalA
19260	niScita	tam	niScitam
19260	niScita	tam	niScitam
19278	nizadanam	naH	nizadanaH
19280	nizadvaraH	rA	nizadvarA
19280	nizadvaraH	rI	nizadvarI
19283	nizaDa	DAH	nizaDAH
19283	nizaDa	DaH	nizaDaH
19283	nizaDa	DA	nizaDA
19296	nizUdanam	naH	nizUdanaH
19302	nizkaH	zkaH	nizkaH
19320	nizkfta	tam	nizkftam
19325	nizkarzaH	zam	nizkarzam
19345	nizwya	zwyaH	nizwyaH
19345	nizwya	zwyA	nizwyA
19346	nizWa	zWA	nizWA
19355	nizWyUta	tam	nizWyUtam
19357	nizWura	ram	nizWuram
19368	nizpanda	ndaH	nizpandaH
19375	nizpAva	vaH	nizpAvaH
19383	nisUdana	nam	nisUdanam
19399	nispanda	daH	nispandaH
19413	nihIna	naH	nihInaH
19422	nIta	tam	nItam
19425	nITaH	TA	nITA
19425	nITaH	TA	nITA
19425	nITaH	Tam	nITam
19431	nIca	caH	nIcaH
19431	nIca	cA	nIcA
19431	nIca	cam	nIcam
19443	nIpa	paH	nIpaH
19443	nIpa	pam	nIpam
19449	nIla	laH	nIlaH
19449	nIla	lA	nIlA
19449	nIla	le	nIle
19449	nIla	lam	nIlam
19450	nIlakam	kaH	nIlakaH
19458	nIvaraH	ram	nIvaram
19477	nUtana	nam	nUtanam
19484	nfmRa	mRaH	nfmRaH
19484	nfmRa	mRam	nfmRam
19494	nfSaMsa	sam	nfSaMsam
19497	nfSaMsya	syam	nfSaMsyam
19515	nepaH	pam	nepam
19517	nepAlaH	lAH	nepAlAH
19517	nepAlaH	lam	nepAlam
19517	nepAlaH	lI	nepAlI
19520	nema	maH	nemaH
19521	nemiH	miH	nemiH
19529	nEka	kaH	nEkaH
19532	nEkawika	kaH	nEkawikaH
19536	nEgama	maH	nEgamaH
19539	nEcASAKa	Kam	nEcASAKam
19545	nEtyaka	kam	nEtyakam
19550	nEDana	nam	nEDanam
19553	nEpAla	lI	nEpAlI
19554	nEpAlika	kam	nEpAlikam
19560	nEmitta	ttaH	nEmittaH
19561	nEmittika	kaH	nEmittikaH
19561	nEmittika	kam	nEmittikam
19562	nEmiza	zam	nEmizam
19567	nEyamika	kam	nEyamikam
19577	nErftaH	tam	nErftam
19587	nErvAhika	kam	nErvAhikam
19602	nEzkika	kaH	nEzkikaH
19606	nEzWika	kaH	nEzWikaH
19626	nyakza	kzaH	nyakzaH
19626	nyakza	kzam	nyakzam
19627	nyagroDaH	DI	nyagroDI
19632	nyaYcanam	nI	nyaYcanI
19659	nyubja	bjaH	nyubjaH
19659	nyubja	bjam	nyubjam
19660	nyUna	nam	nyUnam
19660	nyUna	nam	nyUnam
19667	pa	paH	paH
19687	pakzya	kzyaH	pakzyaH
19693	paNkila	laH	paNkilaH
19695	paNkeruh	haH	paNkeruhaH
19701	paNgu	guH	paNguH
19704	paNgula	laH	paNgulaH
19710	pakva	kvam	pakvam
19714	paca	caH	pacaH
19714	paca	cA	pacA
19717	pacata	taH	pacataH
19717	pacata	tam	pacatam
19718	pacana	naH	pacanaH
19718	pacana	nA	pacanA
19718	pacana	nI	pacanI
19718	pacana	nam	pacanam
19723	pacelima	maH	pacelimaH
19728	pajra	jraH	pajraH
19733	paYcaka	kaH	paYcakaH
19733	paYcaka	kam	paYcakam
19733	paYcaka	kam	paYcakam
19736	paYcatA	paYcatAM	paYcatAM
19736	paYcatA	tvam gam	paYcatvam
19736	paYcatA	yA	paYcatAyA
19740	paYcama	maH	paYcamaH
19740	paYcama	mam	paYcamam
19740	paYcama	mam	paYcamam
19740	paYcama	mI	paYcamI
19748	paYcAlAH	laH	paYcAlaH
19754	paYjaram	raH	paYjaraH
19754	paYjaram	ram	paYjaram
19754	paYjaram	raH	paYjaraH
19759	pawaH	waH	pawaH
19759	pawaH	wam	pawam
19761	pawamaya	yaH	pawamayaH
19762	pawaccaraH	ram	pawaccaram
19765	pawalam	laH	pawalaH
19765	pawalam	lI	pawalI
19765	pawalam	laH	pawalaH
19765	pawalam	lam	pawalam
19775	pawIra	raH	pawIraH
19775	pawIra	ram	pawIram
19776	pawu	wuH	pawuH
19776	pawu	wu	pawu
19776	pawu	wu	pawu
19779	pawolaH	lam	pawolam
19781	pawwaH	wwI	pawwI
19810	paRita	tam	paRitam
19812	paRya	RyaH	paRyaH
19820	paRqita	taH	paRqitaH
19821	paRqitaka	kaH	paRqitakaH
19826	pata	taH	pataH
19827	pataka	kaH	patakaH
19828	pataNgaH	Ngam	pataNgam
19838	patanIya	yam	patanIyam
19842	patita	tam	patitam
19843	patera	raH	pateraH
19850	patAkin	nI	patAkinI
19869	patrala	lam	patralam
19878	paTakaH	kaH	paTakaH
19878	paTakaH	kam	paTakam
19884	paTya	TyA	paTyA
19884	paTya	Tyam	paTyam
19887	padam	daH	padaH
19888	padakam	kaH	padakaH
19897	padika	kaH	padikaH
19897	padika	kam	padikam
19902	panna	nnam	pannam
19903	padma	dmam	padmam
19903	padma	dmaH	padmaH
19903	padma	dmA	padmA
19911	padya	dyaH	padyaH
19911	padya	dyA	padyA
19911	padya	dyam	padyam
19919	panasaH	sA	panasA
19919	panasaH	sI	panasI
19919	panasaH	sam	panasam
19926	papu	puH	papuH
19930	payasya	syaH	payasyaH
19930	payasya	syA	payasyA
19932	payasvala	laH	payasvalaH
19933	payasvin	nI	payasvinI
19937	para	raH	paraH
19937	para	ram	param
19938	parakIya	yA	parakIyA
19942	paratra	tram	paratram
19944	paraMtapa	paH	paraMtapaH
19945	parama	mam	paramam
19945	parama	mam	paramam
19951	paramezWa	zWaH	paramezWaH
19953	paraMpara	raH	paraMparaH
19953	paraMpara	rA	paraMparA
19959	paraYjaH	jA	paraYjA
19959	paraYjaH	jam	paraYjam
19969	parAka	kaH	parAkaH
19986	parAcIna	nam	parAcInam
20032	parAsaH	sam	parAsam
20036	parAsu	parAsutA	parAsutA
20036	parAsu	parAsutvam	parAsutvam
20040	parAhata	tam	parAhatam
20040	parAhata	tiH	parAhatiH
20075	parikrAnta	tam	parikrAntam
20082	pariklizwa	zwam	pariklizwam
20085	parikvaRana	naH	parikvaRanaH
20132	pariGaH	GO	pariGO
20144	paricara	raH	paricaraH
20145	paricaraRaH	Ram	paricaraRam
20196	pariRata	taH	pariRataH
20196	pariRata	tam	pariRatam
20220	paritakmya	kmyA	paritakmyA
20234	paritozaRa	Ram	paritozaRam
20240	parityakta	ktam	parityaktam
20269	pariDAnIyam	yA	pariDAnIyA
20284	parinirvARa	Ram	parinirvARam
20326	paripelava	vam	paripelavam
20337	pariplava	vaH	pariplavaH
20338	paripluta	tam	pariplutam
20338	paripluta	tA	pariplutA
20338	paripluta	ti	paripluti
20349	paribfMhita	tam	paribfMhitam
20386	parimaRqala	lam	parimaRqalam
20386	parimaRqala	laH	parimaRqalaH
20430	parimlAna	nam	parimlAnam
20463	parivAdin	nI	parivAdinI
20493	parivIta	tam	parivItam
20494	parivfQa	QaH	parivfQaH
20500	parivfta	tam	parivftam
20507	parivartita	tam	parivartitam
20510	parivftta	ttam	parivfttam
20520	parivedanam	nA	parivedanA
20538	pariSizwa	zwam	pariSizwam
20548	pariSuzka	zkam	pariSuzkam
20568	parizkaRRa	RRaH	parizkaRRaH
20569	parizkanda	ndaH	parizkandaH
20585	parisaMvatsara	raH	parisaMvatsaraH
20642	parihArya	ryaH	parihAryaH
20667	paruza	zam	paruzam
20672	pareta	taH	paretaH
20677	parokza	kzaH	parokzaH
20677	parokza	kzam	parokzam
20685	parkawaH	wam	parkawam
20690	parRam	rRaH	parRaH
20701	parpawaH	wI	parpawI
20704	parparIRam	RaH	parparIRaH
20714	paryanta	taH	paryantaH
20752	paryApta	ptam	paryAptam
20769	paryukzaRam	RI	paryukzaRI
20806	palaH	lam	palam
20809	palaMkazaH	zA	palaMkazA
20811	palalaH	lam	palalam
20826	palASa	SaH	palASaH
20826	palASa	Sam	palASam
20826	palASa	SI	palASI
20833	palita	tam	palitam
20845	pallavaH	vaH	pallavaH
20849	pallavikaH	kA	pallavikA
20850	pallavita	taH	pallavitaH
20856	pavaH	vA	pavA
20856	pavaH	vam	pavam
20858	pavana	naH	pavanaH
20858	pavana	nam	pavanam
20858	pavana	nI	pavanI
20860	pavita	tam	pavitam
20864	pavitra	tram	pavitram
20864	pavitra	trA	pavitrA
20877	paSavya	vyam	paSavyam
20880	paSca	ScA	paScA
20891	pastyam	styA	pastyA
20893	paspaSaH	SAH	paspaSAH
20901	pAMsana	nam	pAMsanam
20905	pAMsula	laH	pAMsulaH
20905	pAMsula	laH	pAMsulaH
20905	pAMsula	lam	pAMsulam
20905	pAMsula	lA	pAMsulA
20907	pAka	kaH	pAkaH
20913	pAkya	kyaH	pAkyaH
20916	pAkzika	kaH	pAkzikaH
20922	pAcaka	kaH	pAcakaH
20922	pAcaka	kam	pAcakam
20923	pAcana	naH	pAcanaH
20923	pAcana	nam	pAcanam
20924	pAcanakaH	kam	pAcanakam
20926	pAcala	laH	pAcalaH
20935	pAYcanada	daH	pAYcanadaH
20937	pAYcayajYika	kam	pAYcayajYikam
20942	pAYcAla	laH	pAYcAlaH
20942	pAYcAla	lAH	pAYcAlAH
20943	pAYcAlaka	kaH	pAYcAlakaH
20949	pAwaH	wA	pAwA
20954	pAwala	laH	pAwalaH
20954	pAwala	lam	pAwalam
20962	pAwalika	kaH	pAwalikaH
20974	pAWadvya	m	pAWadvyam
20977	pARiH	RiH	pARiH
20980	pARika	kaH	pARikaH
20983	pARinIya	yaH	pARinIyaH
20983	pARinIya	yam	pARinIyam
20984	pARqara	ram	pARqaram
20991	pARqu	RquH	pARquH
20994	pARqura	ram	pARquram
20997	pARqyAH	RqyaH	pARqyaH
21003	pAtana	nam	pAtanam
21007	pAtuka	kaH	pAtukaH
21013	pAtaYjala	lam	pAtaYjalam
21014	pAtAlam	laH	pAtAlaH
21021	pAtram	traH	pAtraH
21021	pAtram	trI	pAtrI
21023	pAtrawa	waH	pAtrawaH
21028	pAtrika	kam	pAtrikam
21028	pAtrika	kI	pAtrikI
21028	pAtrika	kA	pAtrikA
21037	pATaH	Tam	pATam
21045	pAdAtaH	tam	pAdAtam
21050	pAduka	kA	pAdukA
21050	pAduka	kam	pAdukam
21053	pAdya	dyam	pAdyam
21058	pAnam	naH	pAnaH
21062	pAnIya	yam	pAnIyam
21064	pApa	pam	pApam
21064	pApa	pam	pApam
21064	pApa	paH	pApaH
21064	pApa	pA	pApA
21065	pApaka	kaH	pApakaH
21065	pApaka	kam	pApakam
21067	pApala	lam	pApalam
21074	pAmara	raH	pAmaraH
21078	pAyanam	nA	pAyanA
21081	pAyya	yyam	pAyyam
21082	pAyasa	saH	pAyasaH
21082	pAyasa	sam	pAyasam
21082	pAyasa	sam	pAyasam
21088	pAraH	raH	pAraH
21090	pArya	ryam	pAryam
21092	pArakya	kyaH	pArakyaH
21092	pArakya	kyam	pArakyam
21097	pAraRa	RaH	pAraRaH
21097	pAraRa	Ram	pAraRam
21097	pAraRa	RA	pAraRA
21105	pAratrya	tryam	pAratryam
21107	pAradaH	dAH	pAradAH
21110	pAradeSika	kaH	pAradeSikaH
21111	pAradeSya	SyaH	pAradeSyaH
21114	pAramahaMsya	syam	pAramahaMsyam
21117	pAramita	tA	pAramitA
21120	pAraMpara	rI	pAraMparI
21123	pAraMparyam	pAraMparyeRa	pAraMparyeRa
21126	pAralOkika	kam	pAralOkikam
21130	pAraSava	vaH	pAraSavaH
21130	pAraSava	vI	pAraSavI
21136	pArasIkaH	kAH	pArasIkAH
21147	pArAvAraH	ram	pArAvAram
21149	pArASaraH	rAH	pArASarAH
21161	pAriRAyya	yyam	pAriRAyyam
21164	pAritozika	kam	pAritozikam
21174	pAriplava	vaH	pAriplavaH
21174	pAriplava	vam	pAriplavam
21175	pAriplAvyaH	vyam	pAriplAvyam
21192	pAriSezyam	zyAt	pAriSezyAt
21193	pArizada	daH	pArizadaH
21193	pArizada	dAH	pArizadAH
21193	pArizada	dam	pArizadam
21196	pArihArika	kaH	pArihArikaH
21196	pArihArika	kI	pArihArikI
21197	pArihAryaH	ryam	pArihAryam
21208	pAruzyam	zyaH	pAruzyaH
21216	pArRa	rRaH	pArRaH
21221	pArTiva	vaH	pArTivaH
21221	pArTiva	vam	pArTivam
21221	pArTiva	vA	pArTivA
21226	pArvaRa	Ram	pArvaRam
21230	pArvatIya	yaH	pArvatIyaH
21231	pArvateya	yam	pArvateyam
21235	pArSva	rSvaH	pArSvaH
21235	pArSva	rSvam	pArSvam
21235	pArSva	rSvaH	pArSvaH
21235	pArSva	rSvam	pArSvam
21239	pArSvikaH	kaH	pArSvikaH
21240	pArzata	taH	pArzataH
21240	pArzata	tI	pArzatI
21247	pAlaH	lI	pAlI
21248	pAlakaH	kam	pAlakam
21249	pAlana	nam	pAlanam
21251	pAlya	lyam	pAlyam
21255	pAlakApyaH	pyam	pAlakApyam
21256	pAlaNkaH	NkI	pAlaNkI
21260	pAlASa	SaH	pAlASaH
21261	pAliH	lI	pAlI
21269	pAvaka	kaH	pAvakaH
21269	pAvaka	kI	pAvakI
21272	pAvana	naH	pAvanaH
21272	pAvana	nam	pAvanam
21280	pASaH	SI	pASI
21290	pASava	vam	pASavam
21292	pASupata	taH	pASupataH
21292	pASupata	tam	pASupatam
21294	pASubanDakaH	kA	pASubanDakA
21295	pAScAtya	tyam	pAScAtyam
21296	pAzaRqa	RqaH	pAzaRqaH
21296	pAzaRqa	RqaH	pAzaRqaH
21296	pAzaRqa	Rqam	pAzaRqam
21298	pAzARaH	RI	pAzARI
21306	piNga	NgaH	piNgaH
21306	piNga	NgA	piNgA
21306	piNga	Ngam	piNgam
21307	piNgala	laH	piNgalaH
21307	piNgala	lam	piNgalam
21307	piNgala	lA	piNgalA
21312	piNgASaH	Sam	piNgASam
21312	piNgASaH	SI	piNgASI
21322	piccawa	waH	piccawaH
21322	piccawa	wam	piccawam
21326	picCam	cCaH	picCaH
21326	picCam	cCA	picCA
21330	picCila	laH	picCilaH
21330	picCila	lA	picCilA
21330	picCila	lam	picCilam
21334	piYja	YjaH	piYjaH
21334	piYja	Yjam	piYjam
21334	piYja	YjA	piYjA
21337	piYjara	raH	piYjaraH
21337	piYjara	ram	piYjaram
21341	piYjala	lam	piYjalam
21341	piYjala	lI	piYjalI
21350	piwaH	wam	piwam
21351	piwakaH	kA	piwakA
21359	piWaraH	ram	piWaram
21359	piWaraH	raH	piWaraH
21364	piRqa	RqaH	piRqaH
21364	piRqa	Rqam	piRqam
21364	piRqa	Rqam	piRqam
21365	piRqakaH	kaH	piRqakaH
21367	piRqanam	naH	piRqanaH
21374	piRqita	taH	piRqitaH
21376	piRqila	laH	piRqilaH
21379	piRqIra	raH	piRqIraH
21382	pitAmahaH	hAH	pitAmahAH
21385	pitf	rO	pitrO
21385	pitf	raH	pitraH
21392	pittala	lam	pittalam
21393	pitrya	tryaH	pitryaH
21393	pitrya	tryA	pitryA
21393	pitrya	tryam	pitryam
21399	piDAnam	nI	piDAnI
21402	pihita	tam	pihitam
21412	pipatizu	zuH	pipatizuH
21418	pipIlikaH	kam	pipIlikam
21421	pippalaH	lam	pippalam
21426	piyAlaH	lam	piyAlam
21430	pilla	llam	pillam
21434	piSaNga	NgaH	piSaNgaH
21443	piSuna	naH	piSunaH
21443	piSuna	nam	piSunam
21448	pizwa	zwam	pizwam
21449	pizwakaH	kam	pizwakam
21468	pIqita	tam	pIqitam
21468	pIqita	tam	pIqitam
21469	pIta	taH	pItaH
21469	pIta	tam	pItam
21470	pItaka	kaH	pItakaH
21470	pItaka	kam	pItakam
21471	pItanaH	nam	pItanam
21472	pItala	laH	pItalaH
21472	pItala	lam	pItalam
21478	pITaH	Tam	pITam
21486	pIluH	lu	pIlu
21492	pIvara	raH	pIvaraH
21492	pIvara	rI	pIvarI
21499	pukkaSa	SaH	pukkaSaH
21499	pukkaSa	zaH	pukkazaH
21499	pukkaSa	saH	pukkasaH
21499	pukkaSa	SI	pukkaSI
21499	pukkaSa	sI	pukkasI
21500	pukkaSaka	kaH	pukkaSakaH
21517	puwaH	waH	puwaH
21517	puwaH	wam	puwam
21522	puwita	tam	puwitam
21531	puRqarIkam	kaH	puRqarIkaH
21534	puRqraH	RqrAH	puRqRqrAH
21536	puRya	Ryam	puRyam
21536	puRya	RyA	puRyA
21537	puRyakam	kaH	puRyakaH
21543	putraH	trO	putrO
21548	putrin	RI	putriRI
21556	pudgala	laH	pudgalaH
21565	pura	ram	puram
21566	puraYjanaH	nI	puraYjanI
21567	puraMdaraH	rA	puraMdarA
21590	purohita	taH	purohitaH
21592	purAtana	naH	purAtanaH
21594	purARa	Ram	purARam
21594	purARa	RaH	purARaH
21600	purIzam	zyam	purIzyam
21601	purIzaRaH	Ram	purIzaRam
21605	puru	ruH	puruH
21607	puruzaH	zI	puruzI
21607	puruzaH	zam	puruzam
21611	puruzAyita	tam	puruzAyitam
21618	pula	laH	pulaH
21618	pula	lam	pulam
21618	pula	lI	pulI
21641	puzwa	zwaH	puzwaH
21641	puzwa	zwam	puzwam
21643	puzkaram	raH	puzkaraH
21643	puzkaram	raH	puzkaraH
21643	puzkaram	ram	puzkaram
21648	puzkala	laH	puzkalaH
21648	puzkala	lam	puzkalam
21656	puzpavat	tI	puzpavatI
21660	puzpita	tA	puzpitA
21663	puzyaH	zyam	puzyam
21663	puzyaH	zyA	puzyA
21668	pustakaH	AgAram	pustakAgAram
21668	pustakaH	AstaraRam	pustakAstraRam
21668	pustakaH	mudrA	pustakamudrA
21668	pustakaH	pustikApUlikaH	pustikApUlikaH
21672	pUta	taH	pUtaH
21672	pUta	tam	pUtam
21672	pUta	tA	pUtA
21675	pUgaH	gam	pUgam
21679	pUjanam	nA	pUjanA
21679	pUjanam	nI	pUjanI
21683	pUjila	laH	pUjilaH
21684	pUjya	jyaH	pUjyaH
21689	pUtanaH	nA	pUtanA
21690	pUti	tiH	pUtiH
21691	pUtika	kam	pUtikam
21700	pUraH	ram	pUram
21701	pUraka	kaH	pUrakaH
21702	pUraRa	RaH	pUraRaH
21702	pUraRa	RI	pUraRI
21702	pUraRa	Ram	pUraRam
21706	pUrRa	rRA	pUrRA
21706	pUrRa	rRam	pUrRam
21710	pUrta	rtam	pUrtam
21715	pUrva	rvaH	pUrvaH
21715	pUrva	rvam	pUrvam
21715	pUrva	rvA	pUrvA
21715	pUrva	rvam	pUrvam
21716	pUrvaka	kaH	pUrvakaH
21731	pUzaH	zA	pUzA
21731	pUzaH	zam	pUzam
21735	pfkta	ktam	pfktam
21760	pfTu	TuH	pfTuH
21760	pfTu	Tu	pfTu
21761	pfTukaH	kaH	pfTukaH
21761	pfTukaH	kA	pfTukA
21766	pfSana	nam	pfSanam
21767	pfSni	SniH	pfSniH
21767	pfSni	Sni	pfSni
21771	pfzata	taH	pfzataH
21779	pfzwa	zwam	pfzwam
21785	pfzWya	zWyaH	pfzWyaH
21785	pfzWya	zWyA	pfzWyA
21785	pfzWya	zWyam	pfzWyam
21791	pewaH	waH	pewaH
21799	petvam	tvaH	petvaH
21800	peya	yam	peyam
21800	peya	yA	peyA
21807	pelaH	lam	pelam
21807	pelaH	pelakaH	pelakaH
21815	peSala	lam	peSalam
21815	peSala	laH	peSalaH
21829	pENgalaH	lam	pENgalam
21839	pEtAmaha	hAH	pEtAmahAH
21839	pEtAmaha	ham	pEtAmaham
21842	pEtfka	kam	pEtfkam
21844	pEtfzvaseyaH	yI	pEtfzvaseyI
21847	pEtra	tram	pEtram
21854	pESAca	caH	pESAcaH
21854	pESAca	cI	pESAcI
21860	pEzwika	kam	pEzwikam
21863	pogaRqa	RqaH	pogaRqaH
21901	pOMsna	snam	pOMsnam
21903	pOgaRqa	Rqam, pOgaRqakam	pOgaRqam
21904	pORqarIka	kaH	pORqarIkaH
21913	pOtra	traH	pOtraH
21913	pOtra	trI	pOtrI
21913	pOtra	tram	pOtram
21921	pOnarBava	vaH	pOnarBavaH
21922	pOra	raH	pOraH
21922	pOra	rI	pOrI
21922	pOra	ram	pOram
21926	pOraMdara	ram	pOraMdaram
21928	pOrava	vaH	pOravaH
21932	pOrARika	kaH	pOrARikaH
21934	pOruza	zaH	pOruzaH
21934	pOruza	zI	pOruzI
21934	pOruza	zam	pOruzam
21936	pOruzeya	yaH	pOruzeyaH
21936	pOruzeya	yam	pOruzeyam
21945	pOrRamAsa	saH	pOrRamAsaH
21945	pOrRamAsa	sam	pOrRamAsam
21961	pOloma	maH	pOlomaH
21963	pOzaH	zI	pOzI
21963	pOzaH	zam	pOzam
21970	pOzwika	kam	pOzwikam
21972	pOzpa	zpI	pOzpI
21977	pyAyana	nam	pyAyanam
21984	prakawa	wam	prakawam
21993	prakampana	naH	prakampanaH
21993	prakampana	nam	prakampanam
21996	prakAlana	naH	prakAlanaH
21996	prakAlana	nam	prakAlanam
21999	prakARqaH	RqaH	prakARqaH
22002	prakAma	maH	prakAmaH
22002	prakAma	mam	prakAmam
22002	prakAma	Buj	prakAmaBuj
22005	prakASa	SaH	prakASaH
22005	prakASa	Sam	prakASam
22005	prakASa	Sam	prakASam
22005	prakASa	Se	prakASe
22006	prakASaka	kaH	prakASakaH
22008	prakASana	nam	prakASanam
22008	prakASana	naH	prakASanaH
22008	prakASana	nA	prakASanA
22009	prakASita	tam	prakASitam
22010	prakASya	Syam	prakASyam
22016	prakopana	nam	prakopanam
22016	prakopana	Ram	prakopaRam
22021	prakaraH	ram	prakaram
22028	prakfta	tam	prakftam
22035	prakarzaRa	Ram	prakarzaRam
22036	prakarzita	tam	prakarzitam
22041	prakIrRa	rRam	prakIrRam
22042	prakIrRaka	kaH	prakIrRakaH
22042	prakIrRaka	kam	prakIrRakam
22042	prakIrRaka	kaH	prakIrRakaH
22042	prakIrRaka	kam	prakIrRakam
22044	prakIrtanam	nA	prakIrtanA
22051	prakalpita	tA	prakalpitA
22052	prakxpta	m	prakxptam
22053	praketa	taH	praketaH
22057	prakKara	raH	prakKaraH
22062	prakrAnta	tam	prakrAntam
22077	prakzIRa	Ram	prakzIRam
22090	prakzveqita	tam	prakzveqitam
22091	praKara	raH	praKaraH
22093	praKya	KyaH	praKyaH
22109	pragalBa	lBA	pragalBA
22112	pragAQa	Qam	pragAQam
22112	pragAQa	Qam	pragAQam
22115	pragIta	tam	pragItam
22129	pragraha	haH	pragrahaH
22138	praGarzaRaH	Ram	praGarzaRam
22139	praGasa	saH	praGasaH
22142	praGUrRa	rRaH	praGUrRaH
22148	pracaRqa	RqaH	pracaRqaH
22154	pracaraRam	RI	pracaraRI
22161	pracala	laH	pracalaH
22163	pracalita	tam	pracalitam
22166	pracalAkaH	kA	pracalAkA
22168	pracalAyita	tam	pracalAyitam
22182	pracodin	nI	pracodinI
22183	pracura	raH	pracuraH
22197	pracCanna	nnam	pracCannam
22197	pracCanna	nnam	pracCannam
22198	pracCAdaka	kaH	pracCAdakaH
22220	prajanana	nam	prajananam
22226	prajAta	tA	prajAtA
22229	prajAvat	tI	prajAvatI
22233	prajalpita	tam	prajalpitam
22249	prajYa	jYaH	prajYaH
22254	prajYAna	nam	prajYAnam
22262	prajvalita	tam	prajvalitam
22281	praRASana	nam	praRASanam
22304	praRayin	nI	praRayinI
22307	praRIta	taH	praRItaH
22307	praRIta	tA	praRItA
22307	praRIta	tam	praRItam
22320	pratata	tam	pratatam
22324	pratAnin	nI	pratAninI
22333	pratApana	nam	pratApanam
22333	pratApana	naH	pratApanaH
22344	pratalam	laH	pratalaH
22353	pratikartavya	ryam	pratikAryam
22358	pratikfta	tam	pratikftam
22368	pratikzipta	ptam	pratikziptam
22390	pratiGa	GaH	pratiGaH
22416	pratijYAta	tam	pratijYAtam
22418	pratijYeya	yaH	pratijYeyaH
22426	pratideya	yam	pratideyam
22507	pratibanDaka	kaH	pratibanDakaH
22524	pratiboDaka	kaH	pratiboDakaH
22525	pratiboDana	nam	pratiboDanam
22525	pratiboDana	nA	pratiboDanA
22553	pratimA	mA	pratimA
22563	pratiyatna	tnaH	pratiyatnaH
22597	prativAkya	kyam	prativAkyam
22650	pratiSruta	tam	pratiSrutam
22665	pratizWApanam	nA	pratizWApanA
22669	pratizWita	taH	pratizWitaH
22701	pratisara	raH	pratisaraH
22701	pratisara	ram	pratisaram
22701	pratisara	raH	pratisaraH
22701	pratisara	rA	pratisarA
22729	pratihAraH	rI	pratihArI
22737	pratIka	kaH	pratIkaH
22737	pratIka	kam	pratIkam
22753	pratIpa	paH	pratIpaH
22753	pratIpa	pam	pratIpam
22753	pratIpa	pam	pratIpam
22779	pratAraRam	RA	pratAraRA
22783	pratna	tnam	pratnam
22785	pratyakza	kzam	pratyakzam
22812	pratyarTa	rTam	pratyarTam
22812	pratyarTa	vedanaH	pratyarTavedanaH
22836	pratyAkalita	tam	pratyAkalitam
22861	pratyAyanam	nam	pratyAyanam
22861	pratyAyanam	nA	pratyAyanA
22887	pratyutpanna	nnam	pratyutpannam
22914	pratyUzaH	zaH	pratyUzaH
22923	praTama	maH	praTamaH
22923	praTama	mA	praTamA
22923	praTama	mam	praTamam
22926	praTita	taH	praTitaH
22932	praTu	TuH	praTuH
22935	pradakziRa	RaH	pradakziRaH
22935	pradakziRa	RA	pradakziRA
22935	pradakziRa	Ram	pradakziRam
22935	pradakziRa	Ram	pradakziRam
22945	prada	dA	pradA
22961	pradigDa	gDam	pradigDam
22967	pradIpana	nam	pradIpanam
22967	pradIpana	naH	pradIpanaH
22974	pradoza	zaH	pradozaH
22975	pradozaka	kaH	pradozakaH
22978	pradarSaka	kaH	pradarSakaH
22979	pradarSanam	nA	pradarSanA
22985	pradyotanam	naH	pradyotanaH
22990	pradrava	vaH	pradravaH
23000	praDAna	nam	praDAnam
23000	praDAna	naH	praDAnaH
23000	praDAna	nam	praDAnam
23001	praDAnaka	kam	praDAnakam
23005	praDAvanaH	nam	praDAvanam
23009	praDUpita	tA	praDUpitA
23012	praDAraRa	RA	praDAraRA
23035	pranftta	ttam	pranfttam
23052	prapaTa	TaH	prapaTaH
23062	praparRa	rRam	praparRam
23076	prapitAmahaH	hI	prapitAmahI
23092	prapOtraH	trI	prapOtrI
23105	prabala	laH	prabalaH
23105	prabala	lam	prabalam
23114	prabAlaH	laH	prabAlaH
23124	praboDana	nam	praboDanam
23131	praBaYjanam	naH	praBaYjanaH
23133	praBadraka	kam	praBadrakam
23136	praBAta	tam	praBAtam
23143	praBAzita	tam	praBAzitam
23145	praBAsaH	saH	praBAsaH
23145	praBAsaH	sam	praBAsam
23149	praBinna	nnaH	praBinnaH
23153	praBava	vaH	praBavaH
23156	praBavizRu	zRuH	praBavizRuH
23160	praBAvana	naH	praBAvanaH
23160	praBAvana	nA	praBAvanA
23161	praBu	BuH	praBuH
23163	praBUta	tam	praBUtam
23173	praBrazwa	zwam	praBrazwam
23181	pramaTita	tam	pramaTitam
23185	pramATaH	TAH	pramATAH
23192	pramada	daH	pramadaH
23207	pramardanam	naH	pramardanaH
23211	pramARam	RaH	pramARaH
23211	pramARam	RI	pramARI
23212	pramARaka	kaH	pramARakaH
23215	pramARika	kA	pramARikA
23220	pramApaka	kaH	pramApakaH
23224	prameya	yam	prameyam
23225	pramAtAmahaH	hI	pramAtAmahI
23232	pramIta	taH	pramItaH
23238	pramuKa	KaH	pramuKaH
23238	pramuKa	Kam	pramuKam
23246	pramudita	tam	pramuditam
23248	pramodanam	naH	pramodanaH
23249	pramodita	taH	pramoditaH
23252	pramuzita	tA	pramuzitA
23259	pramfta	tam	pramftam
23272	prayata	taH	prayataH
23285	prayAta	taH	prayAtaH
23285	prayAta	tam	prayAtam
23292	prayukta	ktam	prayuktam
23301	prayojaka	kaH	prayojakaH
23304	prayojya	jyaH	prayojyaH
23304	prayojya	jyam	prayojyam
23305	prayuta	tam	prayutam
23311	prarocana	nam	prarocanam
23323	pralapita	tam	pralapitam
23332	pralamba	mbaH	pralambaH
23346	pralubDa	bDA	pralubDA
23354	pralepaka	kaH	pralepakaH
23361	pravacanam	naH	pravacanaH
23362	pravacanIya	yaH	pravacanIyaH
23365	pravaRa	RaH	pravaRaH
23365	pravaRa	Ram	pravaRam
23383	pravara	raH	pravaraH
23383	pravara	rA	pravarA
23383	pravara	ram	pravaram
23402	pravAhaka	kaH	pravAhakaH
23416	pravAta	tam	pravAtam
23461	praveSita	tA	praveSitA
23471	pravIra	raH	pravIraH
23476	pravartaka	kaH	pravartakaH
23476	pravartaka	kam	pravartakam
23477	pravartanam	nA	pravartanA
23481	pravftta	ttaH	pravfttaH
23511	pravrajita	taH	pravrajitaH
23511	pravrajita	tA	pravrajitA
23511	pravrajita	tam	pravrajitam
23514	pravrAj	jikA	pravrAjikA
23530	praSamana	nam	praSamanam
23535	praSAKa	KA	praSAKA
23557	praSlizwa	zwaH	praSlizwaH
23567	prasaMKyAnaH	nam	prasaMKyAnam
23570	prasakta	ktam	prasaktam
23580	prasanna	nnA	prasannA
23584	prasAdana	naH	prasAdanaH
23584	prasAdana	nam	prasAdanam
23584	prasAdana	nA	prasAdanA
23584	prasAdana	nI	prasAdanI
23590	prasaBaH	Bam	prasaBam
23598	prasaha	haH	prasahaH
23599	prasahanaH	nam	prasahanam
23604	prasADaka	kaH	prasADakaH
23605	prasADanam	naH	prasADanaH
23605	prasADanam	nam	prasADanam
23605	prasADanam	nI	prasADanI
23608	prasita	tam	prasitam
23611	prasidDa	dDA	prasidDA
23626	prasUta	tam	prasUtam
23626	prasUta	tA	prasUtA
23629	prasUna	nam	prasUnam
23630	prasUnakam	kaH	prasUnakaH
23633	prasaraH	ram	prasaram
23640	prasfta	taH	prasftaH
23640	prasfta	taH	prasftaH
23640	prasfta	tam	prasftam
23640	prasfta	tam	prasftam
23640	prasfta	tA	prasftA
23645	prasfzwa	zwA	prasfzwA
23656	praskandanam	naH	praskandanaH
23658	praskanna	nnaH	praskannaH
23675	prastuta	tam	prastutam
23680	prasTa	sTaH	prasTaH
23680	prasTa	sTam	prasTam
23683	prasTApanam	nA	prasTApanA
23687	prasTita	tam	prasTitam
23711	prasravaH	vAH	prasravAH
23711	prasravaH	vam	prasravam
23712	prasravaRam	RaH	prasravaRaH
23720	prasvApana	nam	prasvApanam
23735	prahasita	tam	prahasitam
23745	prahIRa	Ram	prahIRam
23749	prahita	tam	prahitam
23765	prahfta	tam	prahftam
23768	praharzaRam	RaH	praharzaRaH
23784	prahnAdana	nam	prahnAdanam
23793	prAMSu	SuH	prAMSuH
23804	prAkfta	taH	prAkftaH
23804	prAkfta	tam	prAkftam
23807	prAktana	nam	prAktanam
23826	prAcIna	naH	prAcInaH
23826	prAcIna	nam	prAcInam
23826	prAcIna	nam	prAcInam
23827	prAcya	cyAH	prAccyAH
23840	prAjApatya	tyaH	prAjApatyaH
23840	prAjApatya	tyam	prAjApatyam
23844	prAjYa	jYaH	prAjYaH
23844	prAjYa	jYA	prAjYA
23844	prAjYa	jYI	prAjYI
23854	prARaTa	TaH	prARaTaH
23855	prARanaH	nam	prARanam
23866	prAtastana	nam	prAtastanam
23882	prAtipadika	kaH	prAtipadikaH
23882	prAtipadika	kam	prAtipadikam
23884	prAtiBa	Bam	prAtiBam
23918	prAdeSika	kaH	prAdeSikaH
23927	prADva	DvaH	prADvaH
23927	prADva	Dvam	prADvam
23933	prApaka	kaH	prApakaH
23951	prAmARika	kaH	prAmARikaH
23959	prAyaRIya	yam	prAyaRIyam
23959	prAyaRIya	yaH	prAyaRIyaH
23978	prArabDa	bDam	prArabDam
23987	prArTaka	kaH	prArTakaH
23989	prArTanIya	yam	prArTanIyam
23995	prAlamba	mbaH	prAlambaH
23995	prAlamba	mbam	prAlambam
24014	prAvfta	taH	prAvftaH
24014	prAvfta	tam	prAvftam
24016	prAvfttika	kaH	prAvfttikaH
24019	prAvfzika	kaH	prAvfzikaH
24020	prAvfzija	jaH	prAvfzijaH
24021	prAvfzeRya	RyaH	prAvfzeRyaH
24021	prAvfzeRya	Ryam	prAvfzeRyam
24022	prAvfzyaH	zyam	prAvfzyam
24024	prAveSana	nam	prAveSanam
24032	prASanIya	yam	prASanIyam
24033	prASita	tam	prASitam
24038	prASu	SuH	prASuH
24039	prASnika	kaH	prASnikaH
24045	prAsika	kaH	prAsikaH
24055	prAsAdika	kA	prAsAdikA
24060	prAsTAnika	kam	prAsTAnikam
24071	priya	yaH	priyaH
24071	priya	yA	priyA
24071	priya	yam	priyam
24071	priya	yam	priyam
24071	priya	priyeRa	priyeTa
24073	priyaMvada	daH	priyaMvadaH
24074	priyakaH	kI	priyakI
24074	priyakaH	kam	priyakam
24076	priyaNguH	gu	priyaNgu
24077	priyatama	maH	priyatamaH
24077	priyatama	mA	priyatamA
24081	priyAlaH	lA	priyAlA
24086	prIRana	nam	prIRanam
24088	prIta	tam	prItam
24100	preta	taH	pretaH
24109	prekzaRIya	yam	prekzaRIyam
24113	prekzita	tam	prekzitam
24118	preNKaRa	Ram	preNKaRam
24130	preyas	sI	preyasI
24136	prerita	taH	preritaH
24143	prezya	zyaH	prezyaH
24143	prezya	zyA	prezyA
24143	prezya	zyam	prezyam
24144	prezWa	zWaH	prezWaH
24144	prezWa	zWA	prezWA
24151	prEzyaH	zyA	prEzyA
24151	prEzyaH	zyam	prEzyam
24153	prokzaRam	RI, prokzaRiH	prokzaRI
24173	prota	tam	protam
24193	proTa	TaH	proTaH
24193	proTa	Tam	proTam
24193	proTa	TaH	proTaH
24225	proha	haH	prohaH
24226	proQa	QA	proQA
24242	plava	vaH	plavaH
24247	plavana	nam	plavanam
24253	plAvita	tam	plAvitam
24255	pluta	tam	plutam
24263	plozaRa	Ram	plozaRam
24283	PaRaH	RaH	PaRaH
24296	ParParIkaH	kam	ParParIkam
24296	ParParIkaH	kA	ParParIkA
24303	Palavat	tI	PalavatI
24310	Palita	taH	PalitaH
24310	Palita	tA	PalitA
24310	Palita	tam	Palitam
24312	Palina	naH	PalinaH
24318	Palgu	lguH	PalguH
24320	Palguna	naH	PalgunaH
24330	PARwa	waH	PARwaH
24330	PARwa	wam	PARwam
24330	PARwa	Rwam	PARwam
24334	PAlaH	laH	PAlaH
24334	PAlaH	lam	PAlam
24358	Pulla	llam	Pullam
24365	PeRaka	kA	PeRakA
24369	Penila	laH	PenilaH
24382	bakaH	kI	bakI
24386	bakura	raH	bakuraH
24387	bakulaH	lam	bakulam
24387	bakulaH	lI	bakulI
24398	badaraH	rA	badarA
24398	badaraH	ram	badaram
24414	banDakaH	kam	banDakam
24414	banDakaH	kI	banDakI
24415	banDana	nam	banDanam
24415	banDana	nam	banDanam
24415	banDana	nI	banDanI
24421	banDukaH	kA	banDukA
24421	banDukaH	kI	banDukI
24426	banDura	raH	banDuraH
24426	banDura	rAH	banDurAH
24426	banDura	rA	banDurA
24426	banDura	ram	banDuram
24428	banDula	laH	banDulaH
24429	banDUkaH	kam	banDUkam
24431	banDUra	ram	banDUram
24440	baBru	BruH	baBruH
24440	baBru	BrUH	baBrUH
24451	barbaraH	rA	barbarA
24451	barbaraH	ram	barbaram
24453	barburaH	raH	barburaH
24453	barburaH	ram	barburam
24461	barhiRa	RaH	barhiRaH
24463	barhizWa	zWam	barhizWam
24465	barhizka	zkam	barhizkam
24468	balam	laH	balaH
24469	balakaH	kam	balakam
24470	balakza	kzaH	balakzaH
24475	balavat	tI	balavatI
24479	balAkaH	kA	balAkA
24490	baliH	liH	baliH
24497	balizWa	zWaH	balizWaH
24501	balya	lyaH	balyaH
24501	balya	lyam	balyam
24510	ballavaH	vI	ballavI
24520	bahala	laH	bahalaH
24520	bahala	lA	bahalA
24531	bahuka	kaH	bahukaH
24536	bahutiTa	Tam	bahutiTam
24540	bahula	laH	bahulaH
24540	bahula	lA	bahulA
24540	bahula	lam	bahulam
24540	bahula	lam	bahulam
24560	bAQa	Qam	bAQam
24561	bARaH	RaH	bARaH
24561	bARaH	RA	bARA
24561	bARaH	RaH	bARaH
24561	bARaH	RA	bARA
24561	bARaH	Ram	bARam
24563	bAdara	raH	bAdaraH
24563	bAdara	ram	bAdaram
24563	bAdara	rA	bAdarA
24569	bADaH	DA	bADA
24570	bADaka	kaH	bADakaH
24571	bADana	nam	bADanam
24571	bADana	nA	bADanA
24587	bArhaspatya	tyaH	bArhaspatyaH
24587	bArhaspatya	tyam	bArhaspatyam
24587	bArhaspatya	tyAH	bArhaspattyAH
24589	bAla	laH	bAlaH
24590	bAlaka	kaH	bAlakaH
24590	bAlaka	kam	bAlakam
24600	bAliSa	SaH	bAliSaH
24600	bAliSa	Sam	bAliSam
24609	bAleya	yaH	bAleyaH
24614	bAzpakaH	kA	bAzpakA
24621	bAhIka	kAH	bAhIkAH
24621	bAhIka	kaH	bAhIkaH
24622	bAhuH	hU	bAhU
24623	bAhuka	kaH	bAhukaH
24632	bAhula	laH	bAhulaH
24632	bAhula	lam	bAhulam
24632	bAhula	lI	bAhulI
24638	bAhya	hyaH	bAhyaH
24638	bAhya	hyam	bAhyam
24638	bAhya	bAhyena	bAhyena
24638	bAhya	bAhye	bAhye
24639	bAhlakAH	kaH	bAhlakAHkaH
24639	bAhlakAH	kam	bAhlakam
24648	biqAlaH	lI	biqAlI
24649	biqAlakaH	kam	biqAlakam
24663	biBIzaRa	Ram	biBIzaRam
24663	biBIzaRa	RA	biBIzaRA
24663	biBIzaRa	RaH	biBIzaRaH
24665	biBrakzu	kzuH	biBrakzuH
24666	biBrajjizu	zuH	biBrajjizuH
24667	bimbaH	mbaH	bimbaH
24667	bimbaH	mbam	bimbam
24677	bilam	laH	bilaH
24682	bilvaH	lvam	bilvam
24694	bIjam	jaH	bIjaH
24695	bIjakaH	kam	bIjakam
24701	bIBatsa	tsaH	bIBatsaH
24701	bIBatsa	tsA	bIBatsA
24701	bIBatsa	tsam	bIBatsam
24702	bIBatsu	tsuH	bIBatsuH
24707	bukkaH	kkaH	bukkaH
24707	bukkaH	kkA	bukkA
24718	budDa	dDaH	budDaH
24718	budDa	dDam	budDam
24722	buDa	DaH	buDaH
24722	buDa	DA	buDA
24722	buDa	De	buDe
24747	busam	sA	busA
24755	bfMhaRa	RaH	bfMhaRaH
24755	bfMhaRa	Ram	bfMhaRam
24756	bfMhita	tam	bfMhitam
24758	bfhat	tI	bfhatI
24765	bEjika	kaH	bEjikaH
24765	bEjika	kam	bEjikam
24770	bElva	lvam	bElvam
24773	boDa	DaH	boDaH
24774	boDaka	kaH	boDakaH
24776	boDana	naH	boDanaH
24776	boDana	nam	boDanam
24776	boDana	nI	boDanI
24779	boDAna	naH	boDAnaH
24785	bOdDa	dDaH	bOdDaH
24791	brahmaRya	RyaH	brahmaRyaH
24791	brahmaRya	RyA	brahmaRyA
24795	brahmamaya	yam	brahmamayam
24800	brahmizWa	zWA	brahmizWA
24805	brAhma	hmaH	brAhmaH
24805	brAhma	hmam	brAhmam
24806	brAhmaRa	RaH	brAhmaRaH
24806	brAhmaRa	Ram	brAhmaRam
24814	brAhmaRya	RyaH	brAhmaRyaH
24814	brAhmaRya	Ryam	brAhmaRyam
24816	brAhmya	hmyam	brAhmyam
24822	Bakta	ktaH	BaktaH
24822	Bakta	ktam	Baktam
24830	Bakzaka	kaH	BakzakaH
24831	BakzaRa	Ram	BakzaRam
24834	Bakzita	tam	Bakzitam
24835	Bakzya	kzyam	Bakzyam
24836	BagaH	gA	BagA
24836	BagaH	gam	Bagam
24849	Bagna	gnam	Bagnam
24862	BaNgura	raH	BaNguraH
24872	BaYjana	nam	BaYjanam
24872	BaYjana	naH	BaYjanaH
24872	BaYjana	nA	BaYjanA
24877	BawaH	wA	BawA
24880	BawwAra	raH	BawwAraH
24881	BawwAraka	kaH	BawwArakaH
24894	BaRqaH	Rqam	BaRqam
24901	BaRqila	laH	BaRqilaH
24905	Badra	dram	Badram
24906	Badraka	kaH	BadrakaH
24906	Badraka	kam	Badrakam
24908	Badravat	tI	BadravatI
24915	BaMBaH	BaH	BaMBaH
24915	BaMBaH	Bam	BaMBam
24915	BaMBaH	BA	BaMBA
24918	Bayam	yaH	BayaH
24921	BayAnaka	kaH	BayAnakaH
24921	BayAnaka	kam	BayAnakam
24923	Bara	raH	BaraH
24926	BaraRa	Ram	BaraRam
24926	BaraRa	RaH	BaraRaH
24929	BaraRyam	RyA	BaraRyA
24936	Barita	taH	BaritaH
24946	Barjana	nam	Barjanam
24956	Bartsita	tam	Bartsitam
24965	BallaH	llaH	BallaH
24970	Bava	vaH	BavaH
24970	Bava	vO	BavO
24974	Bavanam	naH	BavanaH
24980	Bavika	kam	Bavikam
24981	Bavitavya	vyam	Bavitavyam
24986	Bavila	laH	BavilaH
24986	Bavila	lam	Bavilam
24988	Bavizya	zyam	Bavizyam
24990	Bavya	vyA	BavyA
24990	Bavya	vyam	Bavyam
24990	Bavya	vyaH	BavyaH
24990	Bavya	vyam	Bavyam
24995	BazaRaH	Ram	BazaRam
25003	Basita	tam	Basitam
25025	BAgin	nI	BAginI
25026	BAgavata	taH	BAgavataH
25026	BAgavata	tam	BAgavatam
25027	BAgineyaH	yI	BAgineyI
25030	BAgyam	gyam	BAgyam
25039	BAjanam	leKitam	BAjanaleKitam
25039	BAjanam	lokaH	BAjanalokaH
25040	BAjita	tam	BAjitam
25043	BAjya	jyam	BAjyam
25049	BARqam	RqAH	BARRqAH
25050	BARqakaH	kam	BARqakam
25059	BAta	taH	BAtaH
25062	BAdraH	dAH	BAdAH
25067	BAnava	vI	BAnavI
25070	BAnumat	tI	BAnumatI
25072	BAmaH	mA	BAmA
25078	BAraka	kaH	BArakaH
25084	BArata	taH	BArataH
25084	BArata	tam	BAratam
25084	BArata	tI	BAratI
25085	BAradvAjaH	jam	BAradvAjam
25085	BAradvAjaH	jI	BAradvAjI
25085	BAradvAjaH	jAH	BAradvAjAH
25088	BAravam	vI	BAravI
25097	BArya	ryaH	BAryaH
25106	BAvaka	kaH	BAvakaH
25107	BAvana	naH	BAvanaH
25107	BAvana	nam	BAvanam
25107	BAvana	nA	BAvanA
25107	BAvana	nA	BAvanA
25107	BAvana	nam	BAvanam
25110	BAvika	kaH	BAvikaH
25110	BAvika	kam	BAvikam
25111	BAvita	tam	BAvitam
25116	BAvin	nI	BAvinI
25117	BAvuka	kaH	BAvukaH
25117	BAvuka	kam	BAvukam
25118	BAvya	vyam	BAvyam
25124	BAzaRam	RI	BAzaRI
25126	BAzika	kam	BAzikam
25128	BAzita	tam	BAzitam
25135	BAsaka	kaH	BAsakaH
25138	BAsanta	ntaH	BAsantaH
25138	BAsanta	ntI	BAsantI
25141	BAsura	raH	BAsuraH
25142	BAsvat	tI	BAsvatI
25143	BAsvara	raH	BAsvaraH
25151	BikzukaH	kI	BikzukI
25159	BidakaH	kam	Bidakam
25163	Bidura	raH	BiduraH
25163	Bidura	ram	Biduram
25165	BidyaH	dyam	Bidyam
25168	Bindu	nduH	BinduH
25169	Binna	nnaH	BinnaH
25169	Binna	nnam	Binnam
25172	BillaH	llI	BillI
25183	BIta	tam	BItam
25183	BIta	tam	BItam
25188	BIma	maH	BImaH
25188	BIma	mam	BImam
25194	BIru	ruH	BIruH
25194	BIru	ru	BIru
25195	BIruka	kaH	BIrukaH
25195	BIruka	kam	BIrukam
25199	BIzaRa	RaH	BIzaRaH
25199	BIzaRa	Ram	BIzaRam
25203	BIzma	zmaH	BIzmaH
25203	BIzma	zmam	BIzmam
25206	Bukta	ktam	Buktam
25212	BujagaH	gI	BujagI
25213	BujaNgaH	gI	BujaNgI
25214	BujaNgamaH	mI	BujaNgamI
25214	BujaNgamaH	mam	BujaNgamam
25217	Bujizya	zyaH	BujizyaH
25217	Bujizya	zyA	BujizyA
25235	BUkaH	kaH	BUkaH
25237	BUta	taH	BUtaH
25237	BUta	tam	BUtam
25239	BUti	tiH	BUtiH
25252	BUyizWa	zWam	BUyizWam
25257	BUrjaH	rjam	BUrjam
25260	BUzaRam	RaH	BUzaRaH
25267	Bfta	taH	BftaH
25268	Bftaka	kaH	BftakaH
25270	Bftya	tyaH	BftyaH
25270	Bftya	tyA	BftyA
25280	BfNgaH	Ngam	BfNgam
25280	BfNgaH	NgI	BfNgI
25282	BfNgAraH	ram	BfNgAram
25294	BfSa	Sam	BfSam
25299	BekaH	kI	BekI
25303	BeqaH	qI	BeqI
25309	Bedaka	kaH	BedakaH
25310	Bedana	nam	Bedanam
25310	Bedana	naH	BedanaH
25318	BeruRqa	RqaH	BeruRqaH
25318	BeruRqa	Rqam	BeruRqam
25318	BeruRqa	RqA	BeruRqA
25320	Bela	laH	BelaH
25324	Bezaja	jam	Bezajam
25326	BEkza	kzam	BEkzam
25330	BEkzyam	ASramaH	BEkzyASramaH
25331	BEma	mI	BEmI
25333	BErava	vaH	BEravaH
25333	BErava	vI	BEravI
25333	BErava	vam	BEravam
25334	BEzajam	jaH	BEzajaH
25342	Bogin	nI	BoginI
25343	Bogya	gyam	Bogyam
25343	Bogya	gyA	BogyA
25345	BojaH	jAH	BojAH
25347	Bojana	naH	BojanaH
25347	Bojana	nam	Bojanam
25348	BojanIya	yam	BojanIyam
25351	Bojya	jyam	Bojyam
25360	BOjaNga	Ngam	BOjaNgam
25364	BOta	taH	BOtaH
25364	BOta	tam	BOtam
25364	BOta	tI	BOtI
25366	BOtika	kaH	BOtikaH
25366	BOtika	kam	BOtikam
25368	BOma	maH	BOmaH
25368	BOma	mam	BOmam
25371	BOmika	BOmya	BOmya
25381	BraMSana	nam	BraMSanam
25394	BramaRam	RI	BramaRI
25396	Bramara	rI	BramarI
25396	Bramara	ram	Bramaram
25397	BramarakaH	kaH	BramarakaH
25397	BramarakaH	kam	Bramarakam
25408	BrAjaH	jam	BrAjam
25409	BrAjaka	kam	BrAjakam
25413	BrAjizRu	zRuH	BrAjizRuH
25419	BrAtrIya	yaH	BrAtrIyaH
25422	BrAnta	taH	BrAntaH
25422	BrAnta	tam	BrAntam
25426	BrAmaka	kaH	BrAmakaH
25428	BrAmara	raH	BrAmaraH
25428	BrAmara	ram	BrAmaram
25428	BrAmara	ram	BrAmaram
25428	BrAmara	rI	BrAmarI
25432	BrAzwraH	zwraH	BrAzwraH
25449	maH	mam	mam
25458	makarandaH	ndam	makarandam
25459	makarandavat	tI	makarandavatI
25467	makuzWa	zWaH	makuzWaH
25478	maKa	KaH	maKaH
25482	magaDaH	DAH	magaDAH
25482	magaDaH	DA	magaDA
25486	maGaH	Gam	maGam
25502	maNgala	lam	maNgalam
25502	maNgala	laH	maNgalaH
25502	maNgala	lA	maNgalA
25502	maNgala	lI	maNgalI
25505	maNgalya	lyaH	maNgalyaH
25505	maNgalya	lyA	maNgalyA
25505	maNgalya	lyam	maNgalyam
25536	maYjIraH	ram	maYjIram
25539	maYjula	laH	maYjulaH
25539	maYjula	lam	maYjulam
25547	maWaH	WI	maWI
25555	maRikaH	kaH	maRikaH
25559	maRIcakaH	kam	maRIcakam
25564	maRqaH	RqaH	maRqaH
25564	maRqaH	RqA	maRqA
25566	maRqana	nam	maRqanam
25566	maRqana	naH	maRqanaH
25569	maRqayantaH	ntI	maRqayantI
25573	maRqala	laH	maRqalaH
25573	maRqala	lam	maRqalam
25573	maRqala	lI	maRqalI
25574	maRqalakam	kaH	maRqalakaH
25577	maRqalAyita	tam	maRqalAyitam
25587	maRqUkaH	kam	maRqUkam
25587	maRqUkaH	kI	maRqUkI
25589	mata	tam	matam
25591	mataNgajaH	jA	mataNgajA
25596	matka	tkaH	matkaH
25597	matkuRaH	Ram	matkuRam
25597	matkuRaH	RI	matkuRI
25599	matta	ttaH	mattaH
25599	matta	ttA	mattA
25603	matsara	raH	matsaraH
25603	matsara	raH	matsaraH
25603	matsara	rA	matsarA
25603	matsara	rI	matsarI
25606	matsyaH	tsyO	matsyO
25606	matsyaH	tsyAH	matstsyAH
25612	maTana	naH	maTanaH
25612	maTana	nam	maTanam
25614	maTita	tam	maTitam
25620	madaH	dI	madI
25621	madana	naH	madanaH
25621	madana	nA	madanA
25621	madana	nI	madanI
25621	madana	nam	madanam
25622	madanakaH	kam	madanakam
25626	madayitnu	tnuH	madayitnuH
25631	madira	raH	madiraH
25639	madya	dyam	madyam
25640	madraH	drAH	maddrAH
25640	madraH	dram	madram
25641	madraka	kaH	madrakaH
25641	madraka	kAH	madrakAH
25647	maDuka	kaH	maDukaH
25647	maDuka	kam	maDukam
25651	maDura	raH	maDuraH
25651	maDura	rA	maDurA
25651	maDura	rI	maDurI
25651	maDura	ram	maDuram
25651	maDura	ram	maDuram
25658	maDula	lam	maDulam
25661	maDUkaH	kam	maDUkam
25662	maDUlaH	lI	maDUlI
25662	maDUlaH	lam	maDUlam
25664	maDya	DyaH	maDyaH
25664	maDya	Dyam	maDyam
25664	maDya	DyA	maDyA
25664	maDya	Dyam	maDyam
25667	maDyaMdina	nam	maDyaMdinam
25669	maDyama	maH	maDyamaH
25669	maDyama	mA	maDyamA
25669	maDyama	mam	maDyamam
25670	maDyamaka	kam	maDyamakam
25679	manana	nam	mananam
25681	mantuH	ntuH	mantuH
25686	manasija	jaH	manasijaH
25690	manasvin	nI	manasvinI
25702	manIzita	tam	manIzitam
25706	manuH	nuH	manuH
25708	manuzya	zyaH	manuzyaH
25719	mantrita	tam	mantritam
25724	manTanaH	nam	manTanam
25724	manTanaH	nI	manTanI
25725	manTara	raH	manTaraH
25725	manTara	rA	manTarA
25725	manTara	ram	manTaram
25730	manTin	nI	manTinI
25732	manda	ndaH	mandaH
25732	manda	ndA	mandA
25732	manda	ndam	mandam
25742	mandara	raH	mandaraH
25742	mandara	ram	mandaram
25747	mandAraH	ram	mandAram
25751	mandiram	raH	mandiraH
25755	mandra	ndraH	mandraH
25757	manmaTaH	TA	manmaTA
25775	maya	yaH	mayaH
25775	maya	yA	mayA
25775	maya	yI	mayI
25783	mayUraH	rI	mayUrI
25783	mayUraH	ram	mayUram
25784	mayUrakaH	kaH	mayUrakaH
25784	mayUrakaH	kam	mayUrakam
25795	marAla	laH	marAlaH
25798	maricaH	cam	maricam
25799	marIciH	ciH	marIciH
25812	marul	lokaH	marullokaH
25813	marulaH	lam	marulam
25815	marUvaka	kaH	marUvakaH
25818	marka	rkaH	markaH
25820	markawaH	wI	markawI
25828	martya	rtyaH	martyaH
25828	martya	tyam	martyam
25829	marda	rdaH	mardaH
25831	mardana	nam	mardanam
25838	marmara	raH	marmaraH
25838	marmara	rA	marmarA
25842	marya	ryaH	maryaH
25852	marzita	tam	marzitam
25856	mala	laH	malaH
25856	mala	lam	malam
25856	mala	lam	malam
25857	malavat	tI	malavatI
25858	malanam	naH	malanaH
25863	malina	nam	malinam
25863	malina	nA	malinA
25863	malina	nI	malinI
25872	malImasa	saH	malImasaH
25875	malla	llaH	mallaH
25875	malla	mallA	mallA
25890	maSakaH	kI	maSakI
25906	masina	nam	masinam
25908	masuraH	rA	masurA
25909	masUrakaH	kam	masUrakam
25912	masfRaH	RA	masfRA
25931	mahattara	raH	mahattaraH
25938	mahallaka	kaH	mahallakaH
25948	mahita	tam	mahitam
25970	mAMsam	saH	mAMsaH
25975	mAkandaH	ndI	mAkandI
25976	mAkara	rI	mAkarI
25981	mAkzika	kam	mAkzikam
25981	mAkzika	kaH	mAkzikaH
25983	mAgaDa	DaH	mAgaDaH
25983	mAgaDa	DAH	mAgaDAH
25983	mAgaDa	DA	mAgaDA
25983	mAgaDa	DI	mAgaDI
25986	mAGaH	GI	mAGI
25988	mAGavata	tI	mAGavatI
25994	mANgalya	lyam	mANgalyam
25999	mAYjizWa	zWam	mAYjizWam
26011	mARavakaH	kam	mARavakam
26021	mARqalika	kaH	mARqalikaH
26022	mAtaNgaH	NgI	mAtaNgI
26028	mAtAmahaH	hO	mAtAmahO
26028	mAtAmahaH	hI	mAtAmahI
26034	mAtuliNgaH	gam	mAtuliNgam
26037	mAtfka	kaH	mAtfkaH
26037	mAtfka	kA	mAtfkA
26037	mAtfka	kam	mAtfkam
26039	mAtra	traH	mAtraH
26039	mAtra	tram	mAtram
26049	mATura	rI	mATurI
26051	mAdaka	kaH	mAdakaH
26052	mAdana	naH	mAdanaH
26052	mAdana	nam	mAdanam
26061	mADava	vaH	mADavaH
26066	mADukara	rI	mADukarI
26074	mADyaMdina	naH	mADyaMdinaH
26074	mADyaMdina	nam	mADyaMdinam
26076	mADyamaka	kAH	mADyamakAH
26080	mADva	DvaH	mADvaH
26080	mADva	DvI	mADvI
26086	mAnaH	nam	mAnam
26090	mAnavat	tI	mAnavatI
26091	mAnita	tam	mAnitam
26092	mAnin	nI	mAninI
26095	mAnava	vaH	mAnavaH
26095	mAnava	vAH	mAnavAH
26095	mAnava	vI	mAnavI
26095	mAnava	vam	mAnavam
26096	mAnavIya	yam	mAnavIyam
26098	mAnasa	saH	mAnasaH
26098	mAnasa	sam	mAnasam
26099	mAnasika	kaH	mAnasikaH
26102	mAnuza	zaH	mAnuzaH
26102	mAnuza	zI	mAnuzI
26102	mAnuza	zam	mAnuzam
26118	mApanam	naH	mApanaH
26121	mAmaka	kaH	mAmakaH
26123	mAya	yaH	mAyaH
26126	mAyAvat	tI	mAyAvatI
26128	mAyika	kaH	mAyikaH
26128	mAyika	kam	mAyikam
26133	mAyUra	ram	mAyUram
26133	mAyUra	rI	mAyUrI
26136	mAraka	kaH	mArakaH
26136	mAraka	kam	mArakam
26144	mArava	vI	mAravI
26148	mArIca	caH	mArIcaH
26148	mArIca	cI	mArIcI
26148	mArIca	cam	mArIcam
26151	mAruta	taH	mArutaH
26151	mAruta	tI	mArutI
26151	mAruta	tam	mArutam
26156	mArgaH	rgam	mArgam
26159	mArgaRa	Ram	mArgaRam
26159	mArgaRa	RA	mArgaRA
26159	mArgaRa	RaH	mArgaRaH
26159	mArgaRa	Ram	mArgaRam
26171	mArjana	nam	mArjanam
26171	mArjana	naH	mArjanaH
26171	mArjana	nA	mArjanA
26171	mArjana	nI	mArjanI
26179	mArttika	kaH	mArttikaH
26179	mArttika	kam	mArttikam
26180	mArtya	tyam	mArtyam
26181	mArdaNgaH	Ngam	mArdaNgam
26185	mArdvIka	kam	mArdvIkam
26189	mAlaH	lam	mAlam
26190	mAlakaH	kA	mAlakA
26190	mAlakaH	kam	mAlakam
26194	mAlaya	yaH	mAlayaH
26194	mAlaya	yam	mAlayam
26195	mAlavaH	vAH	mAlavAH
26203	mAlin	nI	mAlinI
26205	mAlya	lyam	mAlyam
26212	mAlUraH	ram	mAlUram
26218	mAzIRa	Ram	mAzIRam
26219	mAzya	zyam	mAzyam
26223	mAsika	kam	mAsikam
26245	mAhina	nam	mAhinam
26247	mAhiza	zam	mAhizam
26253	mAhendra	dram	mAhendram
26253	mAhendra	drI	mAhendrI
26254	mAheya	yaH	mAheyaH
26256	mAheSvara	raH	mAheSvaraH
26256	mAheSvara	rI	mAheSvarI
26262	mitaMgama	maH	mitaMgamaH
26265	mitraH	tram	mitram
26268	mitrayu	yuH	mitrayuH
26277	miTilaH	lAH	miTilAH
26277	miTilaH	lA	miTilA
26279	miTuna	naH	miTunaH
26279	miTuna	nam	miTunam
26309	miSra	SraH	miSraH
26309	miSra	Sram	miSram
26310	miSraka	kaH	miSrakaH
26310	miSraka	kam	miSrakam
26316	mizaH	zam	mizam
26319	mizwa	zwam	mizwam
26319	mizwa	zwA	mizwA
26321	mIQa	Qam	mIQam
26321	mIQa	QaH	mIQaH
26329	mInaH	nA	mInA
26334	mImAMsanam	naH	mImAMsanaH
26341	mIlita	tam	mIlitam
26344	mIvara	raH	mIvaraH
26362	mukta	ktaH	muktaH
26362	mukta	ktam	muktam
26369	muKara	raH	muKaraH
26369	muKara	rI	muKarI
26376	muKya	KyaH	muKyaH
26376	muKya	Kyam	muKyam
26382	mugDa	gDA	mugDA
26388	mucira	raH	muciraH
26402	muRqa	RqaH	muRqaH
26402	muRqa	RqA	muRqA
26402	muRqa	Rqam	muRqam
26403	muRqakaH	kam	muRqakam
26406	muRqita	tA	muRqitA
26406	muRqita	tam	muRqitam
26412	mudita	tA	muditA
26412	mudita	tam	muditam
26412	mudita	tA	muditA
26418	mudgalaH	lam	mudgalam
26432	mumukzu	kzuH	mumukzuH
26439	muraH	rA	murA
26439	muraH	ram	muram
26445	muralaH	lAH	muralAH
26463	muzwa	zwam	muzwam
26466	muzkara	raH	muzkaraH
26468	muzwikaH	kam	muzwikam
26468	muzwikaH	kAH	muzwikAH
26487	mUQa	QaH	mUQaH
26487	mUQa	QAH	mUQAH
26487	mUQa	Qam	mUQam
26489	muhira	raH	muhiraH
26493	muhUrtaH	rtaH	muhUrtaH
26498	mUka	kaH	mUkaH
26498	mUka	kA	mUkA
26503	mUta	taH	mUtaH
26503	mUta	tam	mUtam
26506	mUtrala	lA	mUtralA
26509	mUrKa	rKaH	mUrKaH
26513	mUrcCana	nam	mUrcCanam
26513	mUrcCana	nA	mUrcCanA
26516	mUrcCita	tam	mUrcCitam
26529	mUlaka	kaH	mUlakaH
26529	mUlaka	kam	mUlakam
26529	mUlaka	kaH	mUlakaH
26531	mUlika	kaH	mUlikaH
26531	mUlika	kA	mUlikA
26533	mUlina	naH	mUlinaH
26537	mUlya	lyam	mUlyam
26576	mfRAlaH	lam	mfRAlam
26580	mfta	tam	mftam
26581	mftakaH	kam	mftakam
26602	mfdu	duH	mfduH
26602	mfdu	du	mfdu
26602	mfdu	du	mfdu
26605	mfdula	lam	mfdulam
26617	mfzwa	zwam	mfzwam
26628	meGaH	Gam	meGam
26631	mecaka	kaH	mecakaH
26631	mecaka	kam	mecakam
26640	meQraH	dram	medram
26648	medaH	dA	medA
26661	meDAvin	nI	meDAvinI
26664	meDya	DyaH	meDyaH
26664	meDya	DyA	meDyA
26688	mEtra	traH	mEtraH
26688	mEtra	trI	mEtrI
26688	mEtra	tram	mEtram
26694	mEtreya	yaH	mEtreyaH
26699	mETilaH	lAH	mETilAH
26699	mETilaH	lI	mETilI
26700	mETuna	nam	mETunam
26717	mokzaka	kaH	mokzakaH
26718	mokzaRam	RI	mokzaRI
26722	moGa	GaH	moGaH
26722	moGa	GA	moGA
26722	moGa	Gam	moGam
26726	mocaH	cA	mocA
26726	mocaH	cam	mocam
26727	mocaka	kaH	mocakaH
26727	mocaka	kam	mocakam
26728	mocana	nam	mocanam
26733	mowakaH	kam	mowakam
26734	mowanam	naH	mowanaH
26737	modaH	dA	modA
26738	modaka	kaH	modakaH
26738	modaka	kam	modakam
26738	modaka	kaH	modakaH
26742	modita	tam	moditam
26743	modin	nI	modinI
26746	morawaH	wam	morawam
26746	morawaH	wA	morawA
26757	mohana	naH	mohanaH
26757	mohana	nI	mohanI
26757	mohana	nam	mohanam
26792	mOla	laH	mOlaH
26793	mOli	liH	mOliH
26793	mOli	liH	mOliH
26793	mOli	liH	mOliH
26793	mOli	lI	mOlI
26794	mOlika	kaH	mOlikaH
26802	mOsala	laH	mOsalaH
26802	mOsala	lam	mOsalam
26804	mOhUrtika	kaH	mOhUrtikaH
26819	mlizwa	zwam	mlizwam
26822	mlecCaH	cCam	mlecCam
26824	mlecCita	tam	mlecCitam
26830	mlAna	nam	mlAnam
26835	yaH	yA	yA
26839	yakzaH	kzam	yakzam
26839	yakzaH	kzI	yakzI
26847	yajata	taH	yajataH
26849	yajatraH	tram	yajatram
26851	yajamAna	naH	yajamAnaH
26862	yajYiya	yaH	yajYiyaH
26862	yajYiya	yam	yajYiyam
26863	yajYIya	yaH	yajYIyaH
26864	yajya	jyA	yajyA
26864	yajya	jyam	yajyam
26865	yajyu	jyuH	yajyuH
26874	yata	tam	yatam
26879	yatiH	tiH	yatiH
26899	yantrakaH	kam	yantrakam
26908	yama	maH	yamaH
26908	yama	mam	yamam
26908	yama	mI	yamI
26908	yama	mO	yamO
26909	yamaka	kaH	yamakaH
26909	yamaka	kam	yamakam
26911	yamana	nam	yamanam
26911	yamana	naH	yamanaH
26913	yamala	laH	yamalaH
26913	yamala	lO	yamalO
26913	yamala	lam	yamalam
26913	yamala	lI	yamalI
26913	yamala	lA	yamalA
26913	yamala	lI	yamalI
26923	yamya	myA	yamyA
26934	yavanaH	nAH	yavanAH
26934	yavanaH	nam	yavanam
26942	yavizWa	zWaH	yavizWaH
26944	yavya	vyaH	yavyaH
26944	yavya	vyam	yavyam
26947	yaSasya	syA	yaSasyA
26949	yaSasvin	nI	yaSasvinI
26958	yahu	huH	yahuH
26959	yahva	hvI	yahvI
26961	yAta	tam	yAtam
26969	yAcita	tam	yAcitam
26983	yAjuza	zaH	yAjuzaH
26987	yAjYika	kaH	yAjYikaH
26988	yAjYiya	yaH	yAjYiyaH
26989	yAjya	jyaH	yAjyaH
26989	yAjya	jyam	yAjyam
26989	yAjya	jyA	yAjyA
26991	yAtanam	nA	yAtanA
26998	yAtrika	kaH	yAtrikaH
26998	yAtrika	kam	yAtrikam
27006	yAdavaH	vI	yAdavI
27006	yAdavaH	vam	yAdavam
27010	yAdfcCika	kaH	yAdfcCikaH
27011	yAnam	naH	yAnaH
27015	yApana	nam	yApanam
27015	yApana	nA	yApanA
27018	yApya	pyaH	yApyaH
27028	yAmIraH	rA	yAmIrA
27032	yAmuna	nam	yAmunam
27035	yAmya	myaH	yAmyaH
27035	yAmya	myam	yAmyam
27038	yAyAvara	raH	yAyAvaraH
27038	yAyAvara	ram	yAyAvaram
27040	yAva	vaH	yAvaH
27045	yAvana	naH	yAvanaH
27045	yAvana	nam	yAvanam
27047	yAvanAlaH	lI	yAvanAlI
27052	yAzwIka	kaH	yAzwIkaH
27059	yukta	ktaH	yuktaH
27059	yukta	ktam	yuktam
27059	yukta	ktam	yuktam
27065	yugaMDaraH	raH	yugaMDaraH
27071	yugma	gmam	yugmam
27073	yugya	gyaH	yugyaH
27073	yugya	gyam	yugyam
27079	yujya	jyaH	yujyaH
27079	yujya	jyam	yujyam
27080	yuYjAna	naH	yuYjAnaH
27084	yuta	tam	yutam
27085	yutaka	kam	yutakam
27088	yudDa	dDam	yudDam
27095	yuDma	DmaH	yuDmaH
27097	yuyutsu	tsuH	yuyutsuH
27106	yuvatiH	tI	yuvatI
27109	yuzmadIya	yaH	yuzmadIyaH
27117	yUTya	TyA	yUTyA
27132	yogin	nI	yoginI
27133	yogya	gyaH	yogyaH
27133	yogya	gyA	yogyA
27133	yogya	gyam	yogyam
27136	yojanam	nA	yojanA
27146	yoDanam	naH	yoDanaH
27156	yOktika	kaH	yOktikaH
27161	yOtaka	kam	yOtakam
27163	yOTika	kaH	yOTikaH
27164	yODa	DaH	yODaH
27165	yOna	nam	yOnam
27169	yOvana	nam	yOvanam
27177	raH	rA	rA
27177	raH	rI	rI
27177	raH	ram	ram
27187	rakta	ktaH	raktaH
27187	rakta	ktA	raktA
27187	rakta	ktam	raktam
27188	raktaka	kaH	raktakaH
27188	raktaka	kam	raktakam
27195	rakzaka	kaH	rakzakaH
27196	rakzaRam	RI	rakzaRI
27196	rakzaRam	RaH	rakzaRaH
27196	rakzaRam	RA	rakzaRA
27209	raGu	GuH	raGuH
27210	raNka	kaH	raNkaH
27214	raNgaH	gaH	raNgaH
27214	raNgaH	gam	raNgam
27224	rajakaH	kI	rajakI
27225	rajata	tam	rajatam
27226	rajanaH	nam	rajanam
27233	rajasvala	laH	rajasvalaH
27233	rajasvala	lA	rajasvalA
27238	raYjaka	kaH	raYjakaH
27238	raYjaka	kam	raYjakam
27239	raYjana	nam	raYjanam
27248	raRaH	RaH	raRaH
27252	raRqa	RqaH	raRqaH
27252	raRqa	RqA	raRqA
27255	rata	tam	ratam
27259	ratnavat	tI	ratnavatI
27264	raTika	kaH	raTikaH
27265	raTin	nI	raTinI
27267	raTira	raH	raTiraH
27273	radanaH	nam	radanam
27283	rantavya	vyam	rantavyam
27293	raBasa	saH	raBasaH
27296	rama	maH	ramaH
27297	ramaka	kaH	ramakaH
27299	ramaRa	RaH	ramaRaH
27299	ramaRa	Ram	ramaRam
27310	ramya	myaH	ramyaH
27310	ramya	myA	ramyA
27310	ramya	myam	ramyam
27315	rayizWaH	zWam	rayizWam
27320	ravaRa	RaH	ravaRaH
27320	ravaRa	Ram	ravaRam
27331	rasanam	naH	rasanaH
27335	rasavat	tI	rasavatI
27338	rasAlaH	lA	rasAlA
27338	rasAlaH	lam	rasAlam
27341	rasika	kaH	rasikaH
27341	rasika	kA	rasikA
27343	rasita	tam	rasitam
27346	rasya	syam	rasyam
27347	rasnam	snA	rasnA
27351	rahasya	syam	rahasyam
27351	rahasya	syam	rahasyam
27352	rahita	tam	rahitam
27357	rAkzasa	saH	rAkzasaH
27357	rAkzasa	sI	rAkzasI
27366	rAgin	RI	rAgiRI
27373	rANkava	vam	rANkavam
27376	rAjakaH	kam	rAjakam
27378	rAjata	tam	rAjatam
27382	rAjanya	nyaH	rAjanyaH
27382	rAjanya	nyA	rAjanyA
27396	rAjIvaH	vam	rAjIvam
27402	rARAyanIyaH	yAH	rARAyanIyAH
27407	rAti	tiH	rAtiH
27409	rAtraka	kaH	rAtrakaH
27409	rAtraka	kam	rAtrakam
27410	rAtrika	kA	rAtrikA
27420	rADaH	DaH	rADaH
27420	rADaH	Dam	rADam
27420	rADaH	DI	rADI
27421	rADanam	nA	rADanA
27421	rADanam	nI	rADanI
27427	rAma	maH	rAmaH
27427	rAma	mam	rAmam
27428	rAmaka	kaH	rAmakaH
27430	rAmaRIyaka	kam	rAmaRIyakam
27440	rAvaRa	RaH	rAvaRaH
27440	rAvaRa	Ram	rAvaRam
27446	rAzwram	zwraH	rAzwraH
27446	rAzwram	zwram	rAzwram
27450	rAzwriya	yaH	rAzwriyaH
27464	rikta	ktam	riktam
27483	ripra	pram	ripram
27500	rizwa	zwam	rizwam
27500	rizwa	zwaH	rizwaH
27513	rItikam	kA	rItikA
27518	ruta	tam	rutam
27520	rukma	kmaH	rukmaH
27520	rukma	kmam	rukmam
27527	rucaka	kaH	rucakaH
27527	rucaka	kam	rucakam
27530	rucita	tam	rucitam
27531	rucira	rA	rucirA
27531	rucira	ram	ruciram
27532	rucizya	zyam	rucizyam
27533	rucya	cyaH	rucyaH
27533	rucya	cyam	rucyam
27542	ruRqa	RqaH	ruRqaH
27542	ruRqa	Rqam	ruRqam
27542	ruRqa	RqaH	ruRqaH
27548	rudra	draH	rudraH
27551	rudriya	yam	rudriyam
27554	rudDa	dDA	rudDA
27555	ruDira	ram	ruDiram
27555	ruDira	raH	ruDiraH
27578	rUkza	kzaH	rUkzaH
27578	rUkza	kzA	rUkzA
27578	rUkza	kzam	rUkzam
27585	rUpaka	kaH	rUpakaH
27585	rUpaka	kam	rUpakam
27587	rUpavat	tI	rUpavatI
27591	rUpya	pyam	rUpyam
27606	recaka	kaH	recakaH
27606	recaka	kam	recakam
27607	recanam	nI	recanI
27608	recita	tam	recitam
27623	rePa	PaH	rePaH
27627	reBa	BaH	reBaH
27632	revawaH	wam	revawam
27641	rEvata	taH	rEvataH
27642	rEvatakaH	kam	rEvatakam
27645	rokam	kaH	rokaH
27652	rocaka	kam	rocakam
27652	rocaka	kaH	rocakaH
27653	rocana	naH	rocanaH
27653	rocana	nam	rocanam
27657	rocamAna	naH	rocamAnaH
27662	roqa	qaH	roqaH
27669	roDanaH	nam	roDanam
27672	roDraH	DraH	roDraH
27672	roDraH	Dram	roDram
27672	roDraH	Dram	roDram
27675	ropaRam	RaH	ropaRaH
27678	romakaH	kam	romakam
27681	romaSa	SaH	romaSaH
27681	romaSa	SI	romaSI
27681	romaSa	Sam	romaSam
27686	rozaRa	RaH	rozaRaH
27689	roha	haH	rohaH
27690	rohaRaH	Ram	rohaRam
27691	rohantaH	ntI	rohantI
27693	rohiRa	RaH	rohiRaH
27693	rohiRa	Ram	rohiRam
27698	rohita	taH	rohitaH
27698	rohita	tam	rohitam
27704	rOcanika	kam	rOcanikam
27707	rOdra	draH	rOdraH
27707	rOdra	dram	rOdram
27710	rOpya	pyam	rOpyam
27712	rOmaka	kam	rOmakam
27713	rOrava	vaH	rOravaH
27714	rOhiRa	RaH	rOhiRaH
27716	rOhiReyaH	yam	rOhiReyam
27717	rOhizaH	zam	rOhizam
27717	rOhizaH	zI	rOhizI
27722	lakacaH	cam	lakacam
27728	lakzaka	kam	lakzakam
27729	lakzaRam	RaH	lakzaRaH
27729	lakzaRam	RA	lakzaRA
27731	lakzaRya	RyaH	lakzaRyaH
27736	lakzmaRa	RaH	lakzmaRaH
27736	lakzmaRa	RA	lakzmaRA
27736	lakzmaRa	Ram	lakzmaRam
27740	lakzya	kzyaH	lakzyaH
27740	lakzya	kzyam	lakzyam
27744	lagna	gnaH	lagnaH
27744	lagna	gnam	lagnam
27784	lajjita	tam	lajjitam
27798	lawvaH	wvA	lawvA
27812	lapita	tam	lapitam
27816	labDa	bDA	labDA
27816	labDa	bDam	labDam
27820	laBasaH	sam	laBasam
27823	lampawa	waH	lampawaH
27829	lamba	mbaH	lambaH
27829	lamba	mbI	lambI
27831	lambanaH	nam	lambanam
27838	lamBaH	mBA	lamBA
27848	lala	lam	lalam
27850	lalanam	naH	lalanaH
27857	lalAwaMtapa	paH	lalAwaMtapaH
27860	lalAma	mam	lalAmam
27860	lalAma	maH	lalAmaH
27863	lalita	taH	lalitaH
27863	lalita	tam	lalitam
27865	lavaH	vam	lavam
27865	lavaH	vam	lavam
27868	lavaNgaH	gam	lavaNgam
27870	lavaRa	RaH	lavaRaH
27870	lavaRa	Ram	lavaRam
27880	lavi	viH	laviH
27904	lAkuwika	kaH	lAkuwikaH
27906	lAkzaRika	kaH	lAkzaRikaH
27916	lANgalam	laH	lANgalaH
27916	lANgalam	lA	lANgalA
27917	lANgalika	kaH	lANgalikaH
27925	lAjaH	jAH	lAjAH
27925	lAjaH	jam	lAjam
27929	lAwa	waH	lAwaH
27949	lAlaka	kaH	lAlakaH
27950	lAlana	naH	lAlanaH
27950	lAlana	nam	lAlanam
27951	lAlasa	saH	lAlasaH
27956	lAlAwika	kaH	lAlAwikaH
27959	lAlikaH	kA	lAlikA
27960	lAlita	tam	lAlitam
27966	lAva	vaH	lAvaH
27969	lAvaRika	kaH	lAvaRikaH
27969	lAvaRika	kam	lAvaRikam
27977	lAsaka	kaH	lAsakaH
27977	lAsaka	kam	lAsakam
27982	lAsyam	syaH	lAsyaH
27982	lAsyam	syA	lAsyA
27991	liKita	taH	liKitaH
27991	liKita	tam	liKitam
28013	lipta	ptam	liptam
28021	limpawa	waH	limpawaH
28022	limpAkaH	kam	limpAkam
28038	lIlAvat	tI	lIlAvatI
28051	luWita	tam	luWitam
28055	luRwAka	kaH	luRwAkaH
28069	lupta	ptam	luptam
28071	lubDa	bDaH	lubDaH
28089	lUna	nam	lUnam
28090	lUnaka	kaH	lUnakaH
28097	leKakaH	kam	leKakam
28098	leKana	naH	leKanaH
28098	leKana	nam	leKanam
28098	leKana	nI	leKanI
28100	leKanIya	yam	leKanIyam
28108	leKya	Kyam	leKyam
28117	lepanaH	nam	lepanam
28119	lepya	pyam	lepyam
28126	lelihaH	hA	lelihA
28132	lehaH	hI	lehI
28135	lehya	hyam	lehyam
28139	lENgika	kaH	lENgikaH
28152	locana	nam	locanam
28169	lotaH	tam	lotam
28182	loBana	nam	loBanam
28191	lomaSa	SaH	lomaSaH
28191	lomaSa	SA	lomaSA
28195	lola	lA	lolA
28195	lola	lI	lolI
28200	lolupa	pA	lolupA
28203	lozwaH	zwam	lozwam
28207	loha	haH	lohaH
28207	loha	ham	loham
28207	loha	haH	lohaH
28207	loha	ham	loham
28210	lohita	taH	lohitaH
28210	lohita	tA	lohitA
28210	lohita	tam	lohitam
28211	lohitaka	kaH	lohitakaH
28211	lohitaka	kam	lohitakam
28218	lOkika	kAH	lOkikAH
28218	lOkika	kam	lOkikam
28222	lOha	ham	lOham
28222	lOha	hI	lOhI
28225	lOhityaH	tyam	lOhityam
28230	va	vaH	vaH
28230	va	vam	vam
28232	vaMSakaH	kam	vaMSakam
28233	vaMSika	kam	vaMSikam
28236	vaMSya	SyaH	vaMSyaH
28242	vaktavya	vyam	vaktavyam
28248	vakra	kraH	vakraH
28248	vakra	kram	vakram
28256	vakrIBU	vakrIBAvaH	vakrIBAvaH
28266	vaNkaH	NkA	vaNkA
28277	vaNgaH	Ngam	vaNgam
28283	vagnu	gnuH	vagnuH
28285	vacaH	cA	vacA
28285	vacaH	cam	vacam
28289	vacanIya	yam	vacanIyam
28297	ukta	ktam	uktam
28297	ukta	ktam	uktam
28297	ukta	ktA	uktA
28301	vajra	jraH	vajraH
28301	vajra	jram	vajram
28301	vajra	jraH	vajraH
28301	vajra	jram	vajram
28306	vaYcaka	kaH	vaYcakaH
28310	vaYcita	tA	vaYcitA
28311	vaYcuka	kaH	vaYcukaH
28313	vaYjula	laH	vaYjulaH
28313	vaYjula	lA	vaYjulA
28318	vawara	raH	vawaraH
28331	vaWara	raH	vaWaraH
28344	vaRwa	RwaH	vaRwaH
28349	vaRWa	RWaH	vaRWaH
28352	vaRqa	RqaH	vaRqaH
28352	vaRqa	RqA	vaRqA
28364	vatsaH	tsA	vatsA
28364	vatsaH	tsam	vatsam
28365	vatsakaH	kam	vatsakam
28366	vatsataraH	rI	vatsatarI
28369	vatsala	laH	vatsalaH
28369	vatsala	lA	vatsalA
28369	vatsala	lam	vatsalam
28383	vadAnya	nyaH	vadAnyaH
28385	vadya	dyam	vadyam
28388	vaDaka	kaH	vaDakaH
28399	vaDya	DyaH	vaDyaH
28401	vaDram	DrI	vaDrI
28419	vanecara	raH	vanecaraH
28433	vandanam	nA	vandanA
28433	vandanam	nI	vandanI
28435	vandanIya	yA	vandanIyA
28441	vandya	dyA	vandyA
28442	vandaH	ndam	vandam
28446	vanya	nyaH	vanyaH
28446	vanya	nyam	vanyam
28450	vapanam	nI	vapanI
28455	vapuza	zam	vapuzam
28459	vapraH	praH	vapraH
28459	vapraH	pram	vapram
28459	vapraH	prA	vaprA
28467	vamanam	naH	vamanaH
28467	vamanam	nI	vamanI
28469	vamiH	miH	vamiH
28479	vayasya	syaH	vayasyaH
28479	vayasya	syA	vayasyA
28483	vayoDA	DAH	vayoDAH
28486	vara	raH	varaH
28486	vara	ram	varam
28487	varakaH	kam	varakam
28488	varaRam	RaH	varaRaH
28489	varawaH	wA	varawA
28489	varawaH	wI	varawI
28489	varawaH	wam	varawam
28493	varaRqaka	kaH	varaRqakaH
28500	varalaH	lA	varalA
28504	varAka	kaH	varAkaH
28512	varAlaH	lA	varAlA
28528	varizWa	zWaH	varizWaH
28528	varizWa	zWam	varizWam
28542	varUtf	trI	varUtrI
28543	varUTam	TaH	varUTaH
28545	varUTin	nI	varUTinI
28546	vareRya	RyaH	vareRyaH
28546	vareRya	Ryam	vareRyam
28548	varowaH	wam	varowam
28560	vargIya	yaH	vargIyaH
28561	vargya	rgyaH	vargyaH
28572	varjya	rjyam	varjyam
28574	varRaH	rRA	varRA
28574	varRaH	rRam	varRam
28575	varRakaH	kA	varRakA
28575	varRakaH	kam	varRakam
28588	varRya	rRyam	varRyam
28590	vartaka	kaH	vartakaH
28590	vartaka	kam	vartakam
28592	vartana	naH	vartanaH
28592	vartana	nI	vartanI
28592	vartana	nam	vartanam
28593	vartaniH	niH	vartaniH
28594	vartamAna	naH	vartamAnaH
28594	vartamAna	nam	vartamAnam
28605	vartula	laH	vartulaH
28605	vartula	lam	vartulam
28605	vartula	lA	vartulA
28608	vartra	rtram	vartram
28611	varDaH	rDam	varDam
28612	varDaka	kaH	varDakaH
28615	varDana	naH	varDanaH
28615	varDana	nI	varDanI
28615	varDana	nam	varDanam
28618	varDamAna	naH	varDamAnaH
28618	varDamAna	naH	varDamAnaH
28618	varDamAna	nam	varDamAnam
28618	varDamAna	nA	varDamAnA
28636	varya	ryaH	varyaH
28636	varya	ryA	varyA
28639	varvara	raH	varvaraH
28639	varvara	rA	varvarA
28639	varvara	rI	varvarI
28639	varvara	ram	varvaram
28650	varzika	kam	varzikam
28662	valanam	nA	valanA
28663	valita	taH	valitaH
28663	valita	tam	valitam
28668	valajaH	jam	valajam
28668	valajaH	jA	valajA
28673	valayaH	yaH	valayaH
28673	valayaH	yam	valayam
28687	valUkaH	kam	valUkam
28700	valgita	tam	valgitam
28701	valgu	lguH	valguH
28702	valguka	kam	valgukam
28710	valmIkaH	kaH	valmIkaH
28716	vallaBa	BaH	vallaBaH
28716	vallaBa	BA	vallaBA
28724	vallUraH	ram	vallUram
28730	vaSa	SaH	vaSaH
28730	vaSa	Sam	vaSam
28730	vaSa	SaH	vaSaH
28735	vaSika	kA	vaSikA
28740	vaSiraH	ram	vaSiram
28745	vaSya	SyaH	vaSyaH
28745	vaSya	SyA	vaSyA
28745	vaSya	Syam	vaSyam
28756	vasanam	nA	vasanA
28761	vasita	tam	vasitam
28764	vasizWaH	zWam	vasizWam
28766	vasukaH	kam	vasukam
28768	vasumat	tI	vasumatI
28769	vasukaH	kam	vasukam
28778	vastam	staH	vastaH
28793	vasnika	kA	vasnikA
28798	UQa	QaH	UQaH
28798	UQa	QA	UQA
28798	UQa	Qam	UQam
28800	vahaH	hA	vahA
28809	vahala	laH	vahalaH
28819	vahyam	hyA	vahyA
28823	vAMSa	SI	vAMSI
28825	vAkam	kaH	vAkaH
28837	vAgya	gyaH	vAgyaH
28842	vANmaya	yam	vANmayam
28842	vANmaya	yI	vANmayI
28844	vAcaMyama	maH	vAcaMyamaH
28845	vAcaka	kaH	vAcakaH
28847	vAcanam	nA	vAcanA
28857	vAcika	kaH	vAcikaH
28857	vAcika	kam	vAcikam
28859	vAcoyukti	ktiH	vAcoyuktiH
28860	vAcya	cyam	vAcyam
28862	vAjaH	jam	vAjam
28864	vAjasaneyin	saMhitA	vAjasaneyisaMhitA
28866	vAjin	nI	vAjinI
28874	vAYCita	tam	vAYCitam
28875	vAYCin	nI	vAYCinI
28881	vAwya	wyaH	vAwyaH
28885	vAqavaH	vaH	vAqavaH
28885	vAqavaH	vam	vAqavam
28885	vAqavaH	vam	vAqavam
28886	vAqaveyaH	yO	vAqaveyO
28897	vAta	taH	vAtaH
28905	vAtala	laH	vAtalaH
28910	vAtika	kaH	vAtikaH
28911	vAtIya	yam	vAtIyam
28912	vAtula	laH	vAtulaH
28925	vAdanam	naH	vAdanaH
28928	vAdika	kaH	vAdikaH
28929	vAdita	tam	vAditam
28933	vAdyam	dyaH	vAdyaH
28933	vAdyam	dyam	vAdyam
28935	vAdara	rA	vAdarA
28935	vAdara	ram	vAdaram
28947	vAna	nam	vAnam
28951	vAnaraH	rI	vAnarI
28967	vApita	tam	vApitam
28971	vAma	maH	vAmaH
28971	vAma	mam	vAmam
28972	vAmaka	kaH	vAmakaH
28972	vAmaka	kam	vAmakam
28975	vAmana	naH	vAmanaH
28989	vAyava	vI	vAyavI
28990	vAyavIya	vAyavyA	vAyavyA
28991	vAyasaH	sam	vAyasam
28995	vAraH	ram	vAram
28996	vAraka	kaH	vArakaH
28996	vAraka	kam	vArakam
29000	vArawam	wA	vArawA
29001	vAraRa	Ram	vAraRam
29001	vAraRa	RaH	vAraRaH
29011	vArAha	haH	vArAhaH
29013	vAri	riH	vAriH
29013	vAri	rI	vArI
29018	vAruRa	RaH	vAruRaH
29018	vAruRa	Ram	vAruRam
29018	vAruRa	RaH	vAruRaH
29018	vAruRa	Ram	vAruRam
29022	vAruRqaH	RqaH	vAruRqaH
29022	vAruRqaH	Rqam	vAruRqam
29022	vAruRqaH	RqI	vAruRqI
29025	vArkza	rkzam	vArkzam
29026	vArkzya	rkzyam	vArkzyam
29031	vArtta	rttam	vArttam
29033	vArttika	kaH	vArttikaH
29033	vArttika	kA	vArttikA
29033	vArttika	kam	vArttikam
29037	vArdalam	laH	vArdalaH
29050	vArya	ryaH	vAryaH
29050	vArya	ryam	vAryam
29053	vArzika	kam	vArzikam
29053	vArzika	kI	vArzikI
29060	vAlaKilyaH	lyam	vAlaKilyam
29063	vAlukA	kA	vAlukA
29063	vAlukA	kI	vAlukI
29065	vAlka	lkam	vAlkam
29066	vAlkala	lam	vAlkalam
29066	vAlkala	lI	vAlkalI
29072	vAvAta	tA	vAvAtA
29084	vASra	SraH	vASraH
29084	vASra	SrA	vASrA
29084	vASra	Sram	vASram
29085	vAzkala	laH	vAzkalaH
29089	vAsaka	kaH	vAsakaH
29089	vAsaka	kA	vAsakA
29089	vAsaka	kam	vAsakam
29094	vAsita	tam	vAsitam
29097	vAsateya	yI	vAsateyI
29098	vAsanta	ntaH	vAsantaH
29098	vAsanta	ntI	vAsantI
29099	vAsantika	kaH	vAsantikaH
29101	vAsaraH	raH	vAsaraH
29102	vAsava	vaH	vAsavaH
29102	vAsava	vam	vAsavam
29109	vAsizWa	zWaH	vAsizWaH
29109	vAsizWa	zWI	vAsizWI
29113	vAsudevaH	vI	vAsudevI
29118	vAstava	vam	vAstavam
29120	vAstavika	kaH	vAstavikaH
29121	vAstavya	vyaH	vAstavyaH
29121	vAstavya	vyam	vAstavyam
29128	vAstra	straH	vAstraH
29131	vAsya	syaH	vAsyaH
29131	vAsya	syam	vAsyam
29132	vAsraH	srA	vAsrA
29134	vAha	haH	vAhaH
29136	vAhanam	nA	vAhanA
29149	vAhya	hyaH	vAhyaH
29149	vAhya	hyam	vAhyam
29151	vAhlikaH	kam	vAhlikam
29154	viMSa	SaH	viMSaH
29163	vikaca	caH	vikacaH
29166	vikawa	waH	vikawaH
29166	vikawa	wam	vikawam
29169	vikatTana	nam	vikatTanam
29175	vikampita	tam	vikampitam
29177	vikaraRaH	Ram	vikaraRam
29185	vikarmika	kaH	vikarmikaH
29187	vikala	lA	vikalA
29187	vikala	lI	vikalI
29211	vikuRWam	RWA	vikuRWA
29226	vikfta	tam	vikftam
29230	vikarzaRaH	Ram	vikarzaRam
29234	vikiraRam	RaH	vikiraRaH
29235	vikIrRa	rRam	vikIrRam
29242	vikeSa	SI	vikeSI
29251	vikrAnta	ntaH	vikrAntaH
29251	vikrAnta	ntam	vikrAntam
29260	vikrIta	tam	vikrItam
29264	vikruzwa	zwam	vikruzwam
29267	viklava	vam	viklavam
29271	viklizwa	zwam	viklizwam
29275	vikzata	tam	vikzatam
29279	vikzipta	ptam	vikziptam
29303	vigata	tA	vigatA
29303	vigata	tam	vigatam
29308	vigarhita	tam	vigarhitam
29334	viGasaH	sam	viGasam
29348	vicakzaRa	RaH	vicakzaRaH
29359	vicAraka	kaH	vicArakaH
29363	vicArita	tam	vicAritam
29373	vicAla	laH	vicAlaH
29384	vicitra	traH	vicitraH
29384	vicitra	trA	vicitrA
29384	vicitra	tram	vicitram
29385	vicitrakaH	kam	vicitrakam
29398	vicezwita	tam	vicezwitam
29404	vicCAya	yaH	vicCAyaH
29404	vicCAya	yam	vicCAyam
29424	vijana	nam	vijanam
29428	vijAta	tA	vijAtA
29433	vijara	ram	vijaram
29434	vijala	lam	vijalam
29440	vijayaH	yam	vijayam
29444	vijigIzu	zuH	vijigIzuH
29458	vijfmBita	tam	vijfmBitam
29463	vijYa	jYaH	vijYaH
29498	viqaNga	NgaH	viqaNgaH
29498	viqaNga	Ngam	viqaNgam
29503	viqambita	tam	viqambitam
29520	vitata	tam	vitatam
29522	vitanu	nuH	vitanuH
29535	vitAna	naH	vitAnaH
29535	vitAna	nam	vitAnam
29535	vitAna	nam	vitAnam
29541	vitAla	laH	vitAlaH
29541	vitAla	lI	vitAlI
29544	vitunnakam	kaH	vitunnakaH
29547	vitfzRa	zRA	vitfzRA
29552	vitta	tam	vittam
29560	viTuraH	rA	viTurA
29563	vidaH	dA	vidA
29565	vidita	taH	viditaH
29565	vidita	tam	viditam
29566	viduzaH	zI	viduzI
29568	vidagDa	gDaH	vidagDaH
29568	vidagDa	gDA	vidagDA
29571	vidaTaH	Tam	vidaTam
29572	vidaraH	ram	vidaram
29573	vidarBAH	rBaH	vidarBaH
29575	vidala	laH	vidalaH
29575	vidala	lam	vidalam
29589	vidura	raH	viduraH
29592	vidUra	raH	vidUraH
29593	vidUzaka	kaH	vidUzakaH
29597	vidAraH	rI	vidArI
29598	vidArakaH	kam	vidArakam
29599	vidAraRaH	RA	vidAraRA
29599	vidAraRaH	Ram	vidAraRam
29605	videha	hAH	videhAH
29605	videha	haH	videhaH
29605	videha	hA	videhA
29607	vidDa	dDaH	vidDaH
29607	vidDa	dDam	vidDam
29619	vidyotana	nam	vidyotanam
29628	vidruta	tam	vidrutam
29636	vidvezaRaH	RI	vidvezaRI
29636	vidvezaRaH	Ram	vidvezaRam
29640	viDana	tA	viDanatA
29641	viDarma	rmaH	viDarmaH
29657	viDitsita	tam	viDitsitam
29660	viDeya	yam	viDeyam
29660	viDeya	yaH	viDeyaH
29666	viDura	raH	viDuraH
29666	viDura	ram	viDuram
29672	viDUta	tam	viDUtam
29679	viDfta	tam	viDftam
29700	vinaSanam	naH	vinaSanaH
29704	vinASanam	naH	vinASanaH
29767	vinihata	taH	vinihataH
29771	vinaya	yaH	vinayaH
29773	vinIta	taH	vinItaH
29784	vinda	ndaH	vindaH
29785	vindu	nduH	vinduH
29786	vinDyaH	nDyA	vinDyA
29791	vinyasta	stam	vinyastam
29795	vipakza	kzaH	vipakzaH
29812	vipattiH	ttiH	vipattiH
29815	vipanna	nnaH	vipannaH
29825	viparIta	taH	viparItaH
29825	viparIta	tA	viparItA
29827	viparyaya	yaH	viparyayaH
29844	vipina	nam	vipinam
29847	vipula	laH	vipulaH
29888	vipralabDa	bDA	vipralabDA
29912	vipriya	yam	vipriyam
29915	viplava	vaH	viplavaH
29919	vipluta	tam	viplutam
29923	viPala	lA	viPalA
29923	viPala	lam	viPalam
29941	viBakta	ktaH	viBaktaH
29941	viBakta	ktam	viBaktam
29966	viBinna	nnaH	viBinnaH
29973	viBu	BuH	viBuH
29979	viBAvanam	nA	viBAvanA
29988	viBUzita	tam	viBUzitam
30009	vimata	taH	vimataH
30010	vimati	tiH	vimatiH
30022	vimala	laH	vimalaH
30022	vimala	lam	vimalam
30036	vimUQa	QaH	vimUQaH
30037	vimUrcCita	tam	vimUrcCitam
30047	vimfzwa	zwam	vimfzwam
30052	vimohana	naH	vimohanaH
30052	vimohana	nam	vimohanam
30052	vimohana	nam	vimohanam
30085	viraja	jaH	virajaH
30085	viraja	jA	virajA
30093	virakta	ktA	viraktA
30105	virala	lam	viralam
30105	virala	lam	viralam
30106	virasa	saH	virasaH
30114	virAja	jaH	virAjaH
30133	virAvin	RI	virAviRI
30134	viruta	tam	virutam
30134	viruta	tiH	virutiH
30143	virudDa	dDam	virudDam
30154	virUpa	paH	virUpaH
30154	virUpa	pA	virUpA
30154	virUpa	pam	virUpam
30155	virUpaka	kaH	virUpakaH
30161	virokaH	kaH	virokaH
30162	virocanaH	nam	virocanam
30168	vilakzaRa	Ram	vilakzaRam
30171	vilagna	gnam	vilagnam
30174	vilaNGita	tam	vilaNGitam
30187	vilambita	tam	vilambitam
30187	vilambita	tam	vilambitam
30196	vilasita	tam	vilasitam
30208	vileKaH	KA	vileKA
30226	viloqita	tam	viloqitam
30244	vilokita	tam	vilokitam
30247	viloma	maH	vilomaH
30247	viloma	mam	vilomam
30251	vilohita	taH	vilohitaH
30251	vilohita	tA	vilohitA
30255	vivakzita	tam	vivakzitam
30266	vivaram	raH	vivaraH
30267	vivarRa	rRaH	vivarRaH
30272	vivAsaH	vivAsakAle	vivAsakAle
30274	vivasana	naH	vivasanaH
30275	vivasvat	tI	vivasvatI
30285	vivikta	ktam	viviktam
30285	vivikta	ktA	viviktA
30287	viviDa	Dam	viviDam
30291	vivfta	tam	vivftam
30291	vivfta	tA	vivftA
30291	vivfta	tam	vivftam
30296	vivfkta	ktA	vivfktA
30319	viSaNka	NkA	viSaNkA
30321	viSaNkawa	wam	viSaNkawam
30322	viSada	daH	viSadaH
30325	viSalya	lyA	viSalyA
30327	viSasanam	naH	viSasanaH
30339	viSArada	daH	viSAradaH
30340	viSAla	laH	viSAlaH
30340	viSAla	lA	viSAlA
30342	viSiKa	KaH	viSiKaH
30347	viSizwa	zwaH	viSizwaH
30349	viSeza	zaH	viSezaH
30350	viSezaka	kaH	viSezakaH
30350	viSezaka	kam	viSezakam
30350	viSezaka	kaH	viSezakaH
30350	viSezaka	kam	viSezakam
30351	viSezaRa	Ram	viSezaRam
30354	viSezya	zyam	viSezyam
30357	viSudDa	dDam	viSudDam
30359	viSoDanam	nI, viSoDinI	viSoDanI
30360	viSoDya	Dyam	viSoDyam
30366	viSoka	kaH	viSokaH
30366	viSoka	kA	viSokA
30379	viSrabDa	bDam	viSrabDam
30381	viSramBaRa	Ram	viSramBaRam
30387	viSruta	tam	viSrutam
30394	viSlezaRa	Ram	viSlezaRam
30396	viSva	Svam	viSvam
30396	viSva	SvaH	viSvaH
30396	viSva	SvA	viSvA
30403	viSvaMBara	raH	viSvaMBaraH
30403	viSvaMBara	rA	viSvaMBarA
30405	viSvaha	hA	viSvahA
30409	viSvasta	stA	viSvastA
30432	vizama	maH	vizamaH
30432	vizama	mam	vizamam
30432	vizama	mam	vizamam
30452	vizuRa	RaH	vizuRaH
30505	visaMkawa	waH	visaMkawaH
30506	visaMkula	lam	visaMkulam
30519	visUritam	tA	visUritA
30522	visAraH	ram	visAram
30522	visAraH	rI	visArI
30532	visarjanIya	yaH	visarjanIyaH
30569	vismApana	naH	vismApanaH
30569	vismApana	nam	vismApanam
30580	visraMsana	nam	visraMsanam
30583	visrabDa	visrabDam	visrabDam
30589	visvara	raH	visvaraH
30589	visvara	ram	visvaram
30593	vihaMgama	maH	vihaMgamaH
30597	vihata	taH	vihataH
30603	vihasta	staH	vihastaH
30606	vihApita	tam	vihApitam
30612	vihita	tam	vihitam
30623	vihfta	tam	vihftam
30637	vIkzam	kzaH	vIkzaH
30637	vIkzam	kzA	vIkzA
30638	vIkzaRam	Ram	vIkzaRam
30640	vIkzya	kzyaH	vIkzyaH
30640	vIkzya	kzyam	vIkzyam
30644	vIjanaH	nam	vIjanam
30652	vIta	taH	vItaH
30652	vIta	tam	vItam
30655	vItiH	tiH	vItiH
30659	vIDra	Dram	vIDram
30666	vIra	raH	vIraH
30666	vIra	ram	vIram
30668	vIrataraH	ram	vIrataram
30670	vIravat	tI	vIravatI
30694	vftiMkara	raH	vftiMkaraH
30706	vfjana	naH	vfjanaH
30706	vfjana	nam	vfjanam
30707	vfjina	naH	vfjinaH
30707	vfjina	nam	vfjinam
30710	vftta	ttaH	vfttaH
30710	vftta	ttam	vfttam
30714	vftraH	tram	vftram
30718	vfdDa	dDaH	vfdDaH
30718	vfdDa	dDam	vfdDam
30727	vfnda	ndam	vfndam
30729	vfndAra	raH	vfndAraH
30730	vfndAraka	kaH	vfndArakaH
30735	vfSaH	SA	vfSA
30735	vfSaH	Sam	vfSam
30738	vfScikaH	kA	vfScikA
30738	vfScikaH	kI	vfScikI
30741	vfzaH	zam	vfzam
30743	vfzaRa	RaH	vfzaRaH
30747	vfzaBaH	BA	vfzaBA
30760	vfzya	zyaH	vfzyaH
30760	vfzya	zyam	vfzyam
30762	vfzalaH	lam	vfzalam
30776	vegin	nI	veginI
30790	veRukam	kaH	veRukaH
30796	vetasaH	amlaH	vetasAmlaH
30818	vediH	diH	vediH
30818	vediH	dI	vedI
30821	veDakaH	kam	veDakam
30826	veDin	nI	veDinI
30840	verawaH	wam	verawam
30842	velam	laH	velaH
30852	vellita	tam	vellitam
30857	veSanam	nI	veSanI
30870	vezwaH	zwam	vezwam
30871	vezwakaH	kam	vezwakam
30874	vezwita	tam	vezwitam
30897	vEkArika	kaH	vEkArikaH
30904	vEkuRWaH	RWam	vEkuRWam
30906	vEkfta	tam	vEkftam
30906	vEkfta	taH	vEkftaH
30912	vEKAnasa	saH	vEKAnasaH
30933	vERava	vaH	vERavaH
30933	vERava	vI	vERavI
30933	vERava	vam	vERavam
30936	vERukaH	kam	vERukam
30938	vEtaMsikaH	kam	vEtaMsikam
30942	vEtanika	kaH	vEtanikaH
30946	vEtAna	nam	vEtAnam
30947	vEtAnika	kam	vEtAnikam
30949	vEtAlikaH	kam	vEtAlikam
30953	vEdaH	dI	vEdI
30955	vEdarBaH	rBam	vEdarBam
30955	vEdarBaH	rBI	vEdarBI
30956	vEdala	laH	vEdalaH
30956	vEdala	lam	vEdalam
30957	vEdika	kaH	vEdikaH
30957	vEdika	kam	vEdikam
30960	vEdUrya	ryam	vEdUryam
30961	vEdeSika	kaH	vEdeSikaH
30963	vEdehaH	hAH	vEdehAH
30963	vEdehaH	hI	vEdehI
30966	vEdya	dyaH	vEdyaH
30967	vEdyakaH	kam	vEdyakam
30968	vEdyuta	tam	vEdyutam
30981	vEDeya	yaH	vEDeyaH
30986	vEnayika	kaH	vEnayikaH
30989	vEnASikaH	kam	vEnASikam
31008	vEmAnika	kaH	vEmAnikaH
31008	vEmAnika	kI	vEmAnikI
31017	vEyAkaraRa	RaH	vEyAkaraRaH
31019	vEyAGra	GraH	vEyAGraH
31034	vErAja	jaH	vErAjaH
31034	vErAja	jam	vErAjam
31036	vErAwa	waH	vErAwaH
31054	vEvasvataH	tam	vEvasvatam
31056	vEvAhika	kaH	vEvAhikaH
31056	vEvAhika	kam	vEvAhikam
31056	vEvAhika	kaH	vEvAhikaH
31057	vEvAhya	hyam	vEvAhyam
31062	vESasa	sam	vESasam
31065	vESAKaH	Kam	vESAKam
31065	vESAKaH	KI	vESAKI
31066	vESArada	dam	vESAradam
31068	vESika	kaH	vESikaH
31068	vESika	kam	vESikam
31071	vESezika	kaH	vESezikaH
31071	vESezika	kam	vESezikam
31077	vESvadeva	vam	vESvadevam
31077	vESvadeva	vI	vESvadevI
31078	vESvarUpa	pam	vESvarUpam
31081	vESvAnara	raH	vESvAnaraH
31081	vESvAnara	rI	vESvAnarI
31087	vEzayika	kaH	vEzayikaH
31088	vEzuvat	tam	vEzuvatam
31091	vEzwraH	zwram	vEzwram
31092	vEzRava	vaH	vEzRavaH
31092	vEzRava	vI	vEzRavI
31092	vEzRava	vam	vEzRavam
31098	vEhAyasa	sam	vEhAyasam
31100	vEhArya	ryam	vEhAryam
31133	vyagra	graH	vyagraH
31134	vyaNga	NgaH	vyaNgaH
31139	vyaNgya	Ngyam	vyaNgyam
31145	vyakta	ktaH	vyaktaH
31145	vyakta	ktam	vyaktam
31145	vyakta	ktam	vyaktam
31149	vyaYjaka	kaH	vyaYjakaH
31155	vyatikara	raH	vyatikaraH
31166	vyatirikta	ktam	vyatiriktam
31181	vyatyayaH	yam	vyatyayam
31192	vyaDaH	DA	vyaDA
31244	vyaya	yaH	vyayaH
31249	vyalIka	kaH	vyalIkaH
31249	vyalIka	kam	vyalIkam
31269	vyavasita	tam	vyavasitam
31273	vyavasTAnam	naH	vyavasTAnaH
31288	vyavahArya	ryam	vyavahAryam
31292	vyavAyaH	yam	vyavAyam
31302	vyasta	stam	vyastam
31302	vyasta	stam	vyastam
31337	vyAGraH	GrI	vyAGrI
31346	vyAtta	ttam	vyAttam
31362	vyApaka	kaH	vyApakaH
31362	vyApaka	kam	vyApakam
31367	vyApya	pyam	vyApyam
31399	vyAla	laH	vyAlaH
31410	vyAvahArika	kaH	vyAvahArikaH
31410	vyAvahArika	kam	vyAvahArikam
31437	vyAhfta	tam	vyAhftam
31446	vyutkrAnta	tA	vyutkrAntA
31467	vyuzwa	zwam	vyuzwam
31484	vrajaH	jam	vrajam
31499	vraScanaH	nam	vraScanam
31502	vrAtaH	tam	vrAtam
31504	vrAtyaH	tyA	vrAtyA
31517	vrEheya	yam	vrEheyam
31522	SaH	Sam	Sam
31523	SaMyu	yuH	SaMyuH
31524	SaMva	vaH	SaMvaH
31535	SakaH	kAH	SakAH
31537	SakawaH	waH	SakawaH
31541	SakalaH	lam	Sakalam
31546	SakunaH	nam	Sakunam
31574	SakvaraH	rI	SakvarI
31582	SaMkara	raH	SaMkaraH
31582	SaMkara	rI	SaMkarI
31588	SaNKakaH	kaH	SaNKakaH
31588	SaNKakaH	kam	SaNKakam
31593	SaciH	cI	SacI
31601	SaWa	WaH	SaWaH
31601	SaWa	Wam	SaWam
31607	SaRqaH	Rqam	SaRqam
31611	Sataka	kam	Satakam
31629	SadriH	driH	SadriH
31650	SabaraH	rI	SabarI
31651	Sabala	laH	SabalaH
31651	Sabala	lA	SabalA
31651	Sabala	lI	SabalI
31651	Sabala	lam	Sabalam
31655	Sabdana	nam	Sabdanam
31657	Sabdita	tam	Sabditam
31662	Samana	nam	Samanam
31662	Samana	naH	SamanaH
31664	SamanIya	yam	SamanIyam
31667	Samita	tA	SamitA
31675	Samba	mbaH	SambaH
31676	Sambara	raH	SambaraH
31676	Sambara	ram	Sambaram
31682	SaMBu	BuH	SaMBuH
31684	Saya	yaH	SayaH
31687	SayaTa	TaH	SayaTaH
31691	SayAlu	luH	SayAluH
31692	Sayita	tam	Sayitam
31695	SaraH	ram	Saram
31700	SaraRya	RyaH	SaraRyaH
31700	SaraRya	Ryam	SaraRyam
31714	SarAru	ruH	SarAruH
31720	SarIrakam	kaH	SarIrakaH
31732	SarDaMjaha	haH	SarDaMjahaH
31740	Sarya	ryaH	SaryaH
31744	SarvaraH	ram	Sarvaram
31748	SarSarIka	kaH	SarSarIkaH
31750	SalaH	lam	Salam
31754	Salalam	lI	SalalI
31757	SalAwu	duH	SalAduH
31765	Salyam	lyaH	SalyaH
31765	Salyam	lyA	SalyA
31770	SallaH	llam	Sallam
31771	SallakaH	kam	Sallakam
31773	SalvaH	SalvAH	SalSalvAH
31775	SavaH	vam	Savam
31778	SavasAnaH	nam	SavasAnam
31788	SazpaH	zpam	Sazpam
31791	Sasta	stam	Sastam
31791	Sasta	staH	SastaH
31799	Sasya	syA	SasyA
31801	SAkaH	kaH	SAkaH
31802	SAkawa	waH	SAkawaH
31802	SAkawa	wam	SAkawam
31804	SAkawika	kaH	SAkawikaH
31809	SAkala	laH	SAkalaH
31809	SAkala	lam	SAkalam
31817	SAkunikaH	kam	SAkunikam
31820	SAkuntalaH	lam	SAkuntalam
31826	SAkta	ktaH	SAktaH
31831	SAkra	kram	SAkram
31850	SAwyAyanam	naH	SAwyAyanaH
31853	SARa	RaH	SARaH
31853	SARa	Ram	SARam
31859	SAta	taH	SAtaH
31859	SAta	tam	SAtam
31871	SAtrava	vaH	SAtravaH
31871	SAtrava	vam	SAtravam
31873	SAdaH	dA	SAdA
31874	SAdvala	laH	SAdvalaH
31874	SAdvala	lam	SAdvalam
31880	SAnta	ntaH	SAntaH
31880	SAnta	ntam	SAntam
31880	SAnta	ntam	SAntam
31886	SAntika	kam	SAntikam
31892	SAbara	raH	SAbaraH
31892	SAbara	rI	SAbarI
31895	SAbda	bdaH	SAbdaH
31895	SAbda	bdI	SAbdI
31896	SAbdika	kaH	SAbdikaH
31898	SAmanaH	nam	SAmanam
31898	SAmanaH	nI	SAmanI
31910	SAmBava	vaH	SAmBavaH
31910	SAmBava	vam	SAmBavam
31918	SAra	raH	SAraH
31924	SArada	daH	SAradaH
31924	SArada	dI	SAradI
31924	SArada	dam	SAradam
31924	SArada	dA	SAradA
31925	SAradikaH	kam	SAradikam
31928	SAradvataH	tI	SAradvatI
31929	SAriH	riH	SAriH
31933	SArIra	raH	SArIraH
31933	SArIra	ram	SArIram
31933	SArIra	ram	SArIram
31934	SArIraka	kam	SArIrakam
31940	SArkara	raH	SArkaraH
31944	SArNga	rNgaH	SArNgaH
31944	SArNga	rNgam	SArNgam
31944	SArNga	SArNgaH	SArNgaH
31944	SArNga	rNgam	SArNgam
31949	SArvara	ram	SArvaram
31949	SArvara	rI	SArvarI
31962	SAlAkyam	kyaH	SAlAkyaH
31969	SAlIna	naH	SAlInaH
31969	SAlIna	nam	SAlInam
31974	SAluH	lu	SAlu
31975	SAlukam	kaH	SAlukaH
31978	SAleyam	yaH	SAleyaH
31978	SAleyam	yam	SAleyam
31978	SAleyam	yaH	SAleyaH
31988	SAva	vaH	SAvaH
31988	SAva	vam	SAvam
31988	SAva	vaH	SAvaH
31988	SAva	vam	SAvam
31992	SASvata	taH	SASvataH
31992	SASvata	tam	SASvatam
31992	SASvata	tam	SASvatam
32001	SAsana	nam	SAsanam
32022	Sikzita	taH	SikzitaH
32025	SiKaRqaH	KaRqikA	SiKaRqikA
32032	SiKaraH	rA	SiKarA
32042	SiNGARaH	Ram	SiNGARam
32043	SiNGARakaH	kaH	SiNGARakaH
32051	SiYjita	tam	SiYjitam
32057	Siti	tiH	SitiH
32059	SiTila	lam	SiTilam
32065	SipraH	pram	Sipram
32074	SimbaH	mbA	SimbA
32077	Siram	raH	SiraH
32083	Sirasya	syaH	SirasyaH
32087	SirIzaH	zam	SirIzam
32092	SiliH	liH	SiliH
32096	SilInDraH	nDram	SilInDram
32101	Sileya	yam	Sileyam
32105	Silpika	kam	Silpikam
32107	Siva	vaH	SivaH
32107	Siva	vO	SivO
32107	Siva	vam	Sivam
32116	SiSira	raH	SiSiraH
32116	SiSira	ram	SiSiram
32125	Sizwa	zwaH	SizwaH
32125	Sizwa	zwam	Sizwam
32134	SIkaraH	ram	SIkaram
32136	SIGra	Gram	SIGram
32136	SIGra	Gram	SIGram
32136	SIGra	GrA	SIGrA
32139	SIGriya	yaH	SIGriyaH
32143	SIta	taH	SItaH
32143	SIta	tam	SItam
32144	SItaka	kaH	SItakaH
32145	SItala	laH	SItalaH
32145	SItala	lam	SItalam
32155	SIna	naH	SInaH
32155	SIna	nam	SInam
32162	SIrRa	rRam	SIrRam
32166	SIrzakaH	kam	SIrzakam
32168	SIrzaRyaH	Ryam	SIrzaRyam
32171	SIlaH	lam	SIlam
32173	SIlita	tam	SIlitam
32181	SukaH	kam	Sukam
32182	Sukta	ktam	Suktam
32186	Sukra	kraH	SukraH
32186	Sukra	kram	Sukram
32188	Sukla	klaH	SuklaH
32188	Sukla	klam	Suklam
32189	Suklaka	kaH	SuklakaH
32194	SuNgaH	Ngam	SuNgam
32199	Suci	ciH	SuciH
32222	SudDa	dDaH	SudDaH
32222	SudDa	dDam	SudDam
32234	Sunya	nyam	Sunyam
32238	SuBa	BaH	SuBaH
32238	SuBa	Bam	SuBam
32240	SuBaMkara	rI	SuBaMkarI
32244	SuBra	BraH	SuBraH
32244	SuBra	Bram	SuBram
32254	Sulvam	lvA	SulvA
32254	Sulvam	lvI	SulvI
32257	SuSrUzaka	kaH	SuSrUzakaH
32264	Suzira	raH	SuziraH
32264	Suzira	ram	Suziram
32267	Suzka	zkam	Suzkam
32268	SuzkalaH	lI	SuzkalI
32270	SuzmaH	zmam	Suzmam
32273	SUkaH	kA	SUkA
32286	SUnya	nyam	SUnyam
32290	SUra	raH	SUraH
32294	SUrpaH	rpaH	SUrpaH
32303	SUlika	kaH	SUlikaH
32303	SUlika	kam	SUlikam
32306	SUlya	lyam	SUlyam
32308	SUza	zaH	SUzaH
32308	SUza	zam	SUzam
32318	SfNgAwaH	wam	SfNgAwam
32319	SfNgAwakaH	kam	SfNgAwakam
32321	SfNgAraH	ram	SfNgAram
32322	SfNgArakaH	kam	SfNgArakam
32326	SfNgikam	kA	SfNgikA
32340	SeKaraH	ram	SeKaram
32350	SevaH	vam	Sevam
32354	Seza	zaH	SezaH
32354	Seza	zam	Sezam
32354	Seza	zaH	SezaH
32354	Seza	zA	SezA
32354	Seza	zam	Sezam
32356	SEkya	kyaH	SEkyaH
32356	SEkya	ayasam	SEkyAyasam
32372	SEla	laH	SElaH
32372	SEla	lam	SElam
32379	SElUzaH	zI	SElUzI
32380	SElUzikaH	kI	SElUzikI
32381	SEleya	yaH	SEleyaH
32381	SEleya	yam	SEleyam
32381	SEleya	yI	SEleyI
32382	SElya	lyam	SElyam
32383	SEva	vaH	SEvaH
32383	SEva	vam	SEvam
32384	SEvalaH	lam	SEvalam
32389	SESira	raH	SESiraH
32404	SoWa	WaH	SoWaH
32406	SoRa	RaH	SoRaH
32406	SoRa	Ram	SoRam
32407	SoRita	Ram	SoRam
32411	SoDaka	kaH	SoDakaH
32411	SoDaka	kam	SoDakam
32412	SoDana	nam	SoDanam
32412	SoDana	naH	SoDanaH
32416	SoDya	DyaH	SoDyaH
32418	SoBana	naH	SoBanaH
32418	SoBana	nA	SoBanA
32418	SoBana	nam	SoBanam
32427	SozaRa	RaH	SozaRaH
32427	SozaRa	Ram	SozaRam
32445	SOwIra	raH	SOwIraH
32445	SOwIra	ram	SOwIram
32450	SORqikaH	kI	SORqikI
32450	SORqikaH	nI	SORqikanI
32453	SORqira	ram	SORqiram
32456	SOdra	draH	SOdraH
32460	SOBaH	Bam	SOBam
32471	SOva	vam	SOvam
32472	SOvana	nam	SOvanam
32476	SOzkalaH	lam	SOzkalam
32490	SyAna	nam	SyAnam
32491	SyAma	maH	SyAmaH
32491	SyAma	mam	SyAmam
32492	SyAmakaH	kam	SyAmakam
32493	SyAmala	laH	SyAmalaH
32493	SyAmala	lA	SyAmalA
32504	SyAva	vaH	SyAvaH
32504	SyAva	vA	SyAvA
32505	Syeta	taH	SyetaH
32523	SradDAlu	luH	SradDAluH
32529	SrapaRam	RaH	SrapaRaH
32530	Srapita	tam	Srapitam
32530	Srapita	tA	SrapitA
32533	SramaRa	RaH	SramaRaH
32533	SramaRa	RA	SramaRA
32533	SramaRa	RI	SramaRI
32533	SramaRa	Ram	SramaRam
32539	SravaRaH	RaH	SravaRaH
32539	SravaRaH	RA	SravaRA
32539	SravaRaH	Ram	SravaRam
32547	SrARa	Ram	SrARam
32549	SrAdDa	dDam	SrAdDam
32550	SrAdDika	kaH	SrAdDikaH
32550	SrAdDika	kam	SrAdDikam
32553	SrAnta	taH	SrAntaH
32559	SrAvaRa	RaH	SrAvaRaH
32559	SrAvaRa	Ram	SrAvaRam
32560	SrAvaRika	kaH	SrAvaRikaH
32562	SrAvita	tam	SrAvitam
32577	Sruta	tam	Srutam
32594	SrezWa	zWaH	SrezWaH
32594	SrezWa	zWam	SrezWam
32599	SroRa	RaH	SroRaH
32605	Srotriya	yaH	SrotriyaH
32606	SrOta	tam	SrOtam
32610	SlakzRaka	kam	SlakzRakam
32664	SvaSuraH	rO	SvaSurO
32669	SvasanaH	nam	Svasanam
32671	Svasita	tam	Svasitam
32675	Svastana	nam	Svastanam
32682	SvApada	daH	SvApadaH
32687	Svita	tam	Svitam
32693	Sveta	taH	SvetaH
32693	Sveta	tam	Svetam
32694	SvetakaH	kam	Svetakam
32702	za	zaH	zaH
32704	zaRqaH	RqaH	zaRqaH
32704	zaRqaH	Rqam	zaRqam
32709	zawka	kaH	zawkaH
32709	zawka	kam	zawkam
32712	zazwika	kaH	zazwikaH
32712	zazwika	kA	zazwikA
32742	sa	sA	sA
32742	sa	sam	sam
32750	saMyata	taH	saMyataH
32755	saMyamanam	naH	saMyamanaH
32755	saMyamanam	nI	saMyamanI
32756	saMyamita	tam	saMyamitam
32760	saMyAnaH	nam	saMyAnam
32764	saMyukta	tam	saMyuktam
32766	saMyuj	jA	saMyujA
32832	saMvalgita	tam	saMvalgitam
32855	saMvidita	tam	saMviditam
32877	saMvaraH	ram	saMvaram
32880	saMvfta	tam	saMvftam
32885	saMvartakaH	kam	saMvartakam
32889	saMvftta	ttaH	saMvfttaH
32915	saMSayita	tam	saMSayitam
32928	saMSrita	taH	saMSritaH
32935	saMSlizwa	zwaH	saMSlizwaH
32935	saMSlizwa	zwam	saMSlizwam
32966	saMsfzwa	zwam	saMsfzwam
32983	saMskfta	taH	saMskftaH
32983	saMskfta	tam	saMskftam
32992	saMstavAna	naH	saMstavAnaH
33002	saMsTa	sTaH	saMsTaH
33006	saMsTApanam	nA	saMsTApanA
33008	saMsTita	tam	saMsTitam
33050	sakawa	waH	sakawaH
33051	sakaRwaka	kaH	sakaRwakaH
33058	sakala	lam	sakalam
33059	sakalpa	lpaH	sakalpaH
33061	sakAma	mam	sakAmam
33063	sakAla	lam	sakAlam
33064	sakASa	SaH	sakASaH
33067	sakula	laH	sakulaH
33072	sakEtava	vaH	sakEtavaH
33073	sakopa	pam	sakopam
33087	saKyam	saKyaH	saKyaH
33089	sagaRa	RaH	sagaRaH
33091	saganDa	nDaH	saganDaH
33092	sagara	raH	sagaraH
33095	sagotra	traH	sagotraH
33095	sagotra	tam	sagotram
33099	saMkawa	wam	saMkawam
33108	saMkalita	tA	saMkalitA
33108	saMkalita	tam	saMkalitam
33115	saMkASa	SaH	saMkASaH
33119	saMkocaH	cam	saMkocam
33120	saMkocanam	nI	saMkocanI
33121	saMkula	lam	saMkulam
33125	saMkarzaRam	RaH	saMkarzaRaH
33131	saMkIrRa	rRaH	saMkIrRaH
33131	saMkIrRa	rRam	saMkIrRam
33131	saMkIrRa	rRA	saMkIrRA
33146	saMkrandanaH	nam	saMkrandanam
33148	saMkramaH	maH	saMkramaH
33148	saMkramaH	mam	saMkramam
33149	saMkramaRam	kA	saMkramaRikA
33150	saMkrAnta	tam	saMkrAntam
33174	saMKyAta	tam	saMKyAtam
33174	saMKyAta	tA	saMKyAtA
33182	saMgata	tam	saMgatam
33186	saMgamanam	naH	saMgamanaH
33187	saMgaraH	ram	saMgaram
33197	saMgIta	tam	saMgItam
33204	saMgrahaRam	RI	saMgrahaRI
33215	saMGawwaH	wwA	saMGawwA
33224	saMGuzwa	zwaH	saMGuzwaH
33226	saMGarzaH	rzA	saMGarzA
33230	sacakita	tam	sacakitam
33231	sacarAcara	ram	sacarAcaram
33243	sajana	naH	sajanaH
33247	sajAta	taH	sajAtaH
33254	sajjanam	naH	sajjanaH
33254	sajjanam	nA	sajjanA
33267	saMcaraRam	RI	saMcaraRI
33269	saMcAraka	kaH	saMcArakaH
33304	saMjanana	nam	saMjananam
33315	saMjIvanam	nI	saMjIvanI
33317	saMjYa	jYam	saMjYam
33353	satata	tam	satatam
33377	sattvavat	tI	sattvavatI
33378	satya	tyaH	satyaH
33378	satya	tyam	satyam
33378	satya	tyam	satyam
33379	satyaka	kam	satyakam
33381	satyavat	tI	satyavatI
33387	satra	tram	satram
33391	satvara	ram	satvaram
33392	saTUtkAra	raH	saTUtkAraH
33400	sadaya	yam	sadayam
33405	sadAtana	naH	sadAtanaH
33427	sanaH	nam	sanam
33435	sanAtana	taH	sanAtanataH
33435	sanAtana	nI	sanAtanI
33436	sanATa	TA	sanATA
33439	sanABi	BiH	sanABiH
33450	sanIqa	nIqaH	sanIqaH
33450	sanIqa	qam	sanIqam
33456	saMtata	tam	saMtatam
33463	saMtapta	ptam	saMtaptam
33465	saMtApana	naH	saMtApanaH
33465	saMtApana	nam	saMtApanam
33494	saMdazwa	zwam	saMdazwam
33498	saMdAnam	naH	saMdAnaH
33507	saMdizwa	zwaH	saMdizwaH
33507	saMdizwa	zwam	saMdizwam
33511	saMdigDa	gDam	saMdigDam
33515	saMdehya	hyaH	saMdehyaH
33518	saMdIpana	naH	saMdIpanaH
33518	saMdIpana	nam	saMdIpanam
33518	saMdIpana	nI	saMdIpanI
33547	saMDita	tam	saMDitam
33559	sanna	nnaH	sannaH
33559	sanna	nnam	sannam
33560	sannaka	kaH	sannakaH
33574	saMnikfzwa	zwam	saMnikfzwam
33608	saMnihita	tam	saMnihitam
33617	sapakza	kzaH	sapakzaH
33619	sapatna	tnaH	sapatnaH
33642	saptaka	kam	saptakam
33642	saptaka	kI	saptakI
33645	saptama	mI	saptamI
33669	sabanDu	nDuH	sabanDuH
33684	saBya	ByaH	saByaH
33688	sama	maH	samaH
33688	sama	mam	samam
33688	sama	mam	samam
33690	samakza	kzam	samakzam
33695	samajaH	jam	samajam
33697	samaYjasa	sam	samaYjasam
33700	samatikrAnta	ntam	samatikrAntam
33704	samaDika	kam	samaDikam
33714	samanta	ntaH	samantaH
33715	samanyu	nyuH	samanyuH
33719	samaBidruta	tam	samaBidrutam
33735	samarTa	rTaH	samarTaH
33735	samarTa	rTam	samarTam
33743	samaryAda	daH	samaryAdaH
33743	samaryAda	dam	samaryAdam
33745	samala	lam	samalam
33788	samAgata	tA	samAgatA
33788	samAgata	tam	samAgatam
33817	samAna	naH	samAnaH
33817	samAna	nam	samAnam
33830	samAptika	kaH	samAptikaH
33834	samApanna	nnam	samApannam
33873	samAlambin	nI	samAlambinI
33898	samASrita	taH	samASritaH
33924	samAhita	taH	samAhitaH
33924	samAhita	tam	samAhitam
33954	samIkzaH	kzam	samIkzam
33962	samIcIna	nam	samIcInam
33966	samIpa	pam	samIpam
33971	samIraRaH	Ram	samIraRam
33976	samIhita	tam	samIhitam
33994	samujJita	tam	samujJitam
34014	samutpiYja	jaH	samutpiYjaH
34014	samutpiYja	laH	samutpiYjalaH
34014	samutpiYja	lakaH	samutpiYjalakaH
34024	samudayaH	yam	samudayam
34037	samudga	dgaH	samudgaH
34054	samudra	draH	samudraH
34054	samudra	drA	samudrA
34115	saMpaH	pA	saMpA
34128	saMpanna	nnaH	saMpannaH
34128	saMpanna	nnam	saMpannam
34135	saMpAka	kaH	saMpAkaH
34141	saMpIqaH	qA	saMpIqA
34236	saMbadDa	dDam	saMbadDam
34237	saMbanDa	nDaH	saMbanDaH
34238	saMbanDaka	kaH	saMbanDakaH
34238	saMbanDaka	kam	saMbanDakam
34239	saMbanDin	SabdaH	saMbanDiSabdaH
34240	saMbaraH	ram	saMbaram
34241	saMbalaH	lam	saMbalam
34243	saMbADa	DaH	saMbADaH
34245	saMbADanam	nA	saMbADanA
34247	saMbudDa	dDaH	saMbudDaH
34256	saMBagna	gnaH	saMBagnaH
34263	saMBAzita	tam	saMBAzitam
34265	saMBinna	nnaH	saMBinnaH
34281	saMBAvita	tam	saMBAvitam
34282	saMBAvya	vyam	saMBAvyam
34297	saMmada	daH	saMmadaH
34300	saMmata	tam	saMmatam
34302	saMmAnaH	nam	saMmAnam
34310	saMmita	tam	saMmitam
34320	saMmuKa	Kam	saMmuKam
34320	saMmuKa	Ke	saMmuKe
34328	saMmugDa	gDam	saMmugDam
34329	saMmUQa	QA	saMmUQA
34332	saMmohanam	naH	saMmohanaH
34332	saMmohanam	nI	saMmohanI
34351	sayoni	niH	sayoniH
34353	sara	raH	saraH
34353	sara	ram	saram
34353	sara	rA	sarA
34353	sara	rI	sarI
34354	sarakaH	kam	sarakam
34362	saraRa	Ram	saraRam
34369	saraTa	TaH	saraTaH
34371	saraBasa	sam	saraBasam
34373	sarayuH	yuH	sarayuH
34373	sarayuH	yUH	sarayUH
34374	sarala	laH	saralaH
34378	sarasa	sam	sarasam
34386	sarAva	vaH	sarAvaH
34395	saru	ruH	saruH
34403	sarjakaH	kam	sarjakam
34404	sarjanam	nI	sarjanI
34419	sarmaH	sarman	sarman
34421	sarva	rvaH	sarvaH
34421	sarva	rvam	sarvam
34422	sarvaka	ke	sarvake
34423	sarvaMkaza	zaH	sarvaMkazaH
34441	salajja	jjaH	salajjaH
34444	salIla	lam	salIlam
34448	savaH	vam	savam
34453	savarRa	rRaH	savarRaH
34460	savitarka	rkam	savitarkam
34460	savitarka	rSam	savitarkarSam
34466	saviDa	Dam	saviDam
34466	saviDa	Dam	saviDam
34467	savinaya	yam	savinayam
34472	saviSezaka	kam	saviSezakam
34473	savistara	ram	savistaram
34474	savismaya	yam	savismayam
34482	savya	vyaH	savyaH
34482	savya	vyam	savyam
34486	savyAja	jam	savyAjam
34491	saSabda	bdam	saSabdam
34494	saSasya	syA	saSasyA
34501	sasattva	ttvA	sasattvA
34502	sasaMdeha	haH	sasaMdehaH
34507	sasaMBrama	mam	sasaMBramam
34510	saspfha	ham	saspfham
34513	sasyaka	kaH	sasyakaH
34514	sasveda	dA	sasvedA
34516	saha	haH	sahaH
34516	saha	haH	sahaH
34516	saha	ham	saham
34516	saha	ham	saham
34518	sahana	nam	sahanam
34525	saharza	zam	saharzam
34528	sahasAna	naH	sahasAnaH
34532	sahasrataya	yam	sahasratayam
34545	sahita	tam	sahitam
34545	sahita	tam	sahitam
34549	sahfdaya	yaH	sahfdayaH
34550	sahflleKa	Kam	sahflleKam
34555	sahora	raH	sahoraH
34556	sahya	hyaH	sahyaH
34556	sahya	hyam	sahyam
34558	sAMyAtrikaH	kam	sAMyAtrikam
34559	sAMyugIna	naH	sAMyugInaH
34561	sAMvatsara	raH	sAMvatsaraH
34561	sAMvatsara	rakaH	sAMvatasrakaH
34561	sAMvatsara	rikaH	sAmvatsarikaH
34562	sAMvartaka	kaH	sAMvartakaH
34563	sAMvAdika	kaH	sAMvAdikaH
34568	sAMSayika	kam	sAMSayikam
34587	sAkUta	tam	sAkUtam
34588	sAketam	tAH	sAketAH
34589	sAketakaH	kam	sAketakam
34590	sAktukam	kaH	sAktukaH
34604	sAgnika	kaH	sAgnikaH
34605	sAgra	gram	sAgram
34615	sAMKya	KyaH	sAMKyaH
34615	sAMKya	Kyam	sAMKyam
34615	sAMKya	KyaH	sAMKyaH
34617	sAMgatika	kaH	sAMgatikaH
34620	sAMgrAmika	kaH	sAMgrAmikaH
34620	sAMgrAmika	kam	sAMgrAmikam
34630	sAwopa	pam	sAwopam
34633	sAta	tam	sAtam
34642	sAtmya	tmyaH	sAtmyaH
34642	sAtmya	tmyam	sAtmyam
34643	sAttvika	kaH	sAttvikaH
34643	sAttvika	kam	sAttvikam
34643	sAttvika	kI	sAttvikI
34647	sAtvataH	tAH	sAtvatAH
34650	sAdanam	nI	sAdanI
34660	sADaka	kaH	sADakaH
34660	sADaka	kA	sADakA
34661	sADana	nam	sADanam
34669	sADya	DyaH	sADyaH
34669	sADya	Dyam	sADyam
34675	sADAraRa	Ram	sADAraRam
34682	sADu	DuH	sADuH
34692	sAnanda	ndam	sAnandam
34699	sAnumat	tI	sAnumatI
34713	sAntAnika	kaH	sAntAnikaH
34717	sAMdfzwika	kam	sAMdfzwikam
34718	sAndra	dram	sAndram
34724	sAMnahanika	kaH	sAMnahanikaH
34731	sApatna	tnAH	sApattnAH
34733	sApatnyam	tnyaH	sApatnyaH
34734	sApatya	tyaH	sApatyaH
34737	sApavAda	dam	sApavAdam
34743	sAptapada	dam	sAptapadam
34743	sAptapada	dInam	sAptapadInam
34755	sAmakam	kaH	sAmakaH
34759	sAman	sAmnA	sAmnA
34765	sAmanta	taH	sAmantaH
34765	sAmanta	tam	sAmantam
34767	sAmayika	kaH	sAmayikaH
34771	sAmavAyika	kaH	sAmavAyikaH
34773	sAmAjika	kaH	sAmAjikaH
34777	sAmAnya	nyam	sAmAnyam
34777	sAmAnya	nyam	sAmAnyam
34777	sAmAnya	nyA	sAmAnyA
34780	sAmAsika	kam	sAmAsikam
34788	sAmIpyam	pyaH	sAmIpyaH
34789	sAmudgaH	dgam	sAmudgam
34791	sAmudra	draH	sAmudraH
34791	sAmudra	dram	sAmudram
34792	sAmudrakam	kaH	sAmudrakaH
34793	sAmudrika	kaH	sAmudrikaH
34793	sAmudrika	kam	sAmudrikam
34797	sAmUhika	kaH	sAmUhikaH
34799	sAMparAya	yaH	sAMparAyaH
34799	sAMparAya	yam	sAMparAyam
34800	sAMparAyika	kam	sAMparAyikam
34800	sAMparAyika	kaH	sAMparAyikaH
34801	sAMprata	tam	sAMpratam
34806	sAMbanDika	kam	sAMbanDikam
34825	sAra	raH	sAraH
34825	sAra	ram	sAram
34825	sAra	rA	sArA
34825	sAra	ram	sAram
34831	sAraNga	NgaH	sAraNgaH
34834	sAraRa	RaH	sAraRaH
34834	sAraRa	Ram	sAraRam
34837	sAraRika	kaH	sAraRikaH
34841	sArameyaH	yI	sArameyI
34844	sArasa	saH	sArasaH
34844	sArasa	sam	sArasam
34844	sArasa	sI	sArasI
34845	sArasa	sArasyam	sArasyam
34849	sArasvata	taH	sArasvataH
34849	sArasvata	tAH	sArasvatAH
34849	sArasvata	tam	sArasvatam
34864	sArTa	rTaH	sArTaH
34867	sArTika	kaH	sArTikaH
34874	sArva	rvaH	sArvaH
34882	sArvaDAtuka	kam	sArvaDAtukam
34884	sArvaBOma	maH	sArvaBOmaH
34892	sArvavedasaH	sam	sArvavedasam
34893	sArvavEdyaH	dyam	sArvavEdyam
34895	sArzapa	pam	sArzapam
34913	sAvaka	kaH	sAvakaH
34914	sAvakASa	Sam	sAvakASam
34918	sAvaDAna	nam	sAvaDAnam
34921	sAvana	naH	sAvanaH
34921	sAvana	nam	sAvanam
34926	sAvarRa	rRaH	sAvarRaH
34930	sAvalepa	pam	sAvalepam
34932	sAvazwamBa	mBam	sAvazwamBam
34933	sAvahela	lam	sAvahelam
34935	sAvitra	traH	sAvitraH
34935	sAvitra	tram	sAvitram
34940	sASaMsa	sam	sASaMsam
34945	sAScarya	ryam	sAScaryam
34956	sAsUya	yam	sAsUyam
34962	sAhasika	kaH	sAhasikaH
34962	sAhasika	kam	sAhasikam
34965	sAhasra	sraH	sAhasraH
34965	sAhasra	sram	sAhasram
34978	siMhalam	lAH	siMhalAH
34978	siMhalam	dvIpaH	siMhaladvIpaH
34978	siMhalam	sTA	siMhalasTA
34985	sikatAmaya	yam	sikatAmayam
34987	sikTaH	kTam	sikTam
35004	sita	taH	sitaH
35004	sita	tam	sitam
35006	siti	tiH	sitiH
35009	sidDa	dDaH	sidDaH
35009	sidDa	dDam	sidDam
35013	sidDArTakaH	kam	sidDArTakam
35016	siDmala	lA	siDmalA
35019	siDra	DraH	siDraH
35021	sina	naH	sinaH
35021	sina	nam	sinam
35025	sindUraH	ram	sindUram
35060	sItya	tyam	sItyam
35069	sImantakaH	kam	sImantakam
35074	sImikaH	kA	sImikA
35091	suKa	KA	suKA
35091	suKa	Kam	suKam
35091	suKa	Kam	suKam
35097	suKita	tam	suKitam
35105	suta	taH	sutaH
35105	suta	taH	sutaH
35105	suta	tam	sutam
35127	sundara	raH	sundaraH
35127	sundara	rI	sundarI
35129	supta	ptam	suptam
35131	sumaH	mam	sumam
35137	suraBi	BiH	suraBiH
35147	suvanaH	nam	suvanam
35148	suvarRa	rRaH	suvarRaH
35148	suvarRa	rRA	suvarRA
35148	suvarRa	rRam	suvarRam
35151	suvidatra	tram	suvidatram
35152	suzama	mA	suzamA
35156	suzima	maH	suzimaH
35157	suzira	ram	suziram
35160	suzumRaH	mRA	suzumRA
35160	suzumRaH	mnA	suzumnA
35171	sUkaraH	rI	sUkarI
35172	sUkzma	kzmaH	sUkzmaH
35172	sUkzma	kzmA	sUkzmA
35172	sUkzma	kzmam	sUkzmam
35176	sUcaka	kaH	sUcakaH
35191	sUta	taH	sUtaH
35191	sUta	taH	sUtaH
35191	sUta	tam	sUtam
35192	sUtakam	kaH	sUtakaH
35192	sUtakam	kam	sUtakam
35209	sUdana	nam	sUdanam
35210	sUna	nam	sUnam
35212	sUnA	nAH	sUnAH
35217	sUnfta	tA	sUnftA
35217	sUnfta	tam	sUnftam
35227	sUrata	tA	sUratA
35240	sUrata	tA	sUratA
35248	sfkaH	kA	sfkA
35269	sfRiH	RiH	sfRiH
35271	sfRikA	kaH	sfRikaH
35275	sftvara	rI	sftvarI
35283	sfpraH	pram	sfpram
35285	sfmara	raH	sfmaraH
35293	secaka	kaH	secakaH
35304	seDaH	DA	seDA
35305	sena	nam	senam
35318	sevaka	kaH	sevakaH
35325	sevita	tam	sevitam
35325	sevita	tA	sevitA
35328	sevya	vyaH	sevyaH
35328	sevya	vyA	sevyA
35328	sevya	vyam	sevyam
35334	sEMhala	lI	sEMhalI
35338	sEkata	tam	sEkatam
35339	sEkatika	kaH	sEkatikaH
35339	sEkatika	kam	sEkatikam
35346	sEnika	kaH	sEnikaH
35348	sEnDava	vaH	sEnDavaH
35348	sEnDava	vaH	sEnDavaH
35348	sEnDava	vam	sEnDavam
35348	sEnDava	vAH	sEnDavAH
35349	sEnDavaka	kaH	sEnDavakaH
35351	sEnyaH	nyam	sEnyam
35356	sErika	kaH	sErikaH
35365	sotka	RWam	sotkaRWam
35368	sotprAsa	saH	sotprAsaH
35368	sotprAsa	saH	sotprAsaH
35368	sotprAsa	sam	sotprAsam
35368	sotprAsa	sam	sotprAsam
35372	sotsAha	ham	sotsAham
35377	sodara	raH	sodaraH
35377	sodara	rIyaH	sodarIyaH
35377	sodara	rA	sodarA
35380	sodvega	gam	sodvegam
35395	soparoDa	Dam	soparoDam
35398	sopahAsa	sam	sopahAsam
35404	somaH	mA	somA
35404	somaH	mam	somam
35414	solluRWaH	RWam	solluRWam
35414	solluRWaH	nam	solluRWanam
35432	sOgatikaH	kam	sOgatikam
35433	sOganDa	nDam	sOganDam
35433	sOganDa	nDaH	sOganDaH
35434	sOganDika	kaH	sOganDikaH
35434	sOganDika	kam	sOganDikam
35444	sOtra	traH	sOtraH
35450	sOdAyika	kam	sOdAyikam
35451	sODa	Dam	sODam
35454	sOna	nam	sOnam
35454	sOna	naH	sOnaH
35464	sOptika	kam	sOptikam
35475	sOBAgyavat	tI	sOBAgyavatI
35483	sOmanasa	sam	sOmanasam
35495	sOmerava	ravam	sOmeravam
35495	sOmerava	rukam	sOmerukam
35496	sOmya	myaH	sOmyaH
35496	sOmya	myam	sOmyam
35496	sOmya	myA	sOmyA
35496	sOmya	myI	sOmyI
35498	sOra	raH	sOraH
35498	sOra	ram	sOram
35499	sOrata	tam	sOratam
35499	sOrata	taH	sOrataH
35501	sOraBa	Bam	sOraBam
35502	sOraBeya	yaH	sOraBeyaH
35506	sOrasaH	sA	sOrasA
35507	sOrasenAH	nI	sOrasenI
35509	sOrasEnDava	vaH	sOrasEnDavaH
35513	sOrAzwra	zwraH	sOrAzwraH
35513	sOrAzwra	zwram	sOrAzwram
35513	sOrAzwra	zwrI	sOrAzwrI
35517	sOrika	kaH	sOrikaH
35525	sOva	vam	sOvam
35528	sOvarcala	lam	sOvarcalam
35529	sOvarRa	rRaH	sOvarRaH
35529	sOvarRa	rRam	sOvarRam
35530	sOvarRika	kaH	sOvarRikaH
35531	sOvastika	kaH	sOvastikaH
35531	sOvastika	kam	sOvastikam
35535	sOvIram	raH	sOvIraH
35536	sOvIrakaH	kam	sOvIrakam
35544	sOziraH	ram	sOziram
35550	sOhArdaH	rdam	sOhArdam
35563	skanDaH	nDA	skanDA
35571	skAnda	ndam	skAndam
35580	sKalita	tam	sKalitam
35588	stanaMDaya	yaH	stanaMDayaH
35590	stanita	tam	stanitam
35608	stamBanam	naH	stamBanaH
35614	stara	raH	staraH
35620	stavaka	kaH	stavakaH
35636	stimita	tam	stimitam
35640	stuta	taH	stutaH
35662	stenaH	nam	stenam
35666	stEnyam	nyaH	stEnyaH
35671	stoka	kaH	stokaH
35671	stoka	kam	stokam
35680	stomaH	mam	stomam
35687	styAna	nam	styAnam
35692	strERa	Ram	strERam
35696	sTaga	gaH	sTagaH
35705	sTapati	tiH	sTapatiH
35713	sTaleSaya	yaH	sTaleSayaH
35715	sTavira	raH	sTaviraH
35715	sTavira	rA	sTavirA
35719	sTa	sTaH	sTaH
35721	sTARu	RuH	sTARuH
35726	sTAnika	kaH	sTAnikaH
35729	sTAnIya	yam	sTAnIyam
35731	sTApaka	kaH	sTApakaH
35737	sTApya	pyam	sTApyam
35737	sTApya	pyaH	sTApyaH
35740	sTAyaH	yA	sTAyA
35744	sTAyuka	kaH	sTAyukaH
35745	sTAvara	raH	sTAvaraH
35745	sTAvara	ram	sTAvaram
35749	sTAsnu	snuH	sTAsnuH
35750	sTita	tam	sTitam
35754	sTApatyaH	tyam	sTApatyam
35760	sTAvira	ram	sTAviram
35762	sTira	raH	sTiraH
35762	sTira	rA	sTirA
35762	sTira	ram	sTiram
35763	sTiratara	raH	sTirataraH
35775	sTUla	laH	sTUlaH
35775	sTUla	lA	sTUlA
35775	sTUla	lam	sTUlam
35776	sTUlaka	kaH	sTUlakaH
35782	sTeya	yaH	sTeyaH
35796	snapana	nam	snapanam
35799	snAta	taH	snAtaH
35799	snAta	tA	snAtA
35803	snAnIya	yam	snAnIyam
35814	snigDa	gDaH	snigDaH
35814	snigDa	gDam	snigDam
35828	snehana	nam	snehanam
35830	snehita	taH	snehitaH
35838	spandita	tam	spanditam
35848	sparSaH	rSA	sparSA
35849	sparSana	naH	sparSanaH
35849	sparSana	nam	sparSanam
35858	spazwa	zwam	spazwam
35870	spfzwa	zwam	spfzwam
35880	spfhya	spfhyaH	spfhyaH
35885	sPawaH	wI	sPawI
35887	sPawikaH	kA	sPawikA
35896	sPAwakaH	kam	sPAwakam
35896	sPAwakaH	kI	sPAwakI
35897	sPAwika	kam	sPAwikam
35905	sPAra	raH	sPAraH
35905	sPAra	ram	sPAram
35916	sPuwa	wA	sPuwA
35916	sPuwa	waH	sPuwaH
35916	sPuwa	wam	sPuwam
35932	sPurita	tam	sPuritam
35952	sPowana	naH	sPowanaH
35952	sPowana	nam	sPowanam
35963	smaraRam	RI	smaraRI
35966	smAra	ram	smAram
35967	smAraka	kam	smArakam
35969	smArta	rtaH	smArtaH
35969	smArta	tam	smArtam
35976	smita	tam	smitam
35981	smfta	tam	smftam
35984	smera	raH	smeraH
35988	syandana	naH	syandanaH
35988	syandana	nam	syandanam
35988	syandana	nI	syandanI
35999	syUta	taH	syUtaH
36001	syUnaH	nA	syUnA
36003	syUmaH	mam	syUmam
36004	syona	naH	syonaH
36004	syona	nam	syonam
36032	srAvaka	kam	srAvakam
36044	srOGna	GnaH	srOGnaH
36044	srOGna	Gnam	srOGnam
36054	sva	svaH	svaH
36054	sva	svA	svA
36054	sva	svaH	svaH
36054	sva	svam	svam
36055	svaka	kaH	svakaH
36055	svaka	kam	svakam
36056	svakIya	yA	svakIyA
36061	svacCa	cCaH	svacCaH
36061	svacCa	cCA	svacCA
36061	svacCa	cCam	svacCam
36070	svadita	tam	svaditam
36078	svanita	tam	svanitam
36091	svaraH	rA	svarA
36093	svarita	taH	svaritaH
36116	svastikaH	kaH	svastikaH
36116	svastikaH	kam	svastikam
36134	svAdu	duH	svAduH
36143	svABAvika	kAH	svABAvikAH
36153	svAyaMBuva	vaH	svAyaMBuvaH
36161	svAlpa	lpam	svAlpam
36187	svEra	ram	svEram
36187	svEra	ram	svEram
36195	ha	haH	haH
36195	ha	ham	ham
36196	haMsaH	sAH	haMsAH
36201	hakkaH	kkA	hakkA
36214	haWika	kA	haWikA
36226	hata	tam	hatam
36226	hata	tA	hatA
36227	hataka	kaH	hatakaH
36235	hananam	naH	hananaH
36240	hanu	nu	hanu
36253	hayanaH	nam	hayanam
36255	hara	raH	haraH
36258	hari	riH	hariH
36260	hariRa	RaH	hariRaH
36264	harita	taH	haritaH
36276	hareRuH	RuH	hareRuH
36288	harzaRa	RaH	harzaRaH
36288	harzaRa	Ram	harzaRam
36290	harzita	tam	harzitam
36291	harzulaH	lA	harzulA
36306	halya	lyam	halyam
36316	havanam	naH	havanaH
36318	havanIya	yam	havanIyam
36324	havya	vyam	havyam
36324	havya	vyA	havyA
36333	hasita	tam	hasitam
36334	hastaH	stam	hastam
36357	hAwaka	kam	hAwakam
36358	hAtram	traH	hAtraH
36359	hAntraH	ntram	hAntram
36364	hAyanaH	naH	hAyanaH
36367	hAri	riH	hAriH
36368	hArita	taH	hAritaH
36370	hArahUraH	rA	hArahUrA
36371	hAriRa	Ram	hAriRam
36374	hAridraH	dram	hAridram
36380	hArya	ryaH	hAryaH
36380	hArya	ryA	hAryA
36381	hAlaH	lA	hAlA
36381	hAlaH	lI	hAlI
36385	hAlAhalaH	lA	hAlAhalA
36385	hAlAhalaH	lI	hAlAhalI
36385	hAlAhalaH	lam	hAlAhalam
36399	hAsya	syam	hAsyam
36399	hAsya	syaH	hAsyaH
36401	hAstikaH	kam	hAstikam
36410	hiMsaka	kaH	hiMsakaH
36416	hiMsita	tam	hiMsitam
36420	hiMsra	sraH	hiMsraH
36420	hiMsra	sram	hiMsram
36436	hiqimbaH	mbA	hiqimbA
36440	hiRqiraH	ram	hiRqiram
36443	hita	taH	hitaH
36443	hita	tA	hitA
36443	hita	tam	hitam
36450	hima	maH	himaH
36450	hima	mam	himam
36464	hiraRmaya	yaH	hiraRmayaH
36464	hiraRmaya	yam	hiraRmayam
36465	hiraRyam	RyA	hiraRyA
36478	hIna	naH	hInaH
36478	hIna	nA	hInA
36478	hIna	nam	hInam
36482	hIraH	raH	hIraH
36482	hIraH	ram	hIram
36490	huta	taH	hutaH
36490	huta	tam	hutam
36516	hURaH	RAH	hURAH
36524	hfta	tam	hftam
36532	hfdayaMgama	mam	hfdayaMgamam
36537	hfdya	dyA	hfdyA
36537	hfdya	dyam	hfdyam
36543	hfzu	zuH	hfzuH
36555	hetuka	kaH	hetukaH
36559	hemam	maH	hemaH
36559	hemam	mA	hemA
36589	hEtuka	kaH	hEtukaH
36590	hEma	mA	hEmA
36590	hEma	mI	hEmI
36590	hEma	mam	hEmam
36590	hEma	maH	hEmaH
36591	hEmana	naH	hEmanaH
36592	hEmantika	kam	hEmantikam
36594	hEmavata	taH	hEmavataH
36594	hEmavata	tam	hEmavatam
36601	hEhaya	yaH	hEhayaH
36614	hotrIya	yaH	hotrIyaH
36614	hotrIya	yam	hotrIyam
36620	homIya	myam	homyam
36652	hrasva	svaH	hrasvaH
36652	hrasva	svam	hrasvam
36667	hrIkA	kaH	hrIkaH
36668	hrIku	kuH	hrIkuH
