Lnum	basehw	suffix	resolution	in_sanhw1
5	aMSakaH	kam	aMSakam	True
13	aMSumat	tI	aMSumatI	True
15	aMSula	laH	aMSulaH	True
22	aMhUraRa	Ram	aMhUraRam	True
29	aMhu	hu	aMhu	True
29	aMhu	Beda	aMhuBeda	True
29	aMhu	dI	aMhuBedI	True
34	akaca	caH	akacaH	True
39	akanizWa	zWaH	akanizWaH	True
41	akampana	naH	akampanaH	True
42	akampita	taH	akampitaH	True
43	akara	rA	akarA	True
44	akaraRam	Ra	akaraRa	True
46	akarRa	rRaH	akarRaH	True
55	akalaNka	kaH	akalaNkaH	True
56	akalka	lkA	akalkA	True
59	akalpa	lpaH	akalpaH	True
63	akalya	SarIra	akalyaSarIra	True
64	akalyARa	Ram	akalyARam	True
73	akAya	yaH	akAyaH	True
74	akAra	raH	akAraH	True
75	akAraRa	Ram	akAraRam	True
75	akAraRa	akAraRAd	akAraRAd	False
75	akAraRa	raRam	akAraRam	True
75	akAraRa	Re	akAraRe	True
78	akArya	ryam	akAryam	True
79	akAla	laH	akAlaH	True
82	akiMcana	nam	akiMcanam	True
94	akula	laH	akulaH	True
94	akula	lam	akulam	True
94	akula	lA	akulA	True
96	akuSala	lam	akuSalam	True
99	akUpAra	raH	akUpAraH	True
101	akUrca	rcaH	akUrcaH	True
102	akfcCra	cCram	akfcCram	True
103	akfta	tA	akftA	True
103	akfta	tam	akftam	True
105	akftya	tyam	akftyam	True
113	akfzRa	zRaH	akfzRaH	True
123	akra	kraH	akraH	True
125	akrama	maH	akramaH	True
126	akrAnta	tA	akrAntA	True
127	akriya	yA	akriyA	True
128	akrUra	raH	akrUraH	True
129	akroDa	DaH	akroDaH	True
130	akroDana	naH	akroDanaH	True
135	aklIba	bam	aklIbam	True
136	akleSa	Sam	akleSam	True
138	akzaH	kzam	akzam	True
145	akzata	taH	akzataH	True
145	akzata	tam	akzatam	True
148	akzama	mA	akzamA	True
149	akzaya	yaH	akzayaH	True
149	akzaya	yA	akzayA	True
153	akzara	raH	akzaraH	True
153	akzara	rA	akzarA	True
153	akzara	ram	akzaram	True
160	akzAra	raH	akzAraH	True
164	akzita	tama	akzitam	True
166	akziti	tiH	akzitiH	True
168	akzivaH	vam	akzivam	True
170	akzIva	vaH	akzIvaH	True
170	akzIva	vam	akzIvam	True
173	akzudra	draH	akzudraH	True
176	akzetra	tram	akzetram	True
180	akzoBa	BaH	akzoBaH	True
181	akzoBya	ByaH	akzoByaH	True
184	akzRa	kzRam	akzRam	True
190	aKaRqa	Rqam	aKaRqam	True
191	aKaRqana	nam	aKaRqanam	True
191	aKaRqana	naH	aKaRqanaH	True
195	aKAta	taH	aKAtaH	True
195	aKAta	tam	aKAtam	True
206	aga	gaH	agaH	True
207	agacCa	cCaH	agacCaH	True
212	agada	daH	agadaH	True
212	agada	rAjaH	agadarAjaH	True
226	agADa	DaH	agADaH	True
226	agADa	Dam	agADam	True
226	agADa	DaH	agADaH	True
229	agu	guH	aguH	True
230	aguRa	RaH	aguRaH	True
230	aguRa	Ram	aguRam	True
231	aguru	ru	aguru	True
236	agocara	rama	agocaram	True
255	agra	graH	agraH	True
255	agra	gram	agram	True
257	agrima	maH	agrimaH	True
257	agrima	mA	agrimA	True
258	agriya	yaH	agriyaH	True
258	agriya	yam	agriyam	True
261	agrya	gryaH	agryaH	True
261	agrya	gryam	agryam	True
261	agrya	gryA	agryA	True
265	agrAhya	hyA	agrAhyA	True
268	aGa	Gam	aGam	True
268	aGa	GaH	aGaH	True
268	aGa	GA	aGA	True
269	aGana	mAnam	aGanamAnam	False
275	aGora	raH	aGoraH	True
275	aGora	rA	aGorA	True
276	aGoza	zaH	aGozaH	True
278	aGnya	GnyaH	aGnyaH	True
278	aGnya	GnyA	aGnyA	True
279	aGreya	yam	aGreyam	True
284	aNkin	nI	aNkinI	True
285	aNkya	kyaH	aNkyaH	True
286	aNkatiH	tiH	aNkatiH	True
286	aNkatiH	tI	aNkatI	True
294	aNkuSaH	SI	aNkuSI	True
305	aNgam	NgaH	aNgaH	True
313	aNgadam	dA	aNgadA	True
313	aNgadam	daH	aNgadaH	True
319	aNgAraH	ra	aNgAra	True
319	aNgAraH	ram	aNgAram	True
320	aNgArakaH	kam	aNgArakam	True
325	aNgArita	taH	aNgAritaH	True
325	aNgArita	tam	aNgAritam	True
325	aNgArita	tA	aNgAritA	True
353	ac	c	ac	True
356	acaRqa	RqI	acaRqI	True
360	acala	laH	acalaH	True
360	acala	lA	acalA	True
360	acala	lam	acalam	True
361	acApala	lam	acApalam	True
361	acApala	lyam	acApalyam	True
366	acintya	ntyaH	acintyaH	True
369	acira	rama	aciram	True
379	acCa	cCaH	acCaH	True
382	acCAvAkIya	yam	acCAvAkIyam	True
385	acCidra	dram	acCidram	True
392	acyuta	taH	acyutaH	True
394	aja	jaH	ajaH	True
396	ajanam	naH	ajanaH	True
402	ajagam	gaH	ajagaH	True
407	ajaqa	qA	ajaqA	True
409	ajana	naH	ajanaH	True
414	ajanya	nyam	ajanyam	True
415	ajapaH	pA	ajapA	True
416	ajamBa	BaH	ajamBaH	True
417	ajaya	yaH	ajayaH	True
417	ajaya	yA	ajayA	True
419	ajara	raH	ajaraH	True
421	ajarya	ryama	ajaryam	True
425	ajasra	sram	ajasram	True
430	ajAgara	raH	ajAgaraH	True
433	ajAti	tiH	ajAtiH	True
437	ajAneya	yaH	ajAneyaH	True
440	aji	jiH	ajiH	True
441	ajita	taH	ajitaH	True
443	ajiraH	raH	ajiraH	True
443	ajiraH	ram	ajiram	True
443	ajiraH	rA	ajirA	True
443	ajiraH	raH	ajiraH	True
445	ajihma	hmaH	ajihmaH	True
451	ajIrRa	rRam	ajIrRam	True
451	ajIrRa	rRiH	ajIrRiH	True
452	ajIva	vaH	ajIvaH	True
453	ajIvana	nam	ajIvanam	True
457	ajeya	yam	ajeyam	True
467	ajYAna	nam	ajYAnam	True
467	ajYAna	parIkzA	ajYAnaparIkzA	False
472	ajra	jraH	ajraH	True
472	ajra	jra	ajra	True
479	aYjanaH	nam	aYjanam	True
481	aYjanakaH	kI	aYjanakI	True
488	aYjalikA	kaH	aYjalikaH	True
488	aYjalikA	veDa	aYjalikAveDa	True
493	aYji	YjiH	aYjiH	True
493	aYji	YjiH	aYjiH	True
493	aYji	YjI	aYjI	True
498	akta	ktA	aktA	True
511	awwa	wwaH	awwaH	True
511	awwa	wwam	awwam	True
511	awwa	wwam	awwam	True
514	awwanam	nam	awwanam	True
528	aRaka	kaH	aRakaH	True
531	aRu	RuH	aRuH	True
531	aRu	Ru	aRu	True
533	aRuka	kaH	aRukaH	True
542	aRqakaH	kam	aRqakam	True
547	atanam	naH	atanaH	True
549	atawa	waH	atawaH	True
553	atantra	tvam	atantratvam	True
556	atapa	pAH	atapAH	False
559	atarka	rkaH	atarkaH	True
560	atarkita	tam	atarkitam	True
562	atala	lam	atalam	True
562	atala	laH	atalaH	True
570	atikaTA	Ta	atikaTa	True
576	atikAya	yaH	atikAyaH	True
577	atikfcCra	cCram	atikfcCram	True
577	atikfcCra	cCraH	atikfcCraH	True
584	atikrAnta	tam	atikrAntam	True
589	atikrudDa	dDaH	atikrudDaH	True
590	atikrUra	raH	atikrUraH	True
591	atikzipta	ptam	atikziptam	True
596	atiganDa	nDaH	atiganDaH	True
601	atiguRa	RaH	atiguRaH	True
602	atiguru	ruH	atiguruH	True
606	atigraha	haH	atigrahaH	True
606	atigraha	grAhaH	atigrAhaH	True
607	atigrAhya	hyaH	atigrAhyaH	True
609	atiGna	GnI	atiGnI	True
612	aticara	rA	aticarA	True
619	aticCandaH	s	aticCandas	True
622	atijAgara	raH	atijAgaraH	True
629	atitIvra	kzRaH	atitIkzRaH	True
629	atitIvra	kzRA	atitIkzRA	True
629	atitIvra	vrA	atitIvrA	True
630	atitfzRA	zRa	atitfzzRa	False
637	atidagDa	gDam	atidagDam	True
653	atinidrA	dra	atiniddra	False
653	atinidrA	dram	atiniddram	False
660	atipAtita	tam	atipAtitam	True
669	atipara	raH	atiparaH	True
681	atibala	laH	atibalaH	True
681	atibala	lam	atibalam	True
681	atibala	lA	atibalA	True
682	atibAlaka	kaH	atibAlakaH	True
685	atibrahmacaryam	ryaH	atibrahmacaryaH	True
695	atimaNgalya	lyaH	atimaNgalyaH	True
702	atimAtra	tram	atimAtram	True
702	atimAtra	mAtraSaH	atimAtraSaH	False
704	atimAruta	taH	atimArutaH	True
704	atimAruta	vAtaH	ativAtaH	True
707	atimukta	ktaH	atimuktaH	True
707	atimukta	ktakaH	atimuktakaH	True
709	atimftyu	tyuH	atimftyuH	True
716	atirakta	ktA	atiraktA	True
722	atirAtra	traH	atirAtraH	True
726	atiruc	k	atiruk	False
727	atirucira	rA	atirucirA	True
728	atirUkza	kzaH	atirUkzaH	True
729	atirUpa	pam	atirUpam	True
729	atirUpa	paH	atirUpaH	True
734	atiromaSa	SaH	atiromaSaH	True
734	atiromaSa	SA	atiromaSA	True
741	ativakra	kraH	ativakraH	True
745	ativartula	laH	ativartulaH	True
751	ativAhita	taH	ativAhitaH	True
751	ativAhita	tam	ativAhitam	True
755	ativikawa	waH	ativikawaH	True
756	ativiza	zA	ativizA	True
763	ativfdDa	dDaH	ativfdDaH	True
763	ativfdDa	dDA	ativfdDA	True
768	ativela	lam	ativelam	True
778	atiSayana	nam	atiSayanam	True
778	atiSayana	nI	atiSayanI	True
783	atiSAyin	nI	atiSAyinI	True
786	atiSva	SvA	atiSvA	True
786	atiSva	SvaH	atiSvaH	True
789	atizWA	zwA	atizWA	True
795	atisarva	rvaH	atisarvaH	True
800	atisara	raH	atisaraH	True
807	atisOraBa	Bam	atisOraBam	True
807	atisOraBa	BaH	atisOraBaH	True
809	atisparSa	rSaH	atisparSaH	True
813	atIta	tam	atItam	True
818	atIndriya	yaH	atIndriyaH	True
818	atIndriya	yam	atIndriyam	True
822	atula	laH	atulaH	True
826	atUrta	rtam	atUrtam	True
830	atejas	s	atejas	True
840	atyagni	gniH	atyagniH	True
845	atyanta	tam	atyantam	True
847	atyantika	kam	atyantikam	True
849	atyamla	mlaH	atyamlaH	True
849	atyamla	mlA, ˚parRI	atyamlaparRI	True
851	atyarTa	rTam	atyarTam	True
858	atyAcAra	raH	atyAcAraH	True
862	atyAya	yaH	atyAyaH	True
864	atyArUQa	Qam	atyArUQam	True
864	atyArUQa	QiH	atyArUQiH	True
872	atyugra	gram	atyugram	True
876	atyUhaH	hA	atyUhA	True
879	atra	traH	atraH	True
879	atra	tram	atram	True
884	atri	triH	atriH	True
884	atri	atrI	atrI	True
896	aTarvan	rvA	aTarvA	True
896	aTarvan	rva	aTarva	True
899	aTarvANgirasa	sam	aTarvANgirasam	True
899	aTarvANgirasa	sAH	aTarvANgirasAH	True
900	aTarvARam	RaH	aTarvARaH	True
900	aTarvARam	˚vid	aTarvARavid	True
907	adaMzwra	zwraH	adaMzwraH	True
914	adatta	ttA	adattA	True
914	adatta	ttam	adattam	True
917	adanta	taH	adantaH	True
921	adamBa	BaH	adamBaH	True
922	adaya	yam	adayam	True
925	adala	laH	adalaH	True
925	adala	lA	adalA	True
933	adABya	ByaH	adAByaH	True
942	aditi	tiH	aditiH	True
942	aditi	tiH	aditiH	True
942	aditi	tI	aditI	True
951	adUra	ram	adUram	True
956	adfzwa	zwaH	adfzwaH	True
956	adfzwa	zwam	adfzwam	True
958	adeya	yam	adeyam	True
959	adeva	vaH	adevaH	True
969	adoza	zaH	adozaH	True
973	adButa	tam	adButam	True
973	adButa	taH	adButaH	True
974	adman	sad	admasad	True
977	adya	dyam	adyam	True
979	adyatana	naH	adyatanaH	True
979	adyatana	nI	adyatanI	True
983	adyUtya	adyUtyam	adyUtyam	True
984	adrava	vaH	adravaH	True
990	adroGa	Gam	adroGam	True
993	advaya	yaH	advayaH	True
993	advaya	yam	advayam	True
999	advitIya	yam	advitIyam	True
1001	adveza	zaH	advezaH	True
1003	advEta	tam	advEtam	True
1009	aDama	maH	aDamaH	True
1009	aDama	mA	aDamA	True
1010	aDara	raH	aDaraH	True
1010	aDara	rA	aDarA	True
1010	aDara	ram	aDaram	True
1016	aDarAYc	YcI	aDarAYcI	False
1016	aDarAYc	k	aDarAk	True
1018	aDarmaH	rmA	aDarmA	True
1018	aDarmaH	rmam	aDarmam	True
1034	aDika	kam	aDikam	True
1035	aDikAma	maH	aDikAmaH	True
1037	aDikaraRam	RI	aDikaraRI	True
1045	aDikfta	taH	aDikftaH	True
1059	aDiguRa	RaH	aDiguRaH	True
1063	aDijihvaH	hvA	aDijihvA	True
1063	aDijihvaH	jihvikA	aDijihvikA	True
1087	aDipraja	jam	aDiprajam	True
1088	aDiprazwiyugam	gaH	aDiprazwiyugaH	True
1100	aDimAtra	tram	aDimAtram	True
1106	aDiyajYa	jYaH	aDiyajYaH	True
1106	aDiyajYa	jYam	aDiyajYam	True
1111	aDiraTa	TaH	aDiraTaH	True
1111	aDiraTa	Tam	aDiraTam	True
1121	aDirohaRam	RI	aDirohaRI	True
1122	aDirohin	RI	aDirohiRI	True
1141	aDivedaH	dam	aDivedam	True
1147	aDiSrayaRam	RI	aDiSrayaRI	True
1155	aDistri	strI	aDistrI	True
1168	aDyAya	yaH	aDyAyaH	True
1174	aDIra	rA	aDIrA	True
1178	aDIzwa	zwaH	aDIzwaH	True
1181	aDura	DUH	aDUH	False
1183	aDfta	taH	aDftaH	True
1189	aDErya	ryam	aDEryam	True
1191	aDyakza	kzaH	aDyakzaH	True
1192	aDyakzaram	ram	aDyakzaram	True
1200	aDyarDa	rDaH	aDyarDaH	True
1217	aDyAtma	tmam	aDyAtmam	True
1217	aDyAtma	tmam	aDyAtmam	True
1217	aDyAtma	tman	aDyAtman	True
1230	aDyAsita	tam	aDyAsitam	True
1238	aDyUQa	QaH	aDyUQaH	True
1238	aDyUQa	QA	aDyUQA	True
1242	aDyezaRam	RA	aDyezaRA	True
1245	aDruva	vam	aDruvam	True
1248	aDvanIna	naH	aDvanInaH	True
1248	aDvanIna	nyaH	aDvanyaH	True
1249	aDvara	raH	aDvaraH	True
1249	aDvara	raH	aDvaraH	True
1249	aDvara	ram	aDvaram	True
1254	aDvAntam	ntaH	aDvAntaH	True
1267	anakzara	ram	anakzaram	True
1269	anagAra	raH	anagAraH	True
1272	anaGa	GaH	anaGaH	True
1274	anaNga	NgaH	anaNgaH	True
1274	anaNga	Ngam	anaNgam	True
1279	anaYjana	nam	anaYjanam	True
1280	anaquh	hI	anaquhI	True
1283	anaRu	RuH	anaRuH	True
1287	anadyatana	naH	anadyatanaH	True
1292	anaDIna	naH	anaDInaH	True
1292	anaDIna	nakaH	anaDInakaH	True
1297	ananta	ntaH	anantaH	True
1297	ananta	ntA	anantA	True
1297	ananta	ntI	anantI	True
1297	ananta	ntam	anantam	True
1298	anantaka	kam	anantakam	True
1299	anantya	ntyam	anantyam	True
1301	anantara	ram	anantaram	True
1301	anantara	ram	anantaram	True
1306	ananda	ndaH	anandaH	True
1315	anapakAraH	kArin	anapakArakArin	False
1324	anaparADa	DaH	anaparADaH	True
1328	anapasara	raH	anapasaraH	True
1331	anapAya	yaH	anapAyaH	True
1335	anapekza	kzA	anapekzA	True
1335	anapekza	kzam	anapekzam	True
1345	anaBilAza	zaH	anaBilAzaH	True
1349	anaBihita	taH	anaBihitaH	True
1357	anamitra	tram	anamitram	True
1358	anamIva	vam	anamIvam	True
1359	anambara	raH	anambaraH	True
1366	anarGa	rGaH	anarGaH	True
1370	anarTa	rTaH	anarTaH	True
1371	anarTya	kam	anarTyakam	False
1381	anavakASa	SaH	anavakASaH	True
1387	anavadya	dyA	anavadyA	True
1389	anavaDAna	nam	anavaDAnam	True
1398	anavarata	tam	anavaratam	True
1400	anavalamba	mbaH	anavalambaH	True
1400	anavalamba	mbanam	anavalambanam	True
1403	anavasara	raH	anavasaraH	True
1405	anavasita	tA	anavasitA	True
1407	anavasTa	sTA	anavasTA	True
1408	anavasTAna	naH	anavasTAnaH	True
1408	anavasTAna	nam	anavasTAnam	True
1409	anavasTita	tam	anavasTitam	True
1417	anavrata	taH	anavrataH	True
1421	anaSva	SvaH	anaSvaH	True
1425	anasUya	yA	anasUyA	True
1427	anasTa	sTaH	anasTaH	True
1433	anAkASa	SaH	anAkASaH	True
1433	anAkASa	Sam	anAkASam	True
1437	anAkrAnta	tA	anAkrAntA	True
1439	anAga	gA	anAgA	True
1440	anAgata	tam	anAgatam	True
1442	anAgama	maH	anAgamaH	True
1448	anAcAra	raH	anAcAraH	True
1448	anAcAra	anAcaraRam	anAcaraRam	True
1450	anAtapa	paH	anAtapaH	True
1456	anAtmya	tmyam	anAtmyam	True
1458	anATa	Tam	anATam	True
1459	anAdara	raH	anAdaraH	True
1466	anAdfta	tam	anAdftam	True
1480	anApta	ptaH	anAptaH	True
1486	anAmaka	kaH	anAmakaH	True
1486	anAmaka	kama	anAmakam	True
1488	anAmaya	yaH	anAmayaH	True
1488	anAmaya	yam	anAmayam	True
1488	anAmaya	yaH	anAmayaH	True
1498	anAyAsa	saH	anAyAsaH	True
1501	anArata	tam	anAratam	True
1505	anArogya	gyam	anArogyam	True
1506	anArjava	vam	anArjavam	True
1507	anArtava	vA	anArtavA	True
1508	anArya	ryaH	anAryaH	True
1512	anAlamba	mbaH	anAlambaH	True
1512	anAlamba	mbI	anAlambI	True
1514	anAlApa	paH	anAlApaH	True
1528	anASaka	kam	anASakam	True
1534	anASraya	yaH	anASrayaH	True
1544	anAsvAda	daH	anAsvAdaH	True
1547	anAhata	tam	anAhatam	True
1547	anAhata	taH	anAhataH	True
1548	anAhAra	raH	anAhAraH	True
1557	anigraha	haH	anigrahaH	True
1562	anitya	tyam	anityam	True
1564	anidra	drA	anidrA	True
1572	anibADa	DaH	anibADaH	True
1578	animitta	ttam	animittam	True
1580	animiza	zaH	animizaH	True
1585	aniyukta	ktaH	aniyuktaH	True
1586	anira	rA	anirA	True
1592	anirudDa	dDaH	anirudDaH	True
1592	anirudDa	dDam	anirudDam	True
1597	anirdeSya	Syam	anirdeSyam	True
1602	anirvacanIya	yam	anirvacanIyam	True
1620	aniSa	Sam	aniSam	True
1624	anizwa	zwam	anizwam	True
1645	anISa	SaH	anISaH	True
1645	anISa	SA	anISA	True
1646	anISvara	ram	anISvaram	True
1647	anIha	haH	anIhaH	True
1647	anIha	hA	anIhA	True
1648	anIhita	tam	anIhitam	True
1658	anukampana	nam	anukampanam	True
1662	anukampya	mpyaH	anukampyaH	True
1665	anukAma	mam	anukAmam	True
1665	anukAma	maH	anukAmaH	True
1667	anukAla	lam	anukAlam	True
1669	anukUla	laH	anukUlaH	True
1669	anukUla	lA	anukUlA	True
1669	anukUla	lam	anukUlam	True
1674	anukara	raH	anukaraH	True
1680	anukArya	ryam	anukAryam	True
1680	anukArya	anukriyA	anukriyA	True
1683	anukfta	tam	anukftam	True
1697	anukrama	maH	anukramaH	True
1698	anukramaRam	RI	anukramaRI	True
1698	anukramaRam	RikA	anukramaRikA	True
1709	anuga	gaH	anugaH	True
1710	anugata	tam	anugatam	True
1716	anugarjita	tam	anugarjitam	True
1723	anuguRa	RaH	anuguRaH	True
1723	anuguRa	Ram	anuguRam	True
1739	anucaraH	rA	anucarA	True
1739	anucaraH	rI	anucarI	True
1740	anucarita	tam	anucaritam	True
1741	anucArakaH	rikA	anucArikA	True
1743	anucita	arTaH	anucitArTaH	True
1750	anuja	jaH	anujaH	True
1750	anuja	jAtaH	anujAtaH	True
1750	anuja	jA	anujA	True
1750	anuja	jAtA	anujAtA	True
1750	anuja	jam	anujam	True
1761	anujyezWa	zWam	anujyezWam	True
1770	anutila	lam	anutilam	True
1779	anuttama	maH	anuttamaH	True
1780	anuttara	ram	anuttaram	True
1780	anuttara	rAH	anuttarAH	True
1780	anuttara	upapAtikadaSAH	anuttaropapAtikadaSAH	True
1780	anuttara	rA	anuttarA	True
1784	anutpattiH	ttika	anutpattika	True
1787	anutsAha	haH	anutsAhaH	True
1798	anudAtta	ttaH	anudAttaH	True
1803	anudiS	anudiSam	anudiSam	True
1808	anudfzwi	zwiH	anudfzwiH	True
1820	anudyoga	gaH	anudyogaH	True
1822	anudruta	tam	anudrutam	True
1825	anudvega	gaH	anudvegaH	True
1831	anuDyAna	tam	anuDyAtam	True
1831	anuDyAna	nam	anuDyAnam	True
1839	anunAsika	kam	anunAsikam	True
1845	anunaya	yaH	anunayaH	True
1845	anunaya	yam	anunayam	True
1849	anunAyika	kA	anunAyikA	True
1856	anupagIta	tam	anupagItam	True
1863	anupatanam	tam	anupAtam	True
1865	anupaTa	TaH	anupaTaH	True
1865	anupaTa	Tam	anupaTam	True
1868	anupada	daH	anupadaH	True
1868	anupada	dam	anupadam	True
1879	anupama	matiH	anupamamatiH	True
1879	anupama	mA	anupamA	True
1883	anupayoga	gaH	anupayogaH	True
1901	anupasTita	tam	anupasTitam	True
1906	anupAnIya	yam	anupAnIyam	True
1924	anupUrvya	rvI	anupUrvI	True
1957	anubanDaH	DI	anubanDI	True
1983	anuBU	BUH	anuBUH	True
1992	anumata	taH	anumataH	True
1992	anumata	tam	anumatam	True
2013	anumAsaH	sam	anumAsam	True
2021	anuyA	yAH	anuyAH	True
2023	anuyAtram	tram	anuyAtram	True
2036	anuyojya	jyaH	anuyojyaH	True
2044	anurAga	gaH	anurAgaH	True
2045	anurAgin	RI	anurAgiRI	True
2053	anurahasa	sam	anurahasam	True
2054	anurAtra	tram	anurAtram	True
2056	anurADa	DaH	anurADaH	True
2056	anurADa	DA	anurADA	True
2065	anurUpa	pam	anurUpam	True
2065	anurUpa	paH	anurUpaH	True
2075	anuloma	mA	anulomA	True
2075	anuloma	mam	anulomam	True
2075	anuloma	mAH	anulomAH	True
2079	anuvaMSaH	Sam	anuvaMSam	True
2089	anUkta	ktam	anUktam	True
2089	anUkta	ktiH	anUktiH	True
2094	anuvAdaka	n	anuvAdin	True
2098	anuvaSa	SaH	anuvaSaH	True
2130	anuvftta	ttam	anuvfttam	True
2134	anuvellita	tam	anuvellitam	True
2147	anuvrata	taH	anuvrataH	True
2147	anuvrata	tA	anuvratA	True
2162	anuSayaH	yI	anuSayI	True
2163	anuSayAna	nA	anuSayAnA	True
2193	anuzWAnam	nI	anuzWAnI	True
2200	anuzRa	zRaH	anuzRaH	True
2200	anuzRa	zRA	anuzRA	True
2200	anuzRa	zRam	anuzRam	True
2201	anuzvaDa	Dam	anuzvaDam	True
2211	anusaMhita	tam	anusaMhitam	True
2243	anustaraRam	RI	anustaraRI	True
2248	anusPura	sPur	anusPur	True
2255	anusvAraH	vyavAyaH	anusvAravyavAyaH	True
2261	anuhArya	ryaH	anuhAryaH	True
2263	anUkaH	kam	anUkam	True
2263	anUkaH	kA	anUkA	True
2270	anUQa	QA	anUQA	True
2276	anUpa	paH	anUpaH	True
2276	anUpa	pam	anUpam	True
2280	anUru	ruH	anUruH	True
2295	anfta	tam	anftam	True
2319	anokaha	haH	anokahaH	True
2328	anta	taH	antaH	True
2329	antaka	kaH	antakaH	True
2335	antara	ram	antaram	True
2337	antaratama	maH	antaratamaH	True
2368	anti	tiH	antiH	True
2370	antika	kam	antikam	True
2370	antika	kaH	antikaH	True
2374	antya	ntyaH	antyaH	True
2374	antya	ntyA	antyA	True
2374	antya	ntyam	antyam	True
2376	antram	ntrI	antrI	True
2385	anDa	nDam	anDam	True
2385	anDa	DaH	anDaH	True
2385	anDa	nDAH	annDAH	False
2388	anDaka	kaH	anDakaH	True
2396	annam	nnaH	annaH	True
2397	annamaya	yam	annamayam	True
2419	anyedyuzka	zkaH	anyedyuzkaH	True
2420	anyonya	nyam	anyonyam	True
2420	anyonya	nyam	anyonyam	True
2423	anyAya	yaH	anyAyaH	True
2428	anvakza	kzam	anvakzam	True
2464	anvAyatana	nam	anvAyatanam	True
2488	anviti	tiH	anvitiH	True
2503	apakAmaH	mam	apakAmam	True
2511	apakAraka	kaH	apakArakaH	True
2511	apakAraka	rI	apakArI	True
2512	apakfta	tam	apakftam	True
2518	apakarzaRa	Ram	apakarzaRam	True
2519	apakfzwa	zwaH	apakfzwaH	True
2540	apaga	gA	apagA	True
2559	apacarita	tam	apacaritam	True
2567	apacita	tam	apacitam	True
2572	apacCAya	yaH	apacCAyaH	True
2572	apacCAya	yA	apacCAyA	True
2594	apati	tiH	apatiH	True
2601	apattra	ttraH	apattraH	True
2601	apattra	ttrA	apattrA	True
2603	apatrapa	pA	apatrapA	True
2603	apatrapa	paRam	apatrapaRam	True
2607	apaTa	Tam	apaTam	True
2607	apaTa	TaH	apaTaH	True
2607	apaTa	TA	apaTA	True
2607	apaTa	Tam	apaTam	True
2610	apada	daH	apadaH	True
2610	apada	dam	apadam	True
2636	apaDvasta	staH	apaDvastaH	True
2637	apaDvAnta	ntam	apaDvAntam	True
2644	apanIta	tam	apanItam	True
2655	apapUta	tO	apapUtO	False
2671	apama	maH	apamaH	True
2679	apamitya	tyam	apamityam	True
2679	apamitya	tyakam	apamityakam	True
2680	apamuKa	Kam	apamuKam	True
2690	apara	raH	aparaH	True
2690	apara	rA	aparA	True
2690	apara	rI	aparI	True
2690	apara	ram	aparam	True
2690	apara	ram	aparam	True
2705	aparAjita	taH	aparAjitaH	True
2705	aparAjita	tA	aparAjitA	True
2708	aparAdDa	dDam	aparAdDam	True
2717	aparigraha	haH	aparigrahaH	True
2729	aparimlAna	naH	aparimlAnaH	True
2733	apariSeza	zaH	apariSezaH	True
2737	aparisara	raH	aparisaraH	True
2744	aparIta	taH	aparItaH	True
2746	aparUpa	pam	aparUpam	True
2747	aparokza	kzam	aparokzam	True
2751	aparRa	rRA	aparRA	True
2752	apartu	rtuH	apartuH	True
2757	aparyAya	yaH	aparyAyaH	True
2760	apala	lam	apalam	True
2776	apavana	nam	apavanam	True
2790	apaviza	zA	apavizA	True
2791	apavIRa	RA	apavIRA	True
2797	apavArita	tam, apavAritakam	apavAritam	True
2797	apavArita	tam, apavAritakena, apavArya	apavAritam	True
2809	apavftta	ttam	apavfttam	True
2812	apavidDa	dDaH	apavidDaH	True
2818	apaSaNka	Nkam	apaSaNkam	True
2824	apaSu	SuH	apaSuH	True
2827	apaSoka	kaH	apaSokaH	True
2834	apazWu	zWu	apazWu	True
2834	apazWu	zWuH	apazWuH	True
2838	apasya	syA	apasyA	True
2847	apasavya	vyam	apasavyam	True
2901	apahAraka	kaH	apahArakaH	True
2908	apAka	kaH	apAkaH	True
2918	apANga	NgaH	apANgaH	True
2918	apANga	NgakaH	apANgakaH	True
2919	apAc	k	apAk	True
2923	apAwava	vam	apAwavam	True
2934	apAnaH	naH	apAnaH	True
2934	apAnaH	nam	apAnam	True
2943	apAra	raH	apAraH	True
2943	apAra	ram	apAram	True
2943	apAra	rA	apArA	True
2943	apAra	pAra	apAra	True
2947	apArTa	rTam	apArTam	True
2956	apAvftta	ttam	apAvfttam	True
2959	apASraya	yaH	apASrayaH	True
2962	apAzWaH	zWam	apAzWam	True
2972	apikakzaH	kzam	apikakzam	True
2977	apija	jaH	apijaH	True
2985	apiDiH	DiH	apiDiH	True
2986	apihita	tam	apihitam	True
2992	apiSarvara	ram	apiSarvaram	True
3008	apucCa	cCA	apucCA	True
3010	aputraH	putrakaH	aputrakaH	True
3011	aputrikA	kaH	aputrikaH	True
3017	apuzpa	zpaH	apuzpaH	True
3021	apUpaH	SAlA	apUpaSAlA	True
3022	apUpIya	pyam	apUpyam	True
3025	apUrRa	rRam	apUrRam	True
3027	apUrva	rvam	apUrvam	True
3027	apUrva	rvaH	apUrvaH	True
3034	apfkta	ktaH	apfktaH	True
3045	apekzita	tam	apekzitam	True
3051	apodaka	kam	apodakam	True
3052	apodikA	kI	apodikI	True
3058	apOruza	zam	apOruzam	True
3058	apOruza	zeyam	apOruzeyam	True
3061	aptu	ptuH	aptuH	True
3067	apnavAna	naH	apnavAnaH	True
3080	aprakARqa	RqaH	aprakARqaH	True
3081	aprakASa	Sam	aprakASam	True
3081	aprakASa	Se	aprakASe	False
3081	aprakASa	SaH	aprakASaH	True
3084	aprakfta	tam	aprakftam	True
3084	aprakfta	taH	aprakftaH	True
3086	aprakfzwa	zwaH	aprakfzwaH	True
3098	apraja	jA	aprajA	True
3099	aprajas	tA	aprajastA	True
3102	apraRIta	tam	apraRItam	True
3109	apratikAra	raH	apratikAraH	True
3121	apratiBa	BA	apratiBA	True
3122	apratiBawa	waH	apratiBawaH	True
3127	apratiraTa	TaH	apratiraTaH	True
3127	apratiraTa	TaH	apratiraTaH	True
3127	apratiraTa	Tam	apratiraTam	True
3133	apratizWa	zWaH	apratizWaH	True
3133	apratizWa	zWA	apratizWA	True
3133	apratizWa	zWam	apratizWam	True
3134	apratizWAna	nam	apratizWAnam	True
3135	apratizWita	taH	apratizWitaH	True
3143	apratta	ttA	aprattA	True
3145	apratyaya	yaH	apratyayaH	True
3149	apraDAna	nam	apraDAnam	True
3157	apramAda	daH	apramAdaH	True
3157	apramAda	dam	apramAdam	True
3157	apramAda	tA	apramAdatA	True
3157	apramAda	din	apramAdin	True
3160	apramARa	Ram	apramARam	True
3165	aprameya	yam	aprameyam	True
3167	aprayatna	tnaH	aprayatnaH	True
3179	apravIta	tA	apravItA	True
3185	aprasanna	nnam	aprasannam	True
3187	aprasava	vaH	aprasavaH	True
3202	aprAjYa	jYatA	aprAjYatA	True
3205	aprARa	RaH	aprARaH	True
3213	apriya	yaH	apriyaH	True
3213	apriya	yA	apriyA	True
3213	apriya	yam	apriyam	True
3219	aprOQa	QA	aprOQA	True
3222	apva	pvA	apvA	True
3223	apsaH	psam	apsam	True
3229	apsu	kzit	apsukzit	True
3229	apsu	cara	apsucara	True
3229	apsu	ja	apsuja	True
3229	apsu	jA	apsujA	True
3229	apsu	jit	apsujit	True
3229	apsu	mat	apsumat	True
3229	apsu	yoni	apsuyoni	True
3230	aPala	laH	aPalaH	True
3230	aPala	lA	aPalA	True
3232	aPena	nam	aPenam	True
3234	abadDa	dDaH	abadDaH	True
3242	abala	laH	abalaH	True
3242	abala	lA	abalA	True
3242	abala	lam	abalam	True
3245	abADa	DA	abADA	True
3245	abADa	DaH	abADaH	True
3251	abIja	jaH	abIjaH	True
3251	abIja	jA	abIjA	False
3251	abIja	jam	abIjam	True
3252	abudDa	dDaH	abudDaH	True
3252	abudDa	dDam	abudDam	True
3256	aboDa	DaH	aboDaH	True
3258	abuDna	Dnam	abuDnam	True
3259	abja	bjaH	abjaH	True
3259	abja	bjam	abjam	True
3264	abda	bdaH	abdaH	True
3271	abBakza	kzaH	abBakzaH	True
3274	abrahmacarya	ryam	abrahmacaryam	True
3274	abrahmacarya	ryakam	abrahmacaryakam	True
3275	abrahmaRya	Ryam	abrahmaRyam	True
3278	abrAhmaRa	RaH	abrAhmaRaH	True
3282	aBakta	ktam	aBaktam	True
3285	aBakzya	kzyam	aBakzyam	True
3287	aBaNga	NgaH	aBaNgaH	True
3289	aBadra	dram	aBadram	True
3290	aBaya	yaH	aBayaH	True
3290	aBaya	yA	aBayA	True
3290	aBaya	yam	aBayam	True
3301	aBAva	vaH	aBAvaH	True
3309	aBika	kaH	aBikaH	True
3311	aBikAma	ma	aBikAma	True
3311	aBikAma	mam	aBikAmam	True
3338	aBiKyA	KyA	aBiKyA	True
3367	aBigfhIta	pARi	aBigfhItapARi	True
3376	aBicakzaRam	RA	aBicakzaRA	True
3383	aBicAraka	kaH	aBicArakaH	True
3383	aBicAraka	rI	aBicArI	True
3384	aBicCAya	yam	aBicCAyam	True
3391	aBijAta	tam	aBijAtam	True
3401	aBijYa	jYaH	aBijYaH	True
3401	aBijYa	jYA	aBijYA	True
3424	aBidyu	dyuH	aBidyuH	True
3439	aBiDeya	yam	aBiDeyam	True
3440	aBihita	tam	aBihitam	True
3443	aBiDAvaka	kaH	aBiDAvakaH	True
3450	aBinanda	ndaH	aBinandaH	True
3450	aBinanda	ndA	aBinandA	True
3457	aBinava	vaH	aBinavaH	True
3460	aBiniDana	nam	aBiniDanam	True
3469	aBinivizwa	zwam	aBinivizwam	True
3487	aBinetf	trI	aBinetrI	False
3501	aBipuzpa	zpam	aBipuzpam	True
3525	aBiprAya	yaH	aBiprAyaH	True
3526	aBipreta	tam	aBipretam	True
3547	aBiBUti	tiH	aBiBUtiH	True
3554	aBimata	tam	aBimatam	True
3554	aBimata	taH	aBimataH	True
3560	aBimAnaH	nam	aBimAnam	True
3568	aBimanyuH	puram	aBimanyupuram	True
3570	aBimAti	tiH	aBimAtiH	True
3574	aBimuKa	KaH	aBimuKaH	True
3574	aBimuKa	KI	aBimuKI	True
3574	aBimuKa	Kam	aBimuKam	True
3574	aBimuKa	Ke	aBimuKe	True
3581	aBimardana	nam	aBimardanam	True
3586	aBimeTika	meTikA	aBimeTikA	True
3592	aBiyAtiH	tiH	aBiyAtiH	True
3615	aBirAma	maH	aBirAmaH	True
3615	aBirAma	mam	aBirAmam	True
3624	aBirucita	taH	aBirucitaH	True
3626	aBiruta	tam	aBirutam	True
3627	aBirUpa	paH	aBirUpaH	True
3631	aBilakzya	kzyam	aBilakzyam	True
3639	aBilazita	tam	aBilazitam	True
3643	aBiliKita	tam, aBileKitam	aBiliKitam	True
3643	aBiliKita	nam	aBilikitam	False
3655	aBivAdya	dyaH	aBivAdyaH	True
3663	aBivAhya	hyam	aBivAhyam	True
3687	aBivyakta	ktam	aBivyaktam	True
3696	aBivyApya	pyam	aBivyApyam	True
3698	aBivyAhfta	tam	aBivyAhftam	True
3705	aBiSasta	stam	aBiSastam	True
3749	aBizecanIya	yaH	aBizecanIyaH	True
3751	aBizavaH	vam	aBizavam	True
3755	aBizuta	tam	aBizutam	True
3761	aBizwi	zwiH	aBizwiH	True
3775	aBisaMsAraH	ram	aBisaMsAram	True
3814	aBisAyaH	arkam	aBisAyArkam	False
3821	aBisAraH	rI	aBisArI	True
3824	aBisArin	RI	aBisAriRI	True
3829	aBiskandaH	ndam	aBiskandam	True
3835	aBisvaraH	re	aBisvare	True
3840	aBiGAtaH	tam	aBiGAtam	True
3841	aBiGAtaka	kaH	aBiGAtakaH	True
3857	aBihruti	tiH	aBihrutiH	True
3858	aBihvara	raH	aBihvaraH	True
3864	aBIka	kaH	aBIkaH	True
3864	aBIka	kam	aBIkam	True
3865	aBIkzRa	kzRam	aBIkzRam	True
3868	aBIjya	jyaH	aBIjyaH	True
3869	aBIta	tiH	aBItiH	True
3872	aBIpsita	tam	aBIpsitam	True
3874	aBIma	maH	aBImaH	True
3876	aBImodaH	mud	aBimud	False
3877	aBIraH	rI	aBIrI	False
3877	aBIraH	ram	aBIram	True
3880	aBIru	ruH	aBIruH	True
3880	aBIru	ruH	aBIruH	True
3880	aBIru	ru	aBIru	True
3881	aBIruRa	Ram	aBIruRam	True
3893	aBIzwa	zwaH	aBIzwaH	True
3893	aBIzwa	zwA	aBIzwA	True
3893	aBIzwa	zwam	aBIzwam	True
3911	aBeda	daH	aBedaH	True
3912	aBedya	dyam	aBedyam	True
3921	aByagra	gram	aByagram	True
3928	aByaDika	kam	aByaDikam	True
3929	aByaDvam	Dve	aByaDve	True
3934	aByantara	ram	aByantaram	True
3934	aByantara	ram	aByantaram	True
3934	aByantara	rataH	aByantarataH	False
3947	aByarRa	rRam	aByarRam	True
3952	aByarTita	tam	aByarTitam	True
3955	aByarDa	rDam	aByarDam	True
3973	aByavahAraH	maRqapaH	aByavahAramaRqapaH	True
3974	aByavahArya	ryam	aByavahAryam	True
3979	aByASa	SaH	aByASaH	True
3983	aByasta	stam	aByastam	True
4001	aByAgata	taH	aByAgataH	True
4013	aByAtma	tmam	aByAtmam	True
4031	aByAvartaH	rtam	aByAvartam	True
4033	aByAvftta	ttaH	aByAvfttaH	True
4060	aByudaya	yaH	aByudayaH	True
4062	aByudita	tA	aByuditA	True
4062	aByudita	tam	aByuditam	True
4067	aByuddfzwam	zwA	aByuddfzwA	True
4076	aByupagamita	taH	aByupagamitaH	True
4090	aByuzita	taH	aByuzitaH	True
4097	aBraMliha	haH	aBraMlihaH	True
4099	aBraMkaza	zaH	aBraMkazaH	True
4103	aBriya	yaH	aBriyaH	True
4103	aBriya	yam	aBriyam	True
4105	aBrama	maH	aBramaH	True
4112	aBva	Bvam	aBvam	True
4115	ama	maH	amaH	True
4115	ama	mA	amA	True
4118	amatiH	amatIvan	amatIvan	True
4119	amaNgala	laH	amaNgalaH	True
4119	amaNgala	lam	amaNgalam	True
4120	amaRqa	RqaH	amaRqaH	True
4123	amati	tiH	amatiH	True
4123	amati	tiH	amatiH	True
4124	amatra	trama	amatram	True
4124	amatra	trakam	amatrakam	True
4135	amanuzya	zyaH	amanuzyaH	True
4135	amanuzya	tA	amanuzyatA	True
4138	amanda	ndaH	amandaH	True
4141	amama	maH	amamaH	True
4144	amara	raH	amaraH	True
4144	amara	rA	amarA	True
4144	amara	rI	amarI	True
4149	amartya	rtyaH	amartyaH	True
4154	amaryAda	dA	amaryAdA	True
4155	amarza	rzaH	amarzaH	True
4155	amarza	rzA	amarzA	False
4157	amala	lA	amalA	True
4157	amala	lam	amalam	True
4167	amAMsa	sam	amAMsam	True
4171	amAtyaH	amAtyikA	amAtyikA	False
4172	amAtra	tram	amAtram	True
4172	amAtra	traH	amAtraH	True
4179	amAnuza	zaH	amAnuzaH	True
4179	amAnuza	zI	amAnuzI	True
4180	amAnuzya	˚zyam	amAnuzyam	True
4182	amAya	yA	amAyA	True
4182	amAya	yam	amAyam	True
4185	amArga	rgaH	amArgaH	True
4190	amitraH	trA	amitrA	False
4203	amiza	zam	amizam	True
4205	amIvA	vaH	amIvaH	True
4205	amIvA	vam	amIvam	True
4207	amukta	ktam	amuktam	True
4221	amUrta	rtaH	amUrtaH	True
4222	amUrti	rtiH	amUrtiH	True
4222	amUrti	rtiH	amUrtiH	True
4224	amUla	lA	amUlA	True
4229	amfta	taH	amftaH	True
4229	amfta	tA	amftA	True
4229	amfta	tam	amftam	True
4236	amftyu	tyuH	amftyuH	True
4243	ameDya	Dyam	ameDyam	True
4250	amokza	kzaH	amokzaH	True
4252	amoGa	GaH	amoGaH	True
4252	amoGa	GA	amoGA	True
4258	ambaH	mbA	ambA	True
4258	ambaH	mbam	ambam	True
4258	ambaH	mba	amba	True
4265	ambazWaH	zWA	ambazWA	True
4265	ambazWaH	zWA	ambazWA	True
4265	ambazWaH	zWI	ambazWI	True
4276	ambujinI	kuwumbin	ambujinIkuwumbin	False
4277	ambumat	tI	ambumatI	True
4279	ambUkfta	tam	ambUkftam	True
4284	amBfRa	RaH	amBfRaH	True
4289	amla	mlaH	amlaH	True
4289	amla	mlI	amlI	True
4289	amla	mlam	amlam	True
4290	amlakaH	kA	amlakA	False
4294	amlAna	naH	amlAnaH	True
4294	amlAna	nam	amlAnam	True
4295	amlAni	niH	amlAniH	True
4296	amlAnin	nI	amlAninI	True
4298	aya	yaH	ayaH	True
4300	ayakzma	kzmam	ayakzmam	True
4302	ayajYa	jYaH	ayajYaH	True
4311	ayatna	tnaH	ayatnaH	True
4313	ayaTA	Tam	ayaTam	True
4319	ayava	vaH	ayavaH	True
4324	ayasmaya	yI	ayasmayI	True
4329	ayAcita	taH	ayAcitaH	True
4329	ayAcita	tam	ayAcitam	True
4332	ayAtu	tuH	ayAtuH	True
4337	ayAnayam	yaH	ayAnayaH	True
4339	ayAnvita	taH	ayAnvitaH	True
4343	ayAs	yAH	ayAH	True
4344	ayAsya	syaH	ayAsyaH	True
4349	ayuga	gam	ayugam	True
4356	ayuta	tam	ayutam	True
4357	ayudDa	dDam	ayudDam	True
4364	ayoga	gaH	ayogaH	True
4370	ayoDya	DyA	ayoDyA	True
4371	ayoni	niH	ayoniH	True
4371	ayoni	niH	ayoniH	True
4376	ara	raH	araH	True
4385	araRa	Ram	araRam	True
4386	araRiH	RI	araRiRI	False
4386	araRiH	RiH	araRiH	True
4386	araRiH	RiH	araRiH	True
4388	araRyam	RyaH	araRyaH	True
4394	arata	tam	aratam	True
4395	arati	tiH	aratiH	True
4395	arati	tiH	aratiH	True
4414	aramati	tiH	aramatiH	True
4418	araram	raH	araraH	True
4423	araru	ruH	araruH	True
4427	aravindam	daH	aravindaH	True
4429	arasa	saH	arasaH	True
4448	arAya	yaH	arAyaH	True
4448	arAya	yI	arAyI	True
4449	arAla	laH	arAlaH	True
4449	arAla	lA	arAlA	True
4452	ari	riH	ariH	True
4458	aritra	tram	aritram	True
4458	aritra	traH	aritraH	True
4462	arizam	zaH	arizaH	True
4465	arizwa	zwaH	arizwaH	True
4465	arizwa	zwA	arizwA	True
4465	arizwa	zwam	arizwam	True
4477	aruja	jaH	arujaH	True
4478	aruRa	RaH	aruRaH	True
4478	aruRa	RA	aruRA	True
4478	aruRa	RI	aruRI	True
4478	aruRa	Ram	aruRam	True
4487	aruza	zaH	aruzaH	True
4487	aruza	zI	aruzI	True
4495	arUpa	pam	arUpam	True
4501	areRu	RuH	areRuH	True
4505	aroga	gaH	arogaH	True
4509	arocaka	kaH	arocakaH	True
4516	arka	rkaH	arkaH	True
4526	arGaH	tantram	arGatantram	False
4528	arGya	rGyam	arGyam	True
4532	arcaka	kaH	arcakaH	True
4535	arcana	nam	arcanam	True
4535	arcana	nA	arcanA	True
4546	arcizmat	tI	arcizmatI	True
4548	arjaka	kaH	arjakaH	True
4551	arjuna	naH	arjunaH	True
4551	arjuna	nI	arjunI	True
4551	arjuna	nam	arjunam	True
4551	arjuna	nAH	arjunAH	True
4552	arjunaka	kaH	arjunakaH	True
4554	arRa	rRaH	arRaH	True
4554	arRa	rRA	arRA	True
4554	arRa	rRam	arRam	True
4555	arRava	vaH	arRavaH	True
4559	artana	nam	artanam	True
4569	arTAt	kftam	arTAtkftam	False
4572	arTita	tam	arTitam	True
4576	arTya	rTyam	arTyam	True
4578	ardana	naH	ardanaH	True
4578	ardana	nam	ardanam	True
4578	ardana	nam	ardanam	True
4578	ardana	nA	ardanA	True
4582	arDa	rDaH	arDaH	True
4582	arDa	rDam	arDam	True
4582	arDa	rDaH	arDaH	True
4585	arDika	kaH	arDikaH	True
4594	arbudaH	AkAraH	arbudAkAraH	True
4597	arBa	rBaH	arBaH	True
4598	arBaka	kaH	arBakaH	True
4601	armaka	kam	armakam	True
4604	arya	ryaH	aryaH	True
4604	arya	ryA	aryA	True
4604	arya	ryI	aryI	True
4611	arvan	tI	arvatI	True
4613	arvAc	k	arvAk	True
4615	arvAcIna	nam	arvAcInam	True
4619	arSa	rSaH	arSaH	True
4623	arSasAna	naH	arSasAnaH	True
4624	arzaRa	Ram	arzaRam	True
4624	arzaRa	RI	arzaRI	True
4626	arha	rhaH	arhaH	True
4626	arha	rhA	arhA	True
4630	arhat	ttama	arhattama	True
4631	arhanta	ntaH	arhantaH	True
4637	alakaH	kA	alakA	True
4640	alakzaRa	Ram	alakzaRam	True
4645	alagardaH	rdA	alagardA	True
4656	alajja	jjA	alajjA	True
4665	alaMkarizRu	zRuH	alaMkarizRuH	True
4672	alampawa	waH	alampawaH	True
4673	alambuzaH	zA	alambuzA	True
4675	alaya	yaH	alayaH	True
4682	alasa	saH	alasaH	True
4682	alasa	sA	alasA	True
4683	alasaka	kaH	alasakaH	True
4690	alAtfRa	RaH	alAtfRaH	True
4691	alAbuH	bu	alAbu	True
4693	alABa	BaH	alABaH	True
4699	alin	nI	alinI	True
4704	aliNga	NgaH	aliNgaH	True
4704	aliNga	Ngam	aliNgam	True
4707	alina	naH	alinaH	True
4713	alIka	kam	alIkam	True
4724	alepaka	kaH	alepakaH	True
4725	aleSa	Sam	aleSam	True
4727	aloka	kaH	alokaH	True
4727	aloka	kam	alokam	True
4727	aloka	kA	alokA	True
4739	alohita	tam	alohitam	True
4742	alpa	lpaH	alpaH	True
4742	alpa	lpam	alpam	True
4742	alpa	lpam	alpam	True
4742	alpa	lpena	alpena	True
4742	alpa	lpAt	alpAt	True
4743	alpaka	kam	alpakam	True
4743	alpaka	kaH	alpakaH	True
4745	alpaMpaca	caH	alpaMpacaH	True
4752	allakam	kA	allakA	False
4753	allA	llaH	alllaH	False
4756	avana	nam	avanam	True
4759	avaMSaH	Sam	avaMSam	True
4760	avakawa	wam	avakawam	True
4775	avakuwAra	ram	avakuwAram	True
4780	avakutsita	tam	avakutsitam	True
4789	avakfzwa	zwaH	avakfzwaH	True
4804	avakranda	ndaH	avakrandaH	True
4825	avakzIRa	Ram	avakzIRam	True
4829	avakzepaRam	RI	avakzepaRI	True
4867	avagIta	tam	avagItam	True
4870	avagfhya	hyam	avagfhyam	True
4881	avaGozaH	RA	avaGozaRA	True
4894	avacakzaRa	Ram	avacakzaRam	True
4895	avacana	nam	avacanam	True
4901	avacAra	raH	avacAraH	True
4902	avacAraRa	Ram	avacAraRam	True
4910	avacUqaH	qA	avacUqA	True
4922	avacCedaka	kaH	avacCedakaH	True
4925	avacCurita	tam	avacCuritam	True
4936	avawa	waH	avawaH	True
4939	avawuH	wuH	avawuH	True
4939	avawuH	wu	avawu	True
4965	avataraRam	maNgalam	avataraRamaNgalam	True
4972	avatIrRa	rRam	avatIrRam	True
4984	avadAta	taH	avadAtaH	True
4999	avadya	dyam	avadyam	True
5004	avaDa	DaH	avaDaH	True
5014	avaDeya	yam	avaDeyam	True
5025	avaDUta	taH	avaDUtaH	True
5033	avaDAraRa	Ram	avaDAraRam	True
5033	avaDAraRa	RA	avaDAraRA	True
5055	avanadDa	dDam	avanadDam	True
5057	avanAwa	wam	avanAwam	True
5086	avapAkaH	kaH	avapAkaH	True
5094	avapIqa	qaH	avapIqaH	True
5095	avapIqanam	nA	avapIqanA	True
5110	avaboDaka	kaH	avaboDakaH	True
5115	avaBaNga	NgaH	avaBaNgaH	True
5120	avaBAsaka	kam	avaBAsakam	True
5122	avaBAsin	nI	avaBAsinI	False
5130	avaBrawa	wam	avaBrawam	True
5131	avama	maH	avamaH	True
5131	avama	mam	avamam	True
5134	avamatiH	tiH	avamatiH	True
5140	avamanTa	TaH	avamanTaH	True
5151	avamardana	nam	avamardanam	True
5170	avara	raH	avaraH	True
5170	avara	rA	avarA	True
5170	avara	ram	avaram	True
5186	avarudDiH	kA	avarudDikA	True
5188	avaroDaka	kaH	avaroDakaH	True
5188	avaroDaka	kam	avaroDakam	True
5190	avaroDika	kaH	avaroDikaH	True
5190	avaroDika	kA	avaroDikA	True
5201	avarohin	RI	avarohiRI	False
5206	avarga	rgaH	avargaH	True
5210	avartana	nam	avartanam	True
5217	avalakza	kzaH	avalakzaH	True
5219	avalagna	gnaH	avalagnaH	True
5222	avalambakaH	kam	avalambakam	True
5232	avalIQa	QA	avalIQA	True
5255	avalokita	taH	avalokitaH	True
5255	avalokita	tam	avalokitam	True
5259	avalguja	jaH	avalgujaH	True
5285	avaSizwa	zwam	avaSizwam	True
5285	avaSizwa	zwakam	avaSizwakam	True
5289	avaSIrza	rzaH	avaSIrzaH	True
5306	avasaH	sam	avasam	True
5309	avasakta	ktam	avasaktam	True
5313	avasaTaH	Tam	avasaTam	True
5328	avasarpin	RI	avasarpiRI	True
5350	avasita	tam	avasitam	True
5359	avaskaraka	kaH	avaskarakaH	True
5360	avaskava	vaH	avaskavaH	True
5370	avasTaH	sTA	avasTA	True
5390	avaha	haH	avahaH	True
5409	avahAraka	kaH	avahArakaH	True
5414	avahelita	tam	avahelitam	True
5415	avahvara	raH	avahvaraH	True
5426	avAYc	cI	avAYcI	False
5433	avAta	tama	avAtam	True
5453	avAraRa	Ram	avAraRam	True
5455	avArita	tam	avAritam	True
5465	avi	viH	aviH	True
5465	avi	viH	aviH	True
5466	avikaH	kA	avikA	True
5466	avikaH	kam	avikam	True
5472	avikalpa	lpaH	avikalpaH	True
5472	avikalpa	lpam	avikalpam	True
5473	avikAra	raH	avikAraH	True
5478	avikriya	yam	avikriyam	True
5478	avikriya	tvam	avikriyatvam	True
5480	avikrama	maH	avikramaH	True
5491	avigama	maH	avigamaH	True
5494	avigraha	haH	avigrahaH	True
5495	aviGAta	taH	aviGAtaH	True
5496	aviGna	Gnam	aviGnam	True
5499	avicAra	raH	avicAraH	True
5507	avicCeda	daH	avicCedaH	True
5514	avijYeya	yaH	avijYeyaH	True
5516	avitaTa	Tam	avitaTam	True
5516	avitaTa	Tam	avitaTam	True
5516	avitaTa	TA	avitaTA	True
5522	avitti	ttiH	avittiH	True
5532	avidita	taH	aviditaH	True
5534	avidUra	ram	avidUram	True
5534	avidUra	ram	avidUram	True
5537	avidDa	dDaH	avidDaH	True
5538	avidya	dyA	avidyA	True
5543	aviDAna	nam	aviDAnam	True
5545	aviDi	DiH	aviDiH	True
5548	avinaya	yaH	avinayaH	True
5549	avinIta	tA	avinItA	True
5551	avinaSvara	raH	avinaSvaraH	True
5558	avinDyaH	nDyA	avinDyA	True
5559	avipakva	karaRa	avipakvakaraRa	True
5559	avipakva	budDi	avipakvabudDi	True
5560	avipAka	kaH	avipAkaH	True
5564	avipra	praH	avipraH	True
5570	avibuDa	DaH	avibuDaH	True
5572	aviBAga	gaH	aviBAgaH	True
5573	aviBAjya	jyam	aviBAjyam	True
5577	avimukta	ktaH	avimuktaH	True
5577	avimukta	ktam	avimuktam	True
5577	avimukta	kaH	avimuktakaH	True
5581	aviyoga	gaH	aviyogaH	True
5582	avirata	tam	aviratam	True
5583	avirati	tiH	aviratiH	True
5584	avirAma	maH	avirAmaH	True
5584	avirAma	mam	avirAmam	True
5585	avirala	lam	aviralam	True
5597	avilamba	mbaH	avilambaH	True
5597	avilamba	mbam	avilambam	True
5597	avilamba	avilambena	avilambena	True
5598	avilambita	tam	avilambitam	True
5600	avilAsa	saH	avilAsaH	True
5603	avivakzita	vacanatA	avivakzitavacanatA	False
5608	aviveka	kaH	avivekaH	True
5612	avivenat	nam	avivenam	True
5613	aviSaNka	kA	aviSaNkA	True
5613	aviSaNka	Nkam, aviSaNkena	aviSaNkam	True
5618	aviSeza	zaH	aviSezaH	True
5618	aviSeza	zam	aviSezam	True
5618	aviSeza	ka	aviSezaka	False
5621	aviSrAnta	tam	aviSrAntam	True
5622	aviSvAsa	saH	aviSvAsaH	True
5622	aviSvAsa	sA	aviSvAsA	True
5625	aviza	zaH	avizaH	True
5625	aviza	zA	avizA	True
5625	aviza	zI	avizI	True
5627	avizaya	yaH	avizayaH	True
5643	avispazwa	zwam	avispazwam	True
5652	avIci	ciH	avIciH	True
5652	avIci	saMSozaRaH	avIcisaMSozaRaH	True
5653	avIja	jaH	avIjaH	True
5653	avIja	jA	avIjA	False
5653	avIja	jam	avIjam	True
5655	avIra	rA	avIrA	True
5657	avfka	kam	avfkam	True
5661	avftti	ttiH	avfttiH	True
5663	avfdDika	kam	avfdDikam	True
5665	avfzwi	zwiH	avfzwiH	True
5681	avedya	dyaH	avedyaH	True
5681	avedya	dyA	avedyA	True
5683	avela	laH	avelaH	True
5683	avela	lA	avelA	True
5685	avEdya	tvam	avEdyatvam	False
5694	avoda	daH	avodaH	True
5697	avya	vyaH	avyaH	True
5697	avya	vyam	avyam	True
5698	avyakta	ktaH	avyaktaH	True
5698	avyakta	ktam	avyaktam	True
5698	avyakta	ktam	avyaktam	True
5700	avyagra	gram	avyagram	True
5701	avyaNga	gA	avyaNgA	True
5704	avyaYjana	naH	avyaYjanaH	True
5709	avyaTa	TaH	avyaTaH	True
5709	avyaTa	TA	avyaTA	True
5711	avyaTi	TiH	avyaTiH	True
5713	avyaTizaH	zI	avyaTizI	True
5721	avyaya	yaH	avyayaH	True
5721	avyaya	yam	avyayam	True
5729	avyavaDAna	nam	avyavaDAnam	True
5733	avyavasTa	sTA	avyavasTA	True
5738	avyasana	nam	avyasanam	True
5740	avyAkfta	tam	avyAkftam	True
5745	avyAja	jaH	avyAjaH	True
5745	avyAja	jam	avyAjam	True
5751	avyApAra	raH	avyApAraH	True
5752	avyAyAma	maH	avyAyAmaH	True
5754	avyAhata	tam	avyAhatam	True
5757	avyutpanna	nnaH	avyutpannaH	True
5758	avraRa	Ram	avraRam	True
5762	aSana	naH	aSanaH	True
5762	aSana	nam	aSanam	True
5766	aSanAyita	tam	aSanAyitam	True
5767	aSita	tam	aSitam	True
5779	aSatru	tru	aSatru	True
5779	aSatru	truH	aSatruH	True
5782	aSabda	bdaH	aSabdaH	True
5782	aSabda	bdam	aSabdam	True
5785	aSarIra	raH	aSarIraH	True
5791	aSastra	stram	aSastram	True
5797	aSAsana	nam	aSAsanam	True
5803	aSiraH	rA	aSirA	True
5803	aSiraH	ram	aSiram	True
5806	aSiva	vaH	aSivaH	True
5806	aSiva	vA	aSivA	True
5806	aSiva	vam	aSivam	True
5809	aSiSu	SuH	aSiSuH	True
5809	aSiSu	SvIH	aSiSvIH	True
5809	aSiSu	aSiSvikA	aSiSvikA	True
5812	aSizWa	zWaH	aSizWaH	True
5819	aSIla	lam	aSIlam	True
5820	aSuci	ciH	aSuciH	True
5820	aSuci	ciH	aSuciH	True
5821	aSudDa	dDam	aSudDam	True
5822	aSudDi	dDiH	aSudDiH	True
5823	aSoDana	nam	aSoDanam	True
5824	aSuBa	Bam	aSuBam	True
5827	aSUnya	nyam	aSUnyam	True
5832	aSeza	zaH	aSezaH	True
5832	aSeza	zam, aSezeRa, aSezataH	aSezam	True
5838	aSoka	kaH	aSokaH	True
5838	aSoka	kA	aSokA	True
5838	aSoka	kam	aSokam	True
5845	aSna	SnaH	aSnaH	True
5855	aSmanta	ntaH	aSmantaH	True
5855	aSmanta	ntam	aSmantam	True
5856	aSmantakaH	kaH	aSmantakaH	True
5858	aSraH	Sram	aSram	True
5860	aSradDa	dDA	aSradDA	True
5863	aSrama	maH	aSramaH	True
5864	aSramaRa	RaH	aSramaRaH	True
5865	aSrAnta	ntam	aSrAntam	True
5865	aSrAnta	ntam	aSrAntam	True
5866	aSravaRa	RaH	aSravaRaH	True
5866	aSravaRa	Ram	aSravaRam	True
5869	aSrAdDa	dDaH	aSrAdDaH	True
5881	aSruti	tiH	aSrutiH	True
5881	aSruti	tiH	aSrutiH	True
5887	aSlIla	lam	aSlIlam	True
5890	aSvaH	SvO	aSvO	False
5890	aSvaH	SvAH	aSSvAH	False
5892	aSvaka	kaH	aSvakaH	True
5894	aSvatara	raH	aSvataraH	True
5894	aSvatara	rI	aSvatarI	True
5896	aSvatTaH	tTA	aSvatTA	True
5896	aSvatTaH	tTI	aSvatTI	True
5897	aSvatTaka	kaH	aSvatTakaH	True
5908	aSvin	nO	aSvinO	True
5911	aSviya	yA	aSviyA	False
5913	aSvIya	yam	aSvIyam	True
5914	aSvya	Svyam	aSvyam	True
5914	aSvya	SvyaH	aSvyaH	True
5915	aSvanta	ntaH	aSvantaH	True
5919	azaqakzIRa	Ram	azaqakzIRam	True
5921	azAQa	QaH	azAQaH	True
5921	azAQa	QA	azAQA	True
5924	azwaka	kaH	azwakaH	True
5924	azwaka	kA	azwakA	True
5924	azwaka	kam	azwakam	True
5925	azwakika	kI	azwakikI	False
5927	azwataya	yam	azwatayam	True
5929	azwama	maH	azwamaH	True
5929	azwama	mI	azwamI	True
5933	azwAtaya	yaH	azwAtayaH	True
5939	azwrA	vin	azwrAvin	True
5945	asta	stA	astA	True
5947	astaH	stam	astam	True
5947	astaH	stam	astam	True
5948	astakaH	kam	astakam	True
5953	asti	stiH	astiH	True
5959	asaMyata	taH	asaMyataH	True
5962	asaMyukta	ktam	asaMyuktam	True
5963	asaMyuta	taH	asaMyutaH	True
5969	asaMvftaH	tam	asaMvftam	True
5974	asaMSaya	yam	asaMSayam	True
5976	asaMSlizwa	zwaH	asaMSlizwaH	True
5982	asaMskfta	taH	asaMskftaH	True
5987	asaMhata	taH	asaMhataH	True
5987	asaMhata	tam	asaMhatam	True
5991	asakta	ktam	asaktam	True
6000	asaMkula	laH	asaMkulaH	True
6004	asaMKyeya	yaH	asaMKyeyaH	True
6004	asaMKyeya	yam	asaMKyeyam	True
6005	asaMga	gaH	asaMgaH	True
6005	asaMga	cArin	asaMgacArin	False
6008	asaMgama	maH	asaMgamaH	True
6013	asaMjYa	jYA	asaMjYA	True
6014	asat	tI	asatI	True
6019	asatkfta	tam	asatkftam	True
6021	asattva	ttvam	asattvam	True
6022	asatya	tyaH	asatyaH	True
6022	asatya	tyam	asatyam	True
6026	asanam	naH	asanaH	True
6026	asanam	nA	asanA	True
6028	asantati	tiH	asantatiH	True
6028	asantati	naH	asantAnaH	True
6031	asaMdigDa	gDam	asaMdigDam	True
6035	asaMDi	DiH	asaMDiH	True
6042	asapatna	tnam	asapatnam	True
6042	asapatna	tnI	asapatnI	False
6045	asama	maH	asamaH	True
6046	asamagra	gram	asamagram	True
6047	asamaYjasa	sam	asamaYjasam	True
6055	asamasta	stam	asamastam	True
6063	asamAhAra	raH	asamAhAraH	True
6069	asaMpatti	ttiH	asaMpattiH	True
6070	asaMpAta	taH	asaMpAtaH	True
6073	asaMbadDa	dDam	asaMbadDam	True
6073	asaMbadDa	arTavyavaDAna	asaMbadDArTavyavaDAna	False
6074	asaMbanDa	nDaH	asaMbanDaH	True
6075	asaMbADa	DA	asaMbADA	True
6075	asaMbADa	Dam	asaMbADam	True
6077	asaMBava	vaH	asaMBavaH	True
6077	asaMBava	vA	asaMBavA	False
6077	asaMBava	vam	asaMBavam	True
6079	asaMBavya	vyam	asaMBavyam	True
6081	asaMBAvanIya	vyam	asaMBAvyam	True
6082	asaMBAvita	upamA	asaMBAVitopamA	False
6088	asaMBrama	maH	asaMBramaH	True
6088	asaMBrama	mam, asaMBrAntam	asaMBramam	True
6089	asaMmata	taH	asaMmataH	True
6105	asaha	ham	asaham	True
6106	asahana	naH	asahanaH	True
6106	asahana	nam	asahanam	True
6117	asADana	nam	asADanam	True
6119	asADAraRa	RaH	asADAraRaH	True
6119	asADAraRa	Ram	asADAraRam	True
6120	asADu	DvI	asADvI	True
6124	asAmAnya	nyam	asAmAnyam	True
6125	asAmi	mi	asAmi	True
6126	asAMprata	tam	asAMpratam	True
6130	asAra	raH	asAraH	True
6130	asAra	ram	asAram	True
6135	asiH	si	asi	True
6139	asita	taH	asitaH	True
6139	asita	tA	asitA	True
6140	asidDa	dDaH	asidDaH	True
6147	asuKa	Kam	asuKam	True
6149	asuganDa	nDaH	asuganDaH	True
6153	asutfpa	paH	asutfpaH	True
6157	asura	raH	asuraH	True
6157	asura	rA	asurA	True
6157	asura	rI	asurI	True
6158	asurya	yam	asuryam	True
6158	asurya	ryaH	asuryaH	True
6176	asUyaka	kaH	asUyakaH	True
6181	asUra	ram	asUram	True
6184	asUryaMpaSya	SyA	asUryaMpaSyA	True
6191	asevana	nam	asevanam	True
6197	asOzWava	vam	asOzWavam	True
6217	asTan	vat	aSTavat	False
6220	asTAna	nam	asTAnam	True
6228	asTiti	tiH	asTitiH	True
6230	asTErya	ryam	asTEryam	True
6236	asneha	haH	asnehaH	True
6239	asparSa	rSaH	asparSaH	True
6247	asPuwa	wam	asPuwam	True
6252	asmadryaYc	k	asmadryak	True
6259	asmftiH	ti	asmfti	True
6265	asraH	sram	asram	True
6276	asvanta	ntaH	asvantaH	True
6276	asvanta	tam	asvantam	True
6277	asvapna	pnaH	asvapnaH	True
6279	asvaBAva	vaH	asvaBAvaH	True
6280	asvara	raH	asvaraH	True
6280	asvara	ram	asvaram	True
6288	asvAmika	kam	asvAmikam	True
6290	asvAmya	myam	asvAmyam	True
6295	ahata	tam	ahatam	True
6298	ahan	nI	ahanI	False
6301	ahaMyu	yuH	ahaMyuH	True
6302	ahara	raH	aharaH	True
6303	aharaRIya	ryaH	ahAryaH	True
6305	ahalya	lyaH	ahalyaH	True
6305	ahalya	lyA	ahalyA	True
6310	ahi	hiH	ahiH	True
6310	ahi	hI	ahI	True
6311	ahikaH	kA	ahikA	True
6315	ahiMsra	sraH	ahiMsraH	True
6315	ahiMsra	srA	ahiMsrA	True
6315	ahiMsra	sram	ahiMsram	True
6317	ahita	taH	ahitaH	True
6317	ahita	tam	ahitam	True
6319	ahIna	naH	ahInaH	True
6324	ahuta	taH	ahutaH	True
6330	ahetu	tuH	ahetuH	True
6331	ahetuka	kam	ahetukam	True
6335	ahnaH	ahnyam	ahnyam	True
6340	ahrI	ka	ahrIka	True
6340	ahrI	kaH	ahrIkaH	True
6354	Akampana	nam	Akampanam	True
6373	AkANkza	kzA	AkANkzA	True
6376	AkANkzya	kzyam	AkANkzyam	True
6380	AkAlika	kI	AkAlikI	True
6389	Akula	lam	Akulam	True
6411	Akarzaka	kaH	AkarzakaH	True
6412	AkarzaRa	Ram	AkarzaRam	True
6412	AkarzaRa	RI	AkarzaRI	True
6414	Akarzin	RI	AkarziRI	True
6420	AkIrRa	rRam	AkIrRam	True
6431	Akrandita	tam	Akranditam	True
6441	AkrIqa	qaH	AkrIqaH	True
6441	AkrIqa	qam	AkrIqam	True
6445	Akruzwa	zwam	Akruzwam	True
6455	AkzapAda	daH	AkzapAdaH	True
6455	AkzapAda	dam	AkzapAdam	True
6463	Akzika	kaH	AkzikaH	True
6463	Akzika	kam	Akzikam	True
6463	Akzika	kI	AkzikI	True
6468	Akzepaka	kaH	AkzepakaH	True
6471	AkzIba	baH	AkzIbaH	True
6489	AKewaka	kaH	AKewakaH	True
6489	AKewaka	kam	AKewakam	True
6490	AKewika	kaH	AKewikaH	True
6495	AKyAta	tam	AKyAtam	True
6496	AKyAtika	kI	AKyAtikI	False
6500	AKyAnakam	kI	AKyAnakI	True
6501	AKyAyaka	kaH	AKyAyakaH	True
6507	Agata	tam	Agatam	True
6510	Agantu	ntuH	AgantuH	True
6527	Agastya	styaH	AgastyaH	True
6527	Agastya	styI	AgastyI	False
6534	AgUrRa	rRam	AgUrRam	True
6534	AgUrRa	rtam	AgUrtam	True
6549	AgnIDra	Dram	AgnIDram	True
6549	AgnIDra	DrA	AgnIDrA	True
6549	AgnIDra	DraH	AgnIDraH	True
6550	AgnIDrIya	yaH	AgnIDrIyaH	True
6551	AgnIDrya	DryA	AgnIDryA	True
6553	Agneya	yaH	AgneyaH	True
6553	Agneya	yI	AgneyI	True
6553	Agneya	yam	Agneyam	True
6556	AgrayaRaH	Rakam	AgrayaRakam	True
6556	AgrayaRaH	RI	AgrayaRI	True
6556	AgrayaRaH	Ram	AgrayaRam	True
6560	AgrahAyaRaH	RI	AgrahAyaRI	True
6561	AgrahAyaRaka	kaH	AgrahAyaRakaH	True
6564	AGawwaka	kaH	AGawwakaH	True
6566	AGarzaH	RI	AGarzRI	False
6577	AGfRi	RiH	AGfRiH	True
6579	AGrARa	Ram	AGrARam	True
6580	AGrAta	tam	AGrAtam	True
6583	ANga	gaH	ANgaH	True
6583	ANga	gam	ANgam	True
6584	ANgaka	kaH	ANgakaH	True
6585	ANgavidya	dyA	ANgavidyA	False
6586	ANgika	kaH	ANgikaH	True
6589	ANgirasa	saH	ANgirasaH	True
6601	AcamanIya	yam	AcamanIyam	True
6601	AcamanIya	AcamanIyakam	AcamanIyakam	True
6602	AcAnta	tiH	AcAntiH	True
6606	AcAmya	myam	AcAmyam	True
6612	Acarita	tam	Acaritam	True
6615	AcArika	kam	AcArikam	True
6618	AcAryaH	ryA	AcAryA	True
6619	AcAryaka	kam	AcAryakam	True
6625	Acita	taH	AcitaH	True
6639	AcCurita	tam	AcCuritam	True
6644	Aja	jaH	AjaH	True
6644	Aja	jam	Ajam	True
6654	AjAnaH	nam	AjAnam	True
6656	AjAneya	yaH	AjAneyaH	True
6659	AjamIQa	QAH	AjamIQAH	False
6667	AjijYAsenya	nyAH	AjijYAsennyAH	False
6671	AjIvaH	vaH	AjIvaH	True
6677	AjIvya	vyam	AjIvyam	True
6692	AYjana	nam	AYjanam	True
6692	AYjana	naH	AYjanaH	True
6704	Awika	kI	AwikI	True
6708	AqambaraH	ram	Aqambaram	True
6712	AQakaH	kI	AQakI	True
6715	AQyaMkaraRa	Ram	AQyaMkaraRam	True
6718	ARaka	kam	ARakam	True
6719	ARava	vam	ARavam	True
6722	ARqa	qaH	ARqaH	True
6722	ARqa	qam	ARqam	True
6722	ARqa	qO	ARqO	False
6727	Ata	taH	AtaH	True
6729	AtaNkaH	kam	AtaNkam	True
6740	Atapa	paH	AtapaH	True
6752	AtiTeya	yam	AtiTeyam	True
6752	AtiTeya	yI	AtiTeyI	True
6753	AtiTya	TyaH	AtiTyaH	True
6753	AtiTya	Tyam	AtiTyam	True
6756	AtivAhika	kam	AtivAhikam	True
6768	Atura	raH	AturaH	True
6772	AtfRRa	Ram	AtfRRam	True
6775	AtfpyaH	pyam	Atfpyam	True
6784	AtmanA	˚saptamaH	AtmanAsaptamaH	True
6785	AtmanIna	naH	AtmanInaH	True
6787	AtmaMBari	˚tvam	AtmaMBaritvam	True
6796	Atyayika	kam	Atyayikam	True
6797	Atreya	yaH	AtreyaH	True
6797	Atreya	yI	AtreyI	True
6799	ATarvaRa	RaH	ATarvaRaH	True
6799	ATarvaRa	Ram	ATarvaRam	True
6799	ATarvaRa	Siras	ATarvaRaSiras	True
6800	ATarvaRika	kaH	ATarvaRikaH	True
6812	AdAnam	nI	AdAnI	True
6821	Adi	diH	AdiH	True
6827	Adya	dyAH	AddyAH	False
6827	Adya	dyA	AdyA	True
6827	Adya	dyam	Adyam	True
6829	Aditya	tyaH	AdityaH	True
6829	Aditya	tyO	AdityO	True
6834	Adizwa	zwam	Adizwam	True
6880	ADeya	yam	ADeyam	True
6916	ADmAta	taH	ADmAtaH	True
6917	ADmAnam	nI	ADmAnI	True
6926	ADIta	tam	ADItam	True
6929	ADra	DraH	ADraH	True
6931	ADvarika	kaH	ADvarikaH	True
6932	ADvaryava	vam	ADvaryavam	True
6933	AnaH	nam	Anam	True
6940	AnandaH	dA	AnandA	True
6940	AnandaH	dI	AnandI	True
6940	AnandaH	dam	Anandam	True
6943	AnandaTu	TuH	AnandaTuH	True
6944	Anandana	nam	Anandanam	True
6945	Anandamaya	yaH	AnandamayaH	True
6945	Anandamaya	yI	AnandamayI	False
6956	AnartaH	rtam	Anartam	True
6960	Anava	vaH	AnavaH	True
6963	AnadDa	dDaH	AnadDaH	True
6967	Anirhata	taH	AnirhataH	True
6968	Anila	laH	AnilaH	True
6968	Anila	AniliH	AniliH	True
6973	AnAyya	yyaH	AnAyyaH	True
6979	AnIla	laH	AnIlaH	True
6992	AnupUrvam	vat	AnupUrvyavat	False
6994	AnumAnika	kam	AnumAnikam	True
7001	Anulomya	myam	Anulomyam	True
7008	AnuSravika	kaH	AnuSravikaH	True
7013	AnuzwuBa	Bam	AnuzwuBam	True
7016	AnUpa	paH	AnUpaH	True
7021	AnfSaMsa	sam	AnfSaMsam	True
7021	AnfSaMsa	syam	AnfSaMsyam	True
7024	Anta	ntam	Antam	True
7026	AntaHpurika	kam	AntaHpurikam	True
7027	Antara	ram	Antaram	True
7028	Antaratamyam	kaH	AntaratamyakaH	False
7028	Antaratamyam	kam	AntarAgArikam	True
7030	Antarikza	kzam	Antarikzam	True
7035	Antra	tram	Antram	True
7043	AnDra	DraH	AnDraH	True
7043	AnDra	nDrI	AnDrI	True
7045	Anyatareya	yaH	AnyatareyaH	True
7052	ApaH	pam	Apam	True
7057	Apta	ptaH	AptaH	True
7057	Apta	ptA	AptA	True
7057	Apta	ptam	Aptam	True
7059	Apya	pyaH	ApyaH	True
7059	Apya	pyam	Apyam	True
7061	Apakva	kvam	Apakvam	True
7065	ApaRaka	kaH	ApaRakaH	True
7068	Apati	tiH	ApatiH	True
7069	Apatika	kaH	ApatikaH	True
7071	ApAta	taH	ApAtaH	True
7076	ApaTi	TiH	ApaTiH	True
7076	ApaTi	TIH	ApaTIH	True
7076	ApaTi	TyaH	ApaTyaH	False
7087	Apamityaka	kam	Apamityakam	True
7103	ApiYjara	ram	ApiYjaram	True
7106	ApiSala	laH	ApiSalaH	True
7106	ApiSala	lA	ApiSalA	False
7112	ApIta	taH	ApItaH	True
7112	ApIta	tam	ApItam	True
7113	ApUpika	kaH	ApUpikaH	True
7113	ApUpika	kam	ApUpikam	True
7119	ApUra	raH	ApUraH	True
7120	ApUraRa	Ram	ApUraRam	True
7128	ApoSAnaH	nam	ApoSAnam	True
7133	ApI	pIH	ApIH	True
7134	ApIna	naH	ApInaH	True
7134	ApIna	nam	ApInam	True
7135	ApyAna	nam	ApyAnam	True
7137	ApyAyana	nam	ApyAyanam	True
7137	ApyAyana	nA	ApyAyanA	True
7156	Apluta	taH	AplutaH	True
7156	Apluta	tam	Aplutam	True
7164	AbadDa	dDam	AbadDam	True
7168	Abarha	rhaH	AbarhaH	True
7168	Abarha	rhaRam	AbarhaRam	True
7172	AbADaH	DA	AbADA	True
7195	ABAzya	zyam	ABAzyam	True
7200	ABAsura	raH	ABAsuraH	True
7201	ABicaraRika	kam	ABicaraRikam	True
7202	ABijana	nam	ABijanam	True
7206	ABiDAnika	kaH	ABiDAnikaH	True
7207	ABiDAnIyaka	kam	ABiDAnIyakam	True
7215	ABizecanika	kam	ABizecanikam	True
7216	ABihArika	kam	ABihArikam	True
7220	ABIraH	rI	ABIrI	True
7221	ABIla	lam	ABIlam	True
7235	ABogaya	yam	ABogayam	True
7237	AByantara	raH	AByantaraH	True
7237	AByantara	rikaH	AByantarikaH	True
7243	AByudayika	kam	AByudayikam	True
7247	Ama	m	Amam	True
7247	Ama	maH	AmaH	True
7258	Amantrya	tryam	Amantryam	True
7260	Amandra	ndraH	AmandraH	True
7261	AmayaH	yam	Amayam	True
7266	AmalakaH	kam	Amalakam	True
7271	AmAvAsya	syam	AmAvAsyam	True
7286	AmuKam	Kam	AmuKam	True
7288	Amukta	ktam	Amuktam	True
7289	AmuktiH	kti	Amukti	True
7305	Amoda	daH	AmodaH	True
7306	Amodana	nam	Amodanam	True
7310	Amoza	zaH	AmozaH	True
7314	AmnAta	tam	AmnAtam	True
7323	AmBasika	kaH	AmBasikaH	True
7324	AmraH	mram	Amram	True
7325	AmrAtaH	tam	AmrAtam	True
7331	Amreqita	tam	Amreqitam	True
7332	AmlaH	mlam	Amlam	True
7332	AmlaH	paYcakam	AmlapaYcakam	False
7332	AmlaH	vetasaH	AmlavetasaH	True
7340	AyaHSUlika	kaH	AyaHSUlikaH	True
7356	Ayata	taH	AyataH	True
7356	Ayata	tam	Ayatam	True
7369	Ayasta	stam	Ayastam	True
7373	Ayasa	sI	AyasI	True
7373	Ayasa	sam	Ayasam	True
7376	AyAta	tam	AyAtam	True
7382	Ayu	yuH	AyuH	True
7384	Ayukta	ktaH	AyuktaH	True
7387	Ayuta	tam	Ayutam	True
7389	AyuDaH	Dam	AyuDam	True
7390	AyuDika	kaH	AyuDikaH	True
7391	AyuDin	DI	AyuDI	False
7391	AyuDin	DIyaH	AyuDIyaH	True
7397	Ayuzya	zyam	Ayuzyam	True
7399	AyogavaH	vI	AyogavI	True
7402	AraH	raH	AraH	True
7402	AraH	rA	ArA	True
7404	Arakza	kzaH	ArakzaH	True
7404	Arakza	kzA	ArakzA	True
7407	AragvaDaH	Dam	AragvaDam	True
7411	AraRam	jAH	AraRajAH	False
7413	AraReya	yaH	AraReyaH	True
7413	AraReya	yam	AraReyam	True
7414	AraRya	RyaH	AraRyaH	True
7414	AraRya	Ryam	AraRyam	True
7415	AraRyaka	kaH	AraRyakaH	True
7415	AraRyaka	kam	AraRyakam	True
7419	ArabDa	bDam	ArabDam	True
7421	AraBawaH	waH	AraBawaH	True
7421	AraBawaH	wI	AraBawI	True
7421	AraBawaH	wI	AraBawI	True
7431	ArAma	maH	ArAmaH	True
7444	ArADanam	nA	ArADanA	True
7444	ArADanam	nI	ArADanI	True
7460	AruH	ruH	AruH	True
7467	AruRi	RiH	AruRiH	True
7477	Aruha	haH	AruhaH	True
7478	ArUQa	Qam	ArUQam	True
7487	Arohaka	kaH	ArohakaH	True
7491	ArU	rU	ArU	True
7493	ArevataH	tam	Arevatam	True
7499	Arkza	rkzaH	ArkzaH	True
7504	ArGya	rGyam	ArGyam	True
7507	Arcika	kam	Arcikam	True
7508	ArcIka	kaH	ArcIkaH	True
7510	ArjIka	kaH	ArjIkaH	True
7511	ArjIkIya	yA	ArjIkIyA	True
7519	Artava	vaH	ArtavaH	True
7519	Artava	vI	ArtavI	True
7519	Artava	vam	Artavam	True
7527	Ardra	rdrA	ArdrA	True
7529	Ardraka	kam	Ardrakam	True
7534	ArDika	kaH	ArDikaH	True
7538	Arya	ryaH	AryaH	True
7538	Arya	ryA	AryA	True
7538	Arya	ryam	Aryam	True
7539	AryakaH	kam	Aryakam	True
7544	Arza	rzaH	ArzaH	True
7544	Arza	rzA	ArzA	False
7544	Arza	rzam	Arzam	True
7546	Arzeya	yam	Arzeyam	True
7550	Arhata	taH	ArhataH	True
7550	Arhata	tam	Arhatam	True
7553	Ala	laH	AlaH	True
7553	Ala	lam	Alam	True
7562	AlApaH	pA	AlApA	True
7563	AlApana	nam	AlApanam	True
7565	AlApin	nI	AlApinI	True
7574	Alamba	baH	AlambaH	True
7574	Alamba	bA	AlambA	True
7582	Alasya	syam	Alasyam	True
7589	Ali	liH	AliH	True
7589	Ali	liH	AliH	True
7589	Ali	lI	AlI	True
7592	AleKanam	nI	AleKanI	True
7592	AleKanam	nam	AleKanam	True
7592	AleKanam	naH	AleKanaH	True
7593	AleKya	Kyam	AleKyam	True
7597	AliNgita	taH	AliNgitaH	True
7597	AliNgita	tam	AliNgitam	True
7606	Alepa	paH	AlepaH	True
7606	Alepa	panam	Alepanam	True
7610	AlayaH	yam	Alayam	True
7611	AlIna	nam	AlInam	True
7611	AlIna	nakam	AlInakam	True
7612	AlIQa	Qam	AlIQam	True
7615	AluH	luH	AluH	True
7615	AluH	lu	Alu	True
7616	AlukaH	kam	Alukam	True
7631	Alokita	tam	Alokitam	True
7634	Alocaka	kam	Alocakam	True
7636	Alola	laH	AlolaH	True
7644	Avantika	kaH	AvantikaH	True
7645	Avantya	tyaH	AvantyaH	True
7647	Avapanam	nI	AvapanI	True
7649	AvApa	paH	AvApaH	True
7653	AvayaH	yaH	AvayaH	True
7653	AvayaH	yA	AvayA	True
7653	AvayaH	yam	Avayam	True
7665	AvaSyaka	kam	AvaSyakam	True
7670	AvasaTika	kaH	AvasaTikaH	True
7671	AvasaTya	TyaH	AvasaTyaH	True
7671	AvasaTya	TyaH	AvasaTyaH	True
7671	AvasaTya	Tyam	AvasaTyam	True
7671	AvasaTya	Tyam	AvasaTyam	True
7675	Avasita	tam	Avasitam	True
7679	Avaha	haH	AvahaH	True
7683	AvAhanam	nI	AvAhanI	True
7686	Avika	kam	Avikam	True
7688	Avigna	gnaH	AvignaH	True
7694	Avedaka	kaH	AvedakaH	True
7697	Avedita	taH	AveditaH	True
7697	Avedita	tam	Aveditam	True
7708	AveSika	kaH	AveSikaH	True
7708	AveSika	kam	AveSikam	True
7722	AvIta	tam	AvItam	True
7724	AvIracUrRaH	rRam	AvIracUrRam	True
7728	Avaraka	kam	Avarakam	True
7729	AvaraRa	Ram	AvaraRam	True
7735	Avfta	taH	AvftaH	True
7740	Avarjita	tam	Avarjitam	True
7742	AvartaH	rtam	Avartam	True
7743	Avartaka	kaH	AvartakaH	True
7743	Avartaka	kI	AvartakI	True
7744	Avartana	nam	Avartanam	True
7744	Avartana	naH	AvartanaH	True
7744	Avartana	nI	AvartanI	True
7745	Avartin	nI	AvartinI	True
7747	Avftta	ttam	Avfttam	True
7751	AvegaH	gI	AvegI	True
7758	AvidDa	dDam	AvidDam	True
7760	AvyADin	nI	AvyADinI	True
7765	ASa	SaH	ASaH	True
7769	ASita	tama	ASitam	True
7771	ASitaMBava	vam	ASitaMBavam	True
7788	ASaNkita	tam	ASaNkitam	True
7790	ASana	naH	ASanaH	True
7802	ASAsya	syam	ASAsyam	True
7808	ASira	raH	ASiraH	True
7812	ASu	SuH	ASuH	True
7812	ASu	Su	ASu	True
7816	ASuSukzaRi	RiH	ASuSukzaRiH	True
7821	ASOcam	nirRayaH	ASOcanirRayaH	True
7823	AScarya	ryam	AScaryam	True
7825	AScotana	nam	AScotanam	True
7826	ASma	SmaH	ASmaH	True
7827	ASmana	naH	ASmanaH	True
7828	ASmarika	kaH	ASmarikaH	True
7839	ASrayaRa	Ram	ASrayaRam	True
7841	ASrayin	ASrayin	ASrayin	True
7842	ASrita	taH	ASritaH	True
7842	ASrita	tam	ASritam	True
7845	ASrava	vaH	ASravaH	True
7847	ASruta	tam	ASrutam	True
7852	ASlezaH	zAH	ASlezAH	True
7854	ASva	Svam	ASvam	True
7855	ASvatTa	tTA	ASvatTA	False
7855	ASvatTa	tTam	ASvatTam	True
7857	ASvameDika	kam	ASvameDikam	True
7858	ASvayuja	jaH	ASvayujaH	True
7858	ASvayuja	jI	ASvayujI	True
7861	ASvalakzaRika	kaH	ASvalakzaRikaH	True
7862	ASvika	kaH	ASvikaH	True
7863	ASvina	naH	ASvinaH	True
7863	ASvina	nI	ASvinI	True
7863	ASvina	nam	ASvinam	True
7863	ASvina	cihnitam	ASvinacihnitam	True
7865	ASvIna	naH	ASvInaH	True
7865	ASvIna	nam	ASvInam	True
7867	ASvalAyanaH	SAKA	ASvalAyanaSAKA	True
7870	ASvAsaka	kaH	ASvAsakaH	True
7874	AzAQaH	QA	AzAQA	True
7874	AzAQaH	QI	AzAQI	True
7879	Azwram	zwrA	AzwrA	True
7883	AsaH	sam	Asam	True
7884	Asanam	nA	AsanA	True
7884	Asanam	nI	AsanI	True
7885	Asita	tam	Asitam	True
7889	AsaMsAra	ram	AsaMsAram	True
7889	AsaMsAra	ti	AsaMsfti	True
7894	Asakta	ktam	Asaktam	True
7895	AsaktiH	kti	Asakti	True
7896	AsaNga	gaH	AsaNgaH	True
7896	AsaNga	Ngam	AsaNgam	True
7896	AsaNga	Ngam	AsaNgam	True
7903	Asanna	nnaH	AsannaH	True
7911	AsandaH	ndI	AsandI	True
7926	Asecana	nam	Asecanam	True
7926	Asecana	nI	AsecanI	True
7937	Asura	raH	AsuraH	True
7937	Asura	rI	AsurI	True
7937	Asura	ram	Asuram	True
7938	AsuriH	kalpaH	AsurikalpaH	False
7944	Asevita	tam	Asevitam	True
7952	Astika	kaH	AstikaH	True
7954	AstIka	kaH	AstIkaH	True
7954	AstIka	kam	AstIkam	True
7958	AstaraRa	Ram	AstaraRam	True
7967	AsTAnam	nI	AsTAnI	True
7985	AsPowaH	wA	AsPowA	True
7986	AsPowaka	kaH	AsPowakaH	True
7987	AsPowanam	nI	AsPowanI	True
7989	AsPotaH	tA	AsPotA	True
7989	AsPotaH	takA	AsPotakA	False
7991	Asya	syam	Asyam	True
7998	AsrAva	vaH	AsrAvaH	True
8000	Asru	payas	Asrupayas	True
8002	AsvAda	daH	AsvAdaH	True
8012	Ahata	taH	AhataH	True
8012	Ahata	tam	Ahatam	True
8014	Ahatya	vacanam	Ahatyavacanam	True
8014	Ahatya	vAdaH	AhatyavAdaH	True
8030	AhavanIya	yaH	AhavanIyaH	True
8031	AhavanIyaka	kaH	AhavanIyakaH	True
8033	Ahuta	tam	Ahutam	True
8036	AhukaH	kAH	AhukAH	True
8039	Ahara	raH	AharaH	True
8040	AharaRa	Ram	AharaRam	True
8042	AhAra	raH	AhAraH	True
8045	AhArya	ryaH	AhAryaH	True
8045	AhArya	ryam	AhAryam	True
8045	AhArya	SoBA	AhAryaSoBA	True
8049	Ahna	hnam	Ahnam	True
8049	Ahna	AhnInEbukam	AhnInEbukam	True
8050	Ahnika	kam	Ahnikam	True
8050	Ahnika	candrikA	AhnikacandrikA	True
8050	Ahnika	dIpikA	AhnikadIpikA	False
8050	Ahnika	pradIpa	AhnikapradIpa	True
8050	Ahnika	maYjarI	AhnikamaYjarI	True
8052	AhlAdana	nam	AhlAdanam	True
8061	AhavaH	BUmiH	AhavaBUmiH	True
8065	AhUta	tam	AhUtam	True
8067	Ahva	hvA	AhvA	True
8069	Ahvayana	nam	Ahvayanam	True
8073	AhvAyaka	kaH	AhvAyakaH	True
8078	ita	tam	itam	True
8080	itya	tyA	ityA	True
8082	itvara	raH	itvaraH	True
8082	itvara	rI	itvarI	True
8092	ikzvAkuH	kuH	ikzvAkuH	True
8096	iNga	gaH	iNgaH	True
8096	iNga	NgA	iNgA	True
8096	iNga	Ngam	iNgam	True
8098	iNgita	tam	iNgitam	True
8101	iNgudaH	dam	iNgudam	True
8106	ijya	jyaH	ijyaH	True
8106	ijya	jyA	ijyA	True
8159	ina	naH	inaH	True
8176	indraH	drA	indrA	True
8184	indriya	yaH	indriyaH	True
8184	indriya	yam	indriyam	True
8187	idDa	dDam	idDam	True
8188	iDmaH	Dmam	iDmam	True
8190	inDa	DaH	inDaH	True
8191	inDana	nam	inDanam	True
8196	iBaH	BI	iBI	True
8199	iBya	ByaH	iByaH	True
8199	iBya	ByA	iByA	True
8205	iyattaka	kA	iyattakA	True
8212	irammada	daH	irammadaH	True
8216	irAvat	tI	irAvatI	True
8218	iriRam	RaH	iriRaH	True
8226	irvAru	ruH	irvAruH	True
8230	ilava	vaH	ilavaH	True
8232	ila	lA	ilA	True
8244	icCaka	kaH	icCakaH	True
8259	izira	raH	iziraH	True
8259	izira	ram	iziram	True
8260	izwa	zwaH	izwaH	True
8260	izwa	zwA	izwA	True
8260	izwa	zwam	izwam	True
8265	izma	zmaH	izmaH	True
8271	izuka	kA	izukA	True
8292	IkzaRam	Sravas	IkzaRaSravas	True
8293	IkzaRikaH	kA	IkzaRikA	True
8297	Ikzita	tam	Ikzitam	True
8311	Iti	tiH	ItiH	True
8312	Idfkza	k	Idfk	True
8316	Ipsita	tam	Ipsitam	True
8316	Ipsita	Palam	IpsitaPalam	False
8321	IraH	jaH	IrajaH	True
8321	IraH	putraH	IraputraH	True
8322	IraRa	RaH	IraRaH	True
8322	IraRa	Ram	IraRam	True
8325	Irya	ryA	IryA	True
8326	IriRa	Ram	IriRam	True
8328	Irma	rmaH	IrmaH	True
8328	Irma	rmam	Irmam	True
8337	IlinaH	nI	IlinI	True
8341	ISa	SaH	ISaH	True
8341	ISa	SA	ISA	True
8344	ISAna	naH	ISAnaH	True
8344	ISAna	nI	ISAnI	True
8344	ISAna	nI	ISAnI	True
8344	ISAna	naH	ISAnaH	True
8344	ISAna	nam	ISAnam	True
8349	ISin	nI	ISinI	True
8350	ISvara	raH	ISvaraH	True
8350	ISvara	rA	ISvarA	True
8350	ISvara	rI	ISvarI	True
8350	ISvara	rI	ISvarI	True
8354	IzaRa	RA	IzaRA	True
8356	IzA	ze	Ize	False
8365	Ihita	tam	Ihitam	True
8373	ukTam	kTaH	ukTaH	True
8373	ukTam	kTA	ukTA	True
8375	ukTya	kTyaH	ukTyaH	True
8382	ukzAla	laH	ukzAlaH	True
8385	uKaH	KA	uKA	True
8386	uKya	KyaH	uKyaH	True
8390	ugra	graH	ugraH	True
8390	ugra	grA	ugrA	True
8390	ugra	grI	ugrI	True
8390	ugra	gram	ugram	True
8396	ucita	jYa	ucitajYa	True
8399	ucca	ccaH	uccaH	True
8414	uccAwanam	naH	uccAwanaH	True
8421	uccarita	tam	uccaritam	True
8424	uccArita	tam	uccAritam	True
8452	ucCinna	nnaH	ucCinnaH	True
8457	ucCilInDra	nDram	ucCilInDram	True
8459	ucCizwa	zwam	ucCizwam	True
8461	ucCIrzaka	kam	ucCIrzakam	True
8464	ucCozaRa	Ram	ucCozaRam	True
8475	ucCrayaH	yI	ucCrayI	False
8476	ucCrayaRa	Ram	ucCrayaRam	True
8485	ucCvasita	tam	ucCvasitam	True
8497	ujjeza	zaH	ujjezaH	True
8505	ujjfmBa	mBaH	ujjfmBaH	True
8507	ujjfmBita	tam	ujjfmBitam	True
8508	ujjya	jjyam	ujjyam	True
8510	ujjvala	laH	ujjvalaH	True
8510	ujjvala	lA	ujjvalA	True
8510	ujjvala	lam	ujjvalam	True
8521	uYCaH	YCam	uYCam	True
8527	uqumbaraH	ram	uqumbaram	True
8528	uqUpaH	priyA	uqUpapriyA	False
8529	uqqAmara	tantra	uqqAmaratantra	True
8534	uqqIna	nam	uqqInam	True
8545	uta	Aho	utAho	True
8545	uta	Ahosvit	utAhosvit	True
8549	utka	tkaH	utkaH	True
8558	utkawa	waH	utkawaH	True
8558	utkawa	wAH	utkawAH	True
8558	utkawa	wam	utkawam	True
8561	utkaRWa	RWaH	utkaRWaH	True
8561	utkaRWa	RWA	utkaRWA	True
8564	utkaRWita	tA	utkaRWitA	True
8565	utkanDara	ram	utkanDaram	True
8567	utkampa	mpaH	utkampaH	True
8567	utkampa	mpanam	utkampanam	True
8571	utkarRa	rRaH	utkarRaH	True
8572	utkala	laH	utkalaH	True
8591	utkUla	lam	utkUlam	True
8598	utkarza	rzaH	utkarzaH	True
8600	utkarzaRam	RI	utkarzaRI	True
8605	utkara	raH	utkaraH	True
8616	utkocaka	kaH	utkocakaH	True
8629	utkruzwa	zwam	utkruzwam	True
8634	utkleSaka	kaH	utkleSakaH	True
8640	utkzipta	ptaH	utkziptaH	True
8642	utkzepa	paH	utkzepaH	True
8643	utkzepaka	kaH	utkzepakaH	True
8647	utKAta	tam	utKAtam	True
8665	uttapta	ptam	uttaptam	True
8670	uttama	maH	uttamaH	True
8670	uttama	mA	uttamA	True
8677	uttara	raH	uttaraH	True
8677	uttara	rA	uttarA	True
8677	uttara	ram	uttaram	True
8677	uttara	ram	uttaram	True
8687	uttaraNga	raH	UttaraNgaraH	False
8692	uttAla	laH	uttAlaH	True
8692	uttAla	lam	uttAlam	True
8697	uttejita	tam	uttejitam	True
8705	uttaraRa	Ram	uttaraRam	True
8706	uttAra	raH	uttAraH	True
8708	uttAraRa	RaH	uttAraRaH	True
8708	uttAraRa	Ram	uttAraRam	True
8722	utTa	tTaH	utTaH	True
8724	utTAna	nam	utTAnam	True
8725	utTApaka	kaH	utTApakaH	True
8726	utTApanam	nI	utTApanI	True
8729	utTita	tam	utTitam	True
8749	utpAtaka	kaH	utpAtakaH	True
8752	utpaTaH	Tam	utpaTam	True
8756	utpAda	daH	utpAdaH	True
8757	utpAdaka	kaH	utpAdakaH	True
8757	utpAdaka	kam	utpAdakam	True
8758	utpAdana	nam	utpAdanam	True
8763	utpala	lI	utpalI	True
8763	utpala	lam	utpalam	True
8764	utpalin	nI	utpalinI	True
8771	utpizwa	zwam	utpizwam	True
8773	utpIqa	qaH	utpIqaH	True
8779	utpulaka	kam	utpulakam	True
8785	utpraBa	BaH	utpraBaH	True
8792	utprekzA	avayavaH	utprekzAvayayaH	False
8795	utplavaH	vA	utplavA	True
8801	utPulla	llam	utPullam	True
8807	utsaNgaH	gam	utsaNgam	True
8810	utsaNgin	nI	utsaNginI	True
8819	utsAdanIya	yam	utsAdanIyam	True
8833	utsuka	kaH	utsukaH	True
8856	utsarpin	RI	utsarpiRI	True
8857	utseDa	DaH	utseDaH	True
8857	utseDa	Dam	utseDam	True
8865	utsvana	naH	utsvanaH	True
8875	udakya	kyA	udakyA	True
8884	udac	k	udak	True
8890	udIcya	cyam	udIcyam	True
8899	udanya	nyA	udanyA	True
8903	udanta	ntaH	udantaH	True
8915	udarin	RI	udariRI	True
8916	udarya	ryam	udaryam	True
8935	udAtta	ttaH	udAttaH	True
8935	udAtta	ttam	udAttam	True
8942	udAra	ram	udAram	True
8942	udAra	raH	udAraH	True
8944	udAraTi	TiH	udAraTiH	True
8946	udAvartaH	rtA	udAvartA	True
8949	udAsa	saH	udAsaH	True
8949	udAsa	sin	udAsin	True
8951	udAsIna	naH	udAsInaH	True
8952	udAsTita	taH	udAsTitaH	True
8960	udaya	yaH	udayaH	True
8961	udayanam	naH	udayanaH	True
8962	udayanIya	yA	udayanIyA	True
8964	udita	tam	uditam	True
8971	udIpa	paH	udIpaH	True
8974	udIrRa	rRaH	udIrRaH	True
8977	udumbala	laH	udumbalaH	True
8983	udejaya	yA	udejayA	True
8988	udgata	tA	udgatA	True
8992	udgamanIya	yam	udgamanIyam	True
8994	udgAQa	Qam	udgAQam	True
9001	udgArin	riH	udgAriH	False
9012	udgranTa	TaH	udgranTaH	True
9029	udGAwana	nam	udGAwanam	True
9038	udGuzwa	zwam	udGuzwam	True
9045	uddaRqa	RqaH	uddaRqaH	True
9052	uddAma	maH	uddAmaH	True
9052	uddAma	mam	uddAmam	True
9054	uddalana	naH	uddalanaH	True
9056	uddAlakaH	kam	uddAlakam	True
9063	uddeSaka	kaH	uddeSakaH	True
9065	uddeSya	Syam	uddeSyam	True
9069	uddIpaH	pam	uddIpam	True
9070	uddIpaka	kaH	uddIpakaH	True
9070	uddIpaka	kA	uddIpakA	False
9073	uddIpra	praH	uddIpraH	True
9073	uddIpra	pram	uddIpram	True
9080	uddyota	taH	uddyotaH	True
9082	uddrAva	vaH	uddrAvaH	True
9084	udData	taH	udDataH	True
9088	udDarza	rzaH	udDarzaH	True
9089	udDarzaRa	Ram	udDarzaRam	True
9095	udDAna	nam	udDAnam	True
9098	udDAnta	taH	udDAntaH	True
9101	udDUta	tam	udDUtam	True
9112	udDAraH	rA	udDArA	True
9112	udDAraH	ram	udDAram	True
9118	udDama	maH	udDamaH	True
9124	udbanDa	nDaH	udbanDaH	True
9124	udbanDa	nDanam	udbanDanam	True
9124	udbanDa	nDanI	udbanDanI	False
9134	udboDaka	kaH	udboDakaH	True
9137	udBawa	waH	udBawaH	True
9137	udBawa	tvam	udBawatvam	True
9144	udBida	dam	udBidam	True
9157	udBrAnta	ntam	udBrAntam	True
9161	udyata	taH	udyataH	True
9184	udraH	dram	udram	True
9192	udrekaH	kA	udrekA	True
9213	udvasa	sam	udvasam	True
9216	udvaha	haH	udvahaH	True
9216	udvaha	hA	udvahA	True
9219	udvAhana	nam	udvAhanam	True
9219	udvAhana	nI	udvAhanI	True
9222	udvAhin	nI	udvAhinI	True
9226	udvAna	nam	udvAnam	True
9231	udvigna	dfS	udvignadfS	True
9232	udvega	gaH	udvegaH	True
9232	udvega	gam	udvegam	True
9234	udvejana	nam	udvejanam	True
9243	udvarta	rtaH	udvartaH	True
9244	udvartaka	kaH	udvartakaH	True
9247	udvftta	ttaH	udvfttaH	True
9247	udvftta	ttam	udvfttam	True
9254	udvela	laH	udvelaH	True
9256	udvellita	tam	udvellitam	True
9257	udvezwa	zwaH	udvezwaH	True
9258	udvezwana	nam	udvezwanam	True
9272	unnata	taH	unnataH	True
9272	unnata	tam	unnatam	True
9285	unnAhaH	ham	unnAham	True
9286	unnABa	BaH	unnABaH	True
9292	unnayana	nam	unnayanam	True
9298	unmajjaka	kaH	unmajjakaH	True
9299	unmajjanam	naH	unmajjanaH	True
9303	unmaTana	nam	unmaTanam	True
9305	unmanTaka	kaH	unmanTakaH	True
9307	unmATa	TaH	unmATaH	True
9310	unmatta	ttaH	unmattaH	True
9312	unmada	daH	unmadaH	True
9315	unmAda	daH	unmAdaH	True
9317	unmAdana	naH	unmAdanaH	True
9333	unmeya	yam	unmeyam	True
9334	unmArga	rgaH	unmArgaH	True
9334	unmArga	rgam	unmArgam	True
9339	unmiza	zaH	unmizaH	True
9340	unmizita	tam	unmizitam	True
9345	unmIlita	tam	unmIlitam	True
9365	upakakza	kzam	upakakzam	True
9366	upakaRWa	RWaH	upakaRWaH	True
9366	upakaRWa	RWam	upakaRWam	True
9381	upakumBa	Bam	upakumBam	True
9385	upakUjita	tam	upakUjitam	True
9386	upakUpam	paH	upakUpaH	True
9392	upakAraH	rI	upakArI	True
9396	upakArya	ryA	upakAryA	True
9397	upakurvARa	RaH	upakurvARaH	True
9398	upakfta	tam	upakftam	True
9414	upakramaRIya	yam	upakramaRIyam	True
9425	upakzaya	yaH	upakzayaH	True
9425	upakzaya	yam	upakzayam	True
9434	upagaRa	RaH	upagaRaH	True
9438	upagata	tam	upagatam	True
9445	upagiri	riH	upagiriH	True
9446	upagu	guH	upaguH	True
9448	upaguruH	ru	upaguru	True
9450	upagUQa	Qam	upagUQam	True
9452	upagohya	hyaH	upagohyaH	True
9468	upagrAhya	hyaH	upagrAhyaH	True
9480	upacara	raH	upacaraH	True
9482	upacarya	ryA	upacaryA	True
9486	upacArya	ryaH	upacAryaH	True
9486	upacArya	ryam	upacAryam	True
9508	upajanaH	nam	upajanam	True
9510	upajAta	˚Keda	upajAtaKeda	True
9522	upajIka	kaH	upajIkaH	True
9524	upajIva	vA	upajIvA	True
9525	upajIvaka	kam	upajIvakam	True
9527	upajIvya	vyaH	upajIvyaH	True
9527	upajIvya	vyam	upajIvyam	True
9529	upajozaH	zam	upajozam	True
9538	upatawaH	wam	upatawam	True
9557	upadaMSaH	nam	upadaMSanam	False
9564	upadA	dA	upadA	True
9574	upadizwa	zwam	upadizwam	True
9576	upadeSaka	kaH	upadeSakaH	True
9578	upadeSanam	nA	upadeSanA	True
9585	upadarSaka	kaH	upadarSakaH	True
9596	upadruta	tam	upadrutam	True
9602	upaDAna	nam	upaDAnam	True
9602	upaDAna	nI	upaDAnI	True
9604	upaDAnIya	yam	upaDAnIyam	True
9612	upaDAvanaH	nam	upaDAvanam	True
9614	upaDUpita	taH	upaDUpitaH	True
9614	upaDUpita	tA, upaDUmitA	upaDUpitA	True
9620	upaDmAnaH	nam	upaDmAnam	True
9673	upanAyaka	kaH	upanAyakaH	True
9675	upanIta	taH	upanItaH	True
9684	upanyasta	stam	upanyastam	True
9697	upapAduka	kaH	upapAdukaH	True
9700	upaparcana	nam	upaparcanam	True
9712	upapuram	rI	upapurI	True
9728	upapluta	tA	upaplutA	True
9736	upabdaH	upadbiH	upadbiH	False
9744	upaBogya	gyam	upaBogyam	True
9765	upameya	yam	upameyam	True
9766	upamAtiH	tiH	upamAtiH	True
9769	upamAda	daH	upamAdaH	True
9771	upamAsya	syam	upamAsyam	True
9775	upamardaka	kaH	upamardakaH	True
9786	upayamanam	nI	upayamanI	True
9789	upayAta	tam	upayAtam	True
9795	upayAcita	tam	upayAcitam	True
9799	upayukta	ktaH	upayuktaH	True
9805	upara	raH	uparaH	True
9808	uparakta	ktaH	uparaktaH	True
9830	uparudDa	dDaH	uparudDaH	True
9832	uparoDaka	kam	uparoDakam	True
9836	upalaH	lA	upalA	True
9842	upalakzya	kzyaH	upalakzyaH	True
9886	upavAsa	saH	upavAsaH	True
9887	upavAsaka	kam	upavAsakam	True
9890	upozita	tam	upozitam	True
9892	upoQa	QA	upoQA	True
9907	upavizwa	ka	upavizwaka	True
9912	upavizaH	zA	upavizA	True
9940	upaSalyam	lyaH	upaSalyaH	True
9944	upaSAlam	lam	upaSAlam	True
9950	upaSaya	yaH	upaSayaH	True
9950	upaSaya	yA	upaSayA	True
9950	upaSaya	sTa	upaSayasTa	True
9969	upaSvasa	saH	upaSvasaH	True
10001	upasada	daH	upasadaH	True
10017	upasaMpanna	nnam	upasaMpannam	True
10026	upasUryakam	kaH	upasUryakaH	True
10028	upasara	raH	upasaraH	True
10035	upasfzwa	zwaH	upasfzwaH	True
10035	upasfzwa	zwam	upasfzwam	True
10041	upasecana	nam, upasekaH	upasecanam	True
10041	upasecana	nI	upasecanI	True
10056	upastamBaka	tA	upastamBakatA	False
10068	upasTa	sTaH	upasTaH	True
10068	upasTa	sTaH	upasTaH	True
10068	upasTa	sTam	upasTam	True
10073	upasTApanam	nA	upasTApanA	True
10076	upasTita	taH	upasTitaH	True
10076	upasTita	tam	upasTitam	True
10078	upasnehaH	tA	upasnehatA	False
10099	upahasita	tam	upahasitam	True
10101	upahAsaka	kaH	upahAsakaH	True
10101	upahAsaka	kam	upahAsakam	True
10115	upahvaraH	raH	upahvaraH	True
10122	upAMSu	SuH	upAMSuH	True
10122	upAMSu	tvam	upAMSutvam	True
10123	upAka	ke	upAke	True
10127	upAkfta	taH	upAkftaH	True
10127	upAkfta	tam	upAkftam	True
10140	upANgaH	gam	upANgam	True
10142	upAcarita	taH	upAcaritaH	True
10149	upAtta	ttaH	upAttaH	True
10152	upAdikaH	kA	upAdikA	True
10156	upAhita	taH	upAhitaH	True
10157	upADyAyaH	yA	upADyAyA	True
10157	upADyAyaH	yI	upADyAyI	True
10163	upAnta	taH	upAntaH	True
10164	upAntika	kam	upAntikam	True
10166	upAntya	tyaH	upAntyaH	True
10166	upAntya	ntyam	upAntyam	True
10170	upAyAta	tam	upAyAtam	True
10194	upAvftta	ttaH	upAvfttaH	True
10208	upAsya	tA	upAsyatA	False
10208	upAsya	tvam	upAsyatvam	False
10226	upeya	yaH	upeyaH	True
10239	upottama	mam	upottamam	True
10240	upodaka	kaH	upodakaH	True
10240	upodaka	kam	upodakam	True
10240	upodaka	kI	upodakI	True
10240	upodaka	dikA	upodikA	True
10240	upodaka	dIkA	upodIkA	True
10270	ura	raH	uraH	True
10271	uragaH	gA	uragA	True
10271	uragaH	gI	uragI	True
10273	uraRaH	RI	uraRI	False
10286	urasya	syaH	urasyaH	True
10327	ulapya	pyaH	ulapyaH	True
10333	ulUkaH	kam	ulUkam	True
10333	ulUkaH	jit	ulUkajit	True
10333	ulUkaH	yAtuH	ulUkayAtuH	True
10334	ulUKalaH	lam	ulUKalam	True
10347	ulbaRa	RaH	ulbaRaH	True
10347	ulbaRa	Ram	ulbaRam	True
10365	ullAsana	nam	ullAsanam	True
10365	ullAsana	nA	ullAsanA	True
10368	ullAGa	GaH	ullAGaH	True
10372	ullApika	kaH	ullApikaH	True
10388	ullola	laH	ullolaH	True
10402	uSIraH	rI	uSIrI	True
10405	uza	zaH	uzaH	True
10406	uzaRam	RA	uzaRA	True
10408	uzita	tam	uzitam	True
10409	uzRa	zRaH	uzRaH	True
10409	uzRa	zRam	uzRam	True
10409	uzRa	zRaH	uzRaH	True
10409	uzRa	zRA	uzRA	True
10410	uzRaka	kaH	uzRakaH	True
10419	uzas	sI	uzasI	True
10426	uzwraH	zwrI	uzwrI	True
10433	usra	sraH	usraH	True
10433	usra	srA	usrA	True
10435	usrikaH	kA	usrikA	False
10436	usriya	yaH	usriyaH	True
10436	usriya	yA	usriyA	True
10458	Uma	maH	UmaH	True
10468	UrjaH	rjA	UrjA	True
10468	UrjaH	rjam	Urjam	True
10474	Urjasvin	nI	UrjasvinI	True
10475	Urjita	tam	Urjitam	True
10479	UrRAyu	yuH	UrRAyuH	True
10482	Urdaram	raH	UrdaraH	True
10483	UrDva	rDvam	UrDvam	True
10483	UrDva	rDvam	UrDvam	True
10490	Urmya	rmyA	UrmyA	True
10491	Urva	rvaH	UrvaH	True
10492	Urvya	rvyaH	UrvyaH	True
10499	UzaH	zI	UzI	True
10501	UzaRaH	Ram	UzaRam	True
10501	UzaRaH	RA	UzaRA	True
10502	Uzara	raH	UzaraH	True
10502	Uzara	ram	Uzaram	True
10506	Uzma	zmaH	UzmaH	True
10513	Uha	haH	UhaH	True
10517	Uhin	nI	UhinI	True
10519	f	fH	fH	True
10525	fkzaH	kzaH	fkzaH	True
10525	fkzaH	kzam	fkzam	True
10525	fkzaH	kzAH	fkkzAH	False
10525	fkzaH	kzA	fkzA	True
10525	fkzaH	kzI	fkzI	True
10527	fkzIka	kA	fkzIkA	True
10528	fkzaraH	rA	fkzarA	False
10528	fkzaraH	ram	fkzaram	True
10539	fcIzaH	zam	fcIzam	True
10546	fjIka	kaH	fjIkaH	True
10546	fjIka	kam	fjIkam	True
10548	fjIza	zam	fjIzam	True
10561	fYjasAna	naH	fYjasAnaH	True
10563	fRa	Ram	fRam	True
10568	fta	tam	ftam	True
10568	fta	taH	ftaH	True
10568	fta	tam	ftam	True
10569	ftaMBaraH	rA	ftaMBarA	True
10583	ftumat	tI	ftumatI	True
10591	fdDa	dDaH	fdDaH	True
10591	fdDa	dDam	fdDam	True
10599	fBu	BuH	fBuH	True
10608	fSya	SyaH	fSyaH	True
10608	fSya	Syam	fSyam	True
10610	fzaBaH	BAH	fzaBAH	True
10610	fzaBaH	BI	fzaBI	True
10619	fzu	zuH	fzuH	True
10622	fzyaH	zyam	fzyam	True
10624	fzva	zvaH	fzvaH	True
10632	eka	kaH	ekaH	True
10632	eka	kA	ekA	True
10634	ekaka	Satam	ekakaSatam	True
10637	ekatas	dat	ekatodat	True
10646	ekAdaSa	SI	ekAdaSI	True
10646	ekAdaSa	Sam	ekAdaSam	True
10666	eqa	qaH	eqaH	True
10667	eqakaH	kA	eqakA	True
10671	eta	taH	etaH	True
10671	eta	tA	etA	True
10673	etagva	gvaH	etagvaH	True
10674	etaSa	SaH	etaSaH	True
10689	eDatu	tuH	eDatuH	True
10698	ema	maH, eman	emaH	True
10699	erakA	kam	erakam	True
10701	eraRqaH	RqA	eraRqA	True
10713	eva	vaH	evaH	True
10716	evAvada	daH	evAvadaH	True
10718	eza	zaH	ezaH	True
10718	eza	zA	ezA	True
10719	ezaRa	RaH	ezaRaH	True
10719	ezaRa	Ram	ezaRam	True
10719	ezaRa	RA	ezaRA	True
10719	ezaRa	RI	ezaRI	True
10726	ezwavya	vyam	ezwavyam	True
10741	Ekapadika	kam	Ekapadikam	True
10758	EkAntika	ke	EkAntike	False
10764	Ekzava	vam	Ekzavam	True
10766	Ekzuka	kaH	EkzukaH	True
10768	EkzvAka	kaH	EkzvAkaH	True
10768	EkzvAka	kuH	EkzvAkuH	True
10769	ENguda	dam	ENgudam	True
10771	Eqa	qaH	EqaH	True
10772	Eqaka	kaH	EqakaH	True
10777	EReya	yaH	EReyaH	True
10777	EReya	yam	EReyam	True
10779	Etareya	yaH	EtareyaH	True
10779	Etareya	yam	Etareyam	True
10782	EtihAsika	kaH	EtihAsikaH	True
10788	Endava	vaH	EndavaH	True
10788	Endava	vI	EndavI	True
10788	Endava	vam	Endavam	True
10790	Endra	ndraH	EndraH	True
10790	Endra	ndrI	EndrI	True
10790	Endra	ndram	Endram	True
10791	EndrajAlika	kaH	EndrajAlikaH	True
10797	Endriya	yam	Endriyam	True
10799	EnDana	naH	EnDanaH	True
10800	Enya	nyaH	EnyaH	True
10802	EBi	BI	EBI	True
10806	ErAvataH	tam	ErAvatam	True
10806	ErAvataH	tI	ErAvatI	True
10810	ElaH	lam	Elam	True
10817	ESAna	nI	ESAnI	True
10818	ESya	Syam	ESyam	True
10819	ESvara	ram	ESvaram	True
10819	ESvara	rI	ESvarI	True
10829	Ehika	kam	Ehikam	True
10834	okya	kyam	okyam	True
10837	okulaH	lI	okulI	False
10844	oja	jam	ojam	True
10855	oqraH	qraH	oqraH	True
10855	oqraH	qram	oqram	True
10857	oRi	RI	oRRI	False
10861	odanaH	nI	odanI	True
10869	oman	nA	omanA	False
10875	ola	laH	olaH	True
10878	olla	llaH	ollaH	True
10880	ozaRaH	RI	ozaRI	True
10884	ozWaH	zWI	ozWI	True
10885	ozWaka	kaH	ozWakaH	True
10903	Ojasika	kaH	OjasikaH	True
10904	Ojasya	syam	Ojasyam	True
10907	Oqava	vaH	OqavaH	True
10907	Oqava	vA	OqavA	True
10909	Oqupika	kaH	OqupikaH	True
10925	Otpattika	kam	Otpattikam	True
10927	OtpAtika	kam	OtpAtikam	True
10935	Odaka	kA	OdakA	True
10942	Odarya	ryaH	OdaryaH	True
10943	OdaSvita	tam	OdaSvitam	True
10949	Odumbara	raH	OdumbaraH	True
10949	Odumbara	rI	OdumbarI	True
10949	Odumbara	ram	Odumbaram	True
10956	OdDArika	kam	OdDArikam	True
10958	OdBijja	jjam	OdBijjam	True
10959	OdBida	dam	OdBidam	True
10962	OdvAhika	kam	OdvAhikam	True
10972	OpacArika	kam	OpacArikam	True
10979	OpaDika	kaH	OpaDikaH	True
10980	OpaDeya	yam	OpaDeyam	True
10984	OpaniDika	kam	OpaniDikam	True
10987	Opanizada	daH	OpanizadaH	True
10992	OpapAtika	kam	OpapAtikam	True
10998	Opayika	kaH	OpayikaH	True
10998	Opayika	kam	Opayikam	True
11001	Oparizwa	kam	Oparizwakam	True
11003	OparoDika	kaH	OparoDikaH	True
11010	OpavAhya	hyaH	OpavAhyaH	True
11019	Opasargika	kaH	OpasargikaH	True
11025	OpahArika	kam	OpahArikam	True
11030	OpAsana	naH	OpAsanaH	True
11036	Oraga	gam	Oragam	True
11037	OraBra	Bram	OraBram	True
11039	OraBrika	kaH	OraBrikaH	True
11040	Orasa	saH	OrasaH	True
11040	Orasa	sI	OrasI	True
11047	OrDvadehika	kam	OrDvadehikam	True
11049	Orva	rvaH	OrvaH	True
11049	Orva	rvam	Orvam	True
11058	OSana	sam	OSanasam	True
11058	OSana	sAH	OSanasAH	False
11058	OSana	sI	OSanasI	True
11060	OSInaraH	rI	OSInarI	True
11064	OzaDa	Dam	OzaDam	True
11065	OzaDiH	paYcaprakArAH	OzaDipaYcaprakArAH	False
11065	OzaDiH	pratiniDiH	OzaDipratiniDiH	False
11069	Ozasa	sI	OzasI	True
11072	Ozwra	zwram	Ozwram	True
11073	Ozwraka	kam	Ozwrakam	True
11075	Ozwrika	kaH	OzwrikaH	True
11080	kaH	kam	kam	True
11086	kaMsaH	saH	kaMsaH	True
11086	kaMsaH	sA	kaMsA	True
11090	kaMsIya	yam	kaMsIyam	True
11102	kakudmat	tI	kakudmatI	True
11107	kakuBa	BaH	kakuBaH	True
11107	kakuBa	BA	kakuBA	True
11107	kakuBa	Bam	kakuBam	True
11108	kakuha	haH	kakuhaH	True
11113	kakkolaH	lam	kakkolam	True
11113	kakkolaH	lakam	kakkolakam	True
11117	kakzaH	kzA	kakzA	True
11117	kakzaH	kzam	kakzam	True
11121	kakzya	kzyA	kakzyA	True
11121	kakzya	kzyam	kakzyam	True
11126	kaNkaH	NkA	kaNkA	True
11129	kaNkaRaH	RaH	kaNkaRaH	True
11129	kaNkaRaH	RI, kaNkaRIkA	kaNkaRI	True
11131	kaNkataH	taH	kaNkataH	True
11132	kaNkara	ram	kaNkaram	True
11135	kaNkAlaH	laH	kaNkAlaH	True
11149	kacaH	cA	kacA	True
11153	kacAku	kuH	kacAkuH	True
11158	kaccara	ram	kaccaram	True
11166	kacCura	rA	kacCurA	True
11172	kajjalam	lA(lI)	kajjalA	False
11172	kajjalam	lI	kajjalI	True
11188	kaYjaH	Yjam	kaYjam	True
11197	kawaH	wI	kawI	True
11197	kawaH	wam	kawam	True
11198	kawaMBara	rA	kawaMBarA	True
11205	kawakawa	waH	kawakawaH	True
11219	kawiH	wI	kawI	True
11225	kawIraH	ram	kawIram	True
11227	kawu	wuH	kawuH	True
11227	kawu	wuH	kawuH	True
11227	kawu	wu	kawu	True
11228	kawuka	kaH	kawukaH	True
11228	kawuka	kA	kawukA	True
11228	kawuka	kI	kawukI	True
11228	kawuka	kam	kawukam	True
11235	kawola	laH	kawolaH	True
11241	kawvara	ram	kawvaram	True
11243	kaWaH	WAH	kaWAH	False
11243	kaWaH	WI	kaWI	True
11251	kaWina	naH	kaWinaH	True
11251	kaWina	nA	kaWinA	True
11251	kaWina	nI	kaWinI	True
11251	kaWina	nam	kaWinam	True
11257	kaWera	raH	kaWeraH	True
11268	kaqaNgarIya	yaH	kaqaNgarIyaH	True
11274	kaqAra	raH	kaqAraH	True
11281	kaRaH	RA	kaRA	True
11281	kaRaH	RI	kaRI	True
11283	kaRikaH	kA	kaRikA	True
11293	kaReraH	rA	kaRerA	True
11293	kaReraH	ruH	kaReruH	True
11296	kaRwakaH	kaH	kaRwakaH	True
11296	kaRwakaH	kI	kaRwakI	True
11296	kaRwakaH	PalaH	kaRwakaPalaH	True
11297	kaRwakAraH	rI	kaRwakArI	True
11318	kaRWAlaH	lA	kaRWAlA	True
11319	kaRWIlaH	laH	kaRWIlaH	True
11319	kaRWIlaH	lA	kaRWIlA	False
11321	kaRqanam	nI	kaRqanI	True
11328	kaRqura	raH	kaRquraH	True
11332	kaRqUyana	nam	kaRqUyanam	True
11332	kaRqUyana	nI	kaRqUyanI	True
11332	kaRqUyana	kaH	kaRqUyanakaH	True
11337	kaRqUla	laH	kaRqUlaH	True
11339	kaRqolaH	lI	kaRqolI	True
11342	kaRva	RvaH	kaRvaH	True
11342	kaRva	Rvam	kaRvam	True
11345	kataH	tam	katam	True
11345	kataH	takam	katakam	True
11360	katTana	nam	katTanam	True
11360	katTana	nA	katTanA	True
11361	katpaya	yam	katpayam	True
11365	kaTaka	kaH	kaTakaH	True
11367	kaTana	nam	kaTanam	True
11375	kaTita	taH	kaTitaH	True
11375	kaTita	tam	kaTitam	True
11383	kada	daH	kadaH	True
11386	kadambaH	mbI	kadambI	True
11386	kadambaH	mbam	kadambam	True
11386	kadambaH	kam	kadambakam	True
11388	kadaraH	raH	kadaraH	True
11388	kadaraH	ram	kadaram	True
11388	kadaraH	ram	kadaram	True
11389	kadalaH	lA	kadalA	True
11389	kadalaH	lI	kadalI	True
11394	kadru	druH	kadruH	True
11394	kadru	druH	kadruH	True
11394	kadru	drUH	kadrUH	True
11399	kanakam	kaH	kanakaH	True
11409	kanizWa	zWaH	kanizWaH	True
11409	kanizWa	zWA	kanizWA	True
11410	kanizWaka	zWikA	kanizWikA	True
11410	kanizWaka	kam	kanizWakam	True
11413	kanIna	nI	kanInI	True
11414	kanInakaH	kA	kanInakA	True
11414	kanInakaH	nikA	kanInikA	True
11414	kanInakaH	nikam	kanInikam	True
11416	kanIyasa	sam	kanIyasam	True
11421	kantu	tuH	kantuH	True
11424	kandaH	daH	kandaH	True
11428	kandaraH	raH	kandaraH	True
11428	kandaraH	rA	kandarA	True
11428	kandaraH	rIM	kandarIM	False
11428	kandaraH	ram	kandaram	True
11431	kandalaH	laH	kandalaH	True
11431	kandalaH	lam	kandalam	True
11436	kandukaH	kam	kandukam	True
11437	kandowaH	wam	kandowam	True
11440	kanDaraH	rA	kanDarA	True
11448	kanyasaH	sA	kanyasA	True
11448	kanyasaH	sI	kanyasI	True
11452	kanyAmaya	yam	kanyAmayam	True
11456	kapawaH	wI	kapawI	True
11459	kapanaH	naH	kapanaH	True
11459	kapanaH	nA	kapanA	True
11466	kapAlaH	lam	kapAlam	True
11466	kapAlaH	lI	kapAlI	True
11469	kapAlin	nI	kapAlinI	True
11470	kapiH	piH	kapiH	True
11472	kapitTaH	tTam	kapitTam	True
11473	kapila	laH	kapilaH	True
11473	kapila	lA	kapilA	True
11474	kapiSa	SaH	kapiSaH	True
11474	kapiSa	SA	kapiSA	True
11474	kapiSa	SA	kapiSA	True
11474	kapiSa	SI	kapiSI	True
11474	kapiSa	Sam	kapiSam	True
11482	kapotakaH	kam	kapotakam	True
11485	kapolaH	lI	kapolI	True
11493	kabanDaH	nDaH	kabanDaH	True
11495	kabara	rI	kabarI	True
11498	kabila	laH	kabilaH	True
11502	kamana	naH	kamanaH	True
11508	kamaWaH	WI	kamaWI	True
11510	kamala	laH	kamalaH	True
11510	kamala	lI	kamalI	True
11510	kamala	lam	kamalam	True
11516	kampaH	pA	kampA	True
11517	kampana	naH	kampanaH	True
11517	kampana	nam	kampanam	True
11520	kampita	tam	kampitam	True
11523	kambara	raH	kambaraH	True
11524	kambalaH	lam	kambalam	True
11529	kambu	mbuH	kambuH	True
11529	kambu	mbu	kambu	True
11529	kambu	mbuH	kambuH	True
11537	kara	raH	karaH	True
11538	karakaH	kaH	karakaH	True
11538	karakaH	kaH	karakaH	True
11538	karakaH	kA	karakA	True
11538	karakaH	kam	karakam	True
11542	karawaH	wam	karawam	True
11542	karawaH	wA	karawA	True
11542	karawaH	muKam	karawamuKam	False
11546	karaRa	RaH	karaRaH	True
11546	karaRa	Ram	karaRam	True
11546	karaRa	RI	karaRI	True
11546	karaRa	sutA	karaRasutA	False
11552	karaBaH	BI	karaBI	True
11560	karamBaH	mBA	karamBA	True
11560	karamBaH	vAlukA	karamBavAlukA	True
11562	karahAwaH	kaH	karahAwakaH	True
11565	karAla	laH	karAlaH	True
11565	karAla	lA	karAlA	True
11565	karAla	lI	karAlI	True
11565	karAla	lam	karAlam	True
11566	karAlikaH	kA	karAlikA	True
11572	karIraH	rA	karIrA	True
11572	karIraH	rI	karIrI	True
11579	karuRa	RaH	karuRaH	True
11579	karuRa	Ram	karuRam	True
11585	kareRuH	RuH	kareRuH	True
11585	kareRuH	RUH	kareRUH	True
11586	kareRukam	kA	kareRukA	True
11591	karka	rkaH	karkaH	True
11591	karka	rkA	karkA	True
11592	karkawaH	wI	karkawI	True
11593	karkawakaH	kI	karkawakI	True
11593	karkawakaH	kam	karkawakam	True
11598	karkaraH	raH	karkaraH	True
11604	karkaSa	SaH	karkaSaH	True
11611	karcUraH	ram	karcUram	True
11615	karRa	rRaH	karRaH	True
11620	karRika	kaH	karRikaH	True
11620	karRika	kA	karRikA	True
11625	karRAwaH	wI	karRAwI	True
11626	karRikAraH	ram	karRikAram	True
11632	karta	rtaH	kartaH	True
11634	kartana	nam	kartanam	True
11640	kartavya	vyam, kartavyatA	kartavyam	True
11645	kartva	tvam	kartvam	True
11647	kardanam	nI	kardanI	True
11649	kardamaH	mam	kardamam	True
11655	karparaH	ram	karparam	True
11664	karbura	raH	karburaH	True
11664	karbura	rA	karburA	True
11664	karbura	rI	karburI	True
11664	karbura	ram	karburam	True
11666	karbUra	raH	karbUraH	True
11666	karbUra	rA	karbUrA	True
11666	karbUra	ram	karbUram	True
11668	karmaWa	WaH	karmaWaH	True
11669	karmaRya	RyA	karmaRyA	True
11669	karmaRya	Ryam	karmaRyam	True
11678	karvawaH	wam	karvawam	True
11681	karvara	raH	karvaraH	True
11681	karvara	rI	karvarI	True
11681	karvara	ram	karvaram	True
11682	karSana	naH	karSanaH	True
11683	karzaH	rzaH	karzaH	True
11683	karzaH	rzam	karzam	True
11684	karzaka	kaH	karzakaH	True
11685	karzaRa	Ram	karzaRam	True
11688	karzin	RI	karziRI	True
11693	kala	lA	kalA	True
11693	kala	lam	kalam	True
11696	kalana	naH	kalanaH	True
11696	kalana	nam	kalanam	True
11696	kalana	nA	kalanA	True
11702	kalaYjaH	Yjam	kalaYjam	True
11728	kalApaH	pI	kalApI	True
11729	kalApakam	kaH	kalApakaH	True
11742	kaliNga	gAH	kaliNgAH	True
11742	kaliNga	NgaH	kaliNgaH	True
11742	kaliNga	NgA	kaliNgA	True
11742	kaliNga	Ngam	kaliNgam	True
11743	kaliYjaH	Yjam	kaliYjam	True
11746	kalila	lam	kalilam	True
11747	kalukkaH	kkA	kalukkA	True
11748	kaluza	zaH	kaluzaH	True
11748	kaluza	zam	kaluzam	True
11752	kalka	lkaH	kalkaH	True
11752	kalka	lkam	kalkam	True
11756	kalpa	lpaH	kalpaH	True
11756	kalpa	lpA	kalpA	True
11756	kalpa	lpam	kalpam	True
11758	kalpanam	nA	kalpanA	True
11762	kalpita	taH	kalpitaH	True
11766	kalmaza	zaH	kalmazaH	True
11766	kalmaza	zam	kalmazam	True
11766	kalmaza	zaH	kalmazaH	True
11767	kalmAza	zaH	kalmAzaH	True
11767	kalmAza	zI	kalmAzI	True
11767	kalmAza	zam	kalmAzam	True
11769	kalya	lyam	kalyam	True
11769	kalya	lyaH	kalyaH	True
11771	kalyARa	Ram	kalyARam	True
11771	kalyARa	RaH	kalyARaH	True
11771	kalyARa	RI	kalyARI	True
11772	kalyARaka	RikA	kalyARikA	True
11777	kallola	laH	kallolaH	True
11782	kavakaH	kam	kavakam	True
11789	kavara	raH	kavaraH	True
11789	kavara	ram	kavaram	True
11789	kavara	raH	kavaraH	True
11789	kavara	rA	kavarA	True
11789	kavara	rI	kavarI	True
11796	kavaza	zaH	kavazaH	True
11801	kavi	viH	kaviH	True
11808	kavyam	vyaH	kavyaH	True
11810	kaSaH	SA	kaSA	True
11811	kaSya	Syam	kaSyam	True
11814	kaSipu	puH	kaSipuH	True
11815	kaSeru	ruH	kaSeruH	True
11816	kaSerukaH	kA	kaSerukA	True
11817	kaSmala	lam	kaSmalam	True
11819	kaSyapaH	paH	kaSyapaH	True
11821	kaza	zaH	kazaH	True
11822	kazaRa	Ram	kazaRam	True
11829	kazAya	yaH	kazAyaH	True
11829	kazAya	yam	kazAyam	True
11829	kazAya	yaH	kazAyaH	True
11836	kazwa	zwam	kazwam	True
11836	kazwa	zwam	kazwam	True
11858	kAMsya	syam	kAMsyam	True
11858	kAMsya	syaH	kAMsyaH	True
11858	kAMsya	syam	kAMsyam	True
11859	kAMsyakam	koSI	kAMsyakakoSI	False
11860	kAkaH	kA	kAkA	True
11860	kAkaH	kI	kAkI	True
11860	kAkaH	kAkI	kAkI	True
11860	kAkaH	kam	kAkam	True
11863	kAkaruka	kaH	kAkarukaH	True
11864	kAkalaH	lam	kAkalam	True
11865	kAkalakaH	kaH	kAkalakaH	True
11878	kAkolaH	lI	kAkolI	True
11879	kAkzaH	kzam	kAkzam	True
11885	kANkzita	tA	kANkzitA	True
11885	kANkzita	tam	kANkzitam	True
11888	kAcaH	cam	kAcam	True
11902	kAYcana	nam	kAYcanam	True
11902	kAYcana	naH	kAYcanaH	True
11902	kAYcana	nI	kAYcanI	True
11903	kAYcanakaH	kam	kAYcanakam	True
11906	kAYcanIya	yA	kAYcanIyA	True
11915	kARa	RaH	kARaH	True
11919	kARqaH	RqI	kARqI	True
11928	kARvaH	RvAH	kARRvAH	False
11931	kAtara	raH	kAtaraH	True
11935	kAtIya	yaH	kAtIyaH	True
11938	kAtyAyanIya	yaH	kAtyAyanIyaH	True
11942	kAdambaH	mbam	kAdambam	True
11945	kAdambaram	rI	kAdambarI	True
11950	kAnaka	kam	kAnakam	True
11957	kAnta	taH	kAntaH	True
11957	kAnta	tam	kAntam	True
11959	kAntAraH	raH	kAntAraH	True
11959	kAntAraH	rI	kAntArI	True
11959	kAntAraH	ram	kAntAram	True
11969	kApawa	kaH	kApawakaH	False
11971	kApaTaH	Tam	kApaTam	True
11972	kApAla	laH	kApAlaH	True
11972	kApAla	likaH	kapAlikaH	True
11972	kApAla	lam	kApAlam	True
11972	kApAla	lI	kApAlI	True
11976	kApila	laH	kApilaH	True
11981	kApeya	yam	kApeyam	True
11982	kApota	tam	kApotam	True
11982	kApota	taH	kApotaH	True
11989	kAmaH	mA	kAmA	True
11989	kAmaH	mam	kAmam	True
11991	kAmana	nam	kAmanam	True
11991	kAmana	nA	kAmanA	True
11996	kAmala	laH	kAmalaH	True
12001	kAmika	kaH	kAmikaH	True
12002	kAmita	tam	kAmitam	True
12003	kAmin	nI	kAminI	True
12004	kAmuka	kaH	kAmukaH	True
12004	kAmuka	kA	kAmukA	True
12004	kAmuka	kI	kAmukI	True
12005	kAmya	myam	kAmyam	True
12005	kAmya	myA	kAmyA	True
12024	kAyaH	yam	kAyam	True
12024	kAyaH	yaH	kAyaH	True
12025	kAyaka	kA	kAyakA	False
12030	kAra	raH	kAraH	True
12031	kAraka	kam	kArakam	True
12035	kAraRam	RA	kAraRA	True
12043	kArita	tA	kAritA	True
12043	kArita	tam	kAritam	True
12061	kAru	ruH	kAruH	True
12066	kArUzAH	zam	kArUzam	True
12074	kArRa	rRam	kArRam	True
12074	kArRa	rRaH	kArRaH	True
12080	kArtika	kaH	kArtikaH	True
12080	kArtika	kI	kArtikI	True
12090	kArpAsa	saH	kArpAsaH	True
12090	kArpAsa	sam	kArpAsam	True
12090	kArpAsa	sI	kArpAsI	True
12094	kArmaRa	Ram	kArmaRam	True
12094	kArmaRa	karman	kArmaRakarman	False
12096	kArmAntikaH	kam	kArmAntikam	True
12102	kArmuka	kam	kArmukam	True
12103	kArya	ryam	kAryam	True
12111	kArzApaRaH	Ram	kArzApaRam	True
12113	kArzi	rziH	kArziH	True
12117	kArzRa	rzRam	kArzRam	True
12119	kArzRAyasa	sam	kArzRAyasam	True
12123	kAla	laH	kAlaH	True
12123	kAla	lA	kAlA	True
12123	kAla	lI	kAlI	True
12123	kAla	lam	kAlam	True
12124	kAlaka	kaH	kAlakaH	True
12124	kAlaka	kA	kAlakA	True
12124	kAlaka	kam	kAlakam	True
12128	kAlika	kaH	kAlikaH	True
12128	kAlika	kA	kAlikA	True
12128	kAlika	kam	kAlikam	True
12132	kAlaYjaraH	rA	kAlaYjarA	True
12137	kAliNga	NgaH	kAliNgaH	True
12137	kAliNga	NgAH	kAliNNgAH	False
12137	kAliNga	Ngam	kAliNgam	True
12139	kAlinda	ndI	kAlindI	True
12139	kAlinda	ndam	kAlindam	True
12141	kAliya	yaH	kAliyaH	True
12142	kAliyaH	yAH	kAliyAH	False
12149	kAleya	yam	kAleyam	True
12149	kAleya	yAH	kAleyAH	True
12150	kAleyakaH	kam	kAleyakam	True
12150	kAleyakaH	kaH	kAleyakaH	True
12156	kAlya	lyA	kAlyA	True
12156	kAlya	lyam	kAlyam	True
12158	kAvacika	kam	kAvacikam	True
12159	kAvAram	rI	kAvArI	True
12163	kAvya	vyaH	kAvyaH	True
12163	kAvya	vyA	kAvyA	True
12163	kAvya	vyAH	kAvvyAH	False
12163	kAvya	vyam	kAvyam	True
12165	kASaH	Sam	kASam	True
12165	kASaH	SaH	kASaH	True
12170	kASiH	SiH	kASiH	True
12177	kASmIra	rAH	kASmIrAH	True
12177	kASmIra	rAH	kASmIrAH	True
12177	kASmIra	ram	kASmIram	True
12182	kASyapaH	pI	kASyapI	True
12182	kASyapaH	pam	kASyapam	True
12188	kAzAya	yam	kAzAyam	True
12206	kAhala	laH	kAhalaH	True
12206	kAhala	lam	kAhalam	True
12206	kAhala	lam	kAhalam	True
12206	kAhala	lA	kAhalA	True
12206	kAhala	lI	kAhalI	True
12206	kAhala	laH	kAhalaH	True
12206	kAhala	lA	kAhalA	True
12206	kAhala	lam	kAhalam	True
12211	kiMSukaH	kam	kiMSukam	True
12218	kiNkiraH	ram	kiNkiram	True
12218	kiNkiraH	rA	kiNkirA	True
12233	kiRvam	RvaH	kiRvaH	True
12233	kiRvam	Rvam	kiRvam	True
12250	kirAtaH	tAH	kirAtAH	False
12260	kirmIra	raH	kirmIraH	True
12266	kilakilaH	laH	kilakilaH	True
12272	kilAsa	sam	kilAsam	True
12272	kilAsa	sin	kilAsin	True
12277	kilbizam	zaH	kilbizaH	True
12280	kiSoraH	rI	kiSorI	True
12281	kizkinDaH	nDA	kizkinDA	True
12281	kizkinDaH	nDyA	kizkinDyA	True
12282	kizku	zkuH	kizkuH	True
12284	kIkawa	wAH	kIkawAH	True
12284	kIkawa	waH	kIkawaH	True
12285	kIkasa	sam	kIkasam	True
12288	kIja	jaH	kIjaH	True
12290	kIwa	waH	kIwaH	True
12291	kIwaka	kaH	kIwakaH	True
12297	kInASa	SaH	kInASaH	True
12298	kIraH	rAH	kIrAH	True
12298	kIraH	ram	kIram	True
12304	kIrtanam	nA	kIrtanA	True
12311	kIlakaH	kam	kIlakam	True
12313	kIlita	tam	kIlitam	True
12314	kIlAlaH	lam	kIlAlam	True
12316	kISa	SaH	kISaH	True
12330	kukUlaH	lam	kukUlam	True
12331	kukkuwaH	wI	kukkuwI	True
12335	kukkura	ram	kukkuram	True
12343	kucara	raH	kucaraH	True
12347	kujaH	jA	kujA	True
12354	kuYcita	tA	kuYcitA	True
12357	kuYjaraH	rA	kuYjarA	True
12357	kuYjaraH	rI	kuYjarI	True
12361	kuwaH	waH	kuwaH	True
12362	kuwakam	kaH	kuwakaH	True
12365	kuwapaH	pam	kuwapam	True
12372	kuwila	lA	kuwilA	True
12372	kuwila	lam	kuwilam	True
12376	kuwIraH	ram	kuwIram	True
12380	kuwumbam	baH	kuwumbaH	True
12380	kuwumbam	bam	kuwumbam	True
12381	kuwumbikaH	nI	kuwumbinI	True
12384	kuwwa	wwaH	kuwwaH	True
12389	kuwwita	tA	kuwwitA	True
12391	kuwwAraH	ram	kuwwAram	True
12392	kuwwima	maH	kuwwimaH	True
12392	kuwwima	mam	kuwwimam	True
12402	kuWAraH	raH	kuWAraH	True
12419	kuqmala	laH	kuqmalaH	True
12419	kuqmala	m	kuqmalam	True
12421	kuqyam	qyA	kuqyA	True
12424	kuRapa	paH	kuRapaH	True
12424	kuRapa	pam	kuRapam	True
12424	kuRapa	paH	kuRapaH	True
12424	kuRapa	pI	kuRapI	True
12434	kuRqaH	qaH	kuRqaH	True
12434	kuRqaH	RqA	kuRqA	True
12439	kuRqalin	nI	kuRqalinI	True
12446	kuRqira	raH	kuRqiraH	True
12447	kutapaH	pam	kutapam	True
12453	kutupaH	paH	kutupaH	True
12454	kutUhala	lam	kutUhalam	True
12461	kutsanam	nA	kutsanA	True
12462	kutsita	tam	kutsitam	True
12469	kuddAraH	lakam	kuddAlakam	True
12477	kuntalaH	lAH	kuntalAH	True
12484	kundaH	ndam	kundam	True
12484	kundaH	ndaH	kundaH	True
12492	kopana	nam	kopanam	True
12492	kopana	nA	kopanA	True
12493	kopanaka	kaH	kopanakaH	True
12506	kubja	bjaH	kubjaH	True
12506	kubja	bjA	kubjA	True
12514	kumAraH	ram	kumAram	True
12522	kumudaH	dam	kumudam	True
12522	kumudaH	daH	kumudaH	True
12522	kumudaH	dA	kumudA	True
12523	kumudika	kA	kumudikA	True
12525	kumudvat	tI	kumudvatI	True
12529	kumbaH	bA	kumbA	True
12530	kumBaH	BA	kumBA	True
12530	kumBaH	Bam	kumBam	True
12537	kumBIkaH	kA	kumBIkA	True
12553	kuravaH	vam(bam)	kuravam	True
12553	kuravaH	va(ba)kam	kuravakam	True
12557	kuruH	ruH	kuruH	True
12560	kuruRwaH	RwI	kuruRwI	True
12567	kuruvindaH	ndam	kuruvindam	True
12576	kulam	laH	kulaH	True
12576	kulam	lA	kulA	True
12577	kulaka	kaH	kulakaH	True
12577	kulaka	kam	kulakam	True
12583	kulika	kaH	kulikaH	True
12586	kulIna	naH	kulInaH	True
12586	kulIna	nam	kulInam	True
12587	kulya	lyaH	kulyaH	True
12587	kulya	lyam	kulyam	True
12587	kulya	lyA	kulyA	True
12589	kulawaH	wA	kulawA	True
12590	kulatTaH	tTikA	kulatTikA	True
12598	kulAlaH	lI	kulAlI	True
12609	kulInaka	kaH	kulInakaH	True
12616	kulPaH	lPaH	kulPaH	True
12618	kulmAzam	zaH	kulmAzaH	True
12638	kuSaH	SaH	kuSaH	True
12638	kuSaH	SA	kuSA	True
12638	kuSaH	SI	kuSI	True
12638	kuSaH	Sam	kuSam	True
12642	kuSeSayam	yaH	kuSeSayaH	True
12643	kuSala	lam	kuSalam	True
12643	kuSala	laH	kuSalaH	True
12648	kuSika	kaH	kuSikaH	True
12650	kuSIlavaH	vO	kuSIlavO	True
12656	kuzAku	kuH	kuzAkuH	True
12658	kuzIda	dam	kuzIdam	True
12660	kuzWaH	zWA	kuzWA	True
12664	kuzmARqaH	qI	kuzmARqI	True
12669	kusIda	daH	kusIdaH	True
12669	kusIda	dam	kusIdam	True
12673	kusumam	maH	kusumaH	True
12680	kusumBaH	mBam	kusumBam	True
12680	kusumBaH	mBaH	kusumBaH	True
12690	kuhakaH	kam	kuhakam	True
12690	kuhakaH	kA	kuhakA	True
12691	kuhana	naH	kuhanaH	True
12691	kuhana	nA	kuhanA	True
12691	kuhana	nam	kuhanam	True
12693	kuharam	raH	kuharaH	True
12708	kUwa	waH	kUwaH	True
12708	kUwa	wam	kUwam	True
12708	kUwa	waH	kUwaH	True
12709	kUwaka	kam	kUwakam	True
12709	kUwaka	kaH	kUwakaH	True
12721	kUpaH	pI	kUpI	True
12722	kUpakaH	pikA	kUpikA	True
12726	kUbara	raH	kUbaraH	True
12726	kUbara	ram	kUbaram	True
12726	kUbara	raH	kUbaraH	True
12726	kUbara	rI	kUbarI	True
12730	kUrcaH	rcaH	kUrcaH	True
12735	kUrdanam	nI	kUrdanI	True
12739	kUrmaH	rmI	kUrmI	True
12744	kUlakaH	kaH	kUlakaH	True
12748	kUlaMkaza	zaH	kUlaMkazaH	True
12748	kUlaMkaza	zA	kUlaMkazA	True
12754	kUzmARqaH	qI	kUzmARqI	True
12759	kfta	tam	kftam	True
12760	kftaka	kam	kftakam	True
12760	kftaka	kam	kftakam	True
12766	kftnu	tnuH	kftnuH	True
12767	kftya	tyam	kftyam	True
12767	kftya	tyaH	kftyaH	True
12767	kftya	tyA	kftyA	True
12779	kfcCra	cCraH	kfcCraH	True
12779	kfcCra	cCram	kfcCram	True
12779	kfcCra	cCraH	kfcCraH	True
12779	kfcCra	cCram	kfcCram	True
12779	kfcCra	cCram, kfcCret, kfcCrat	kfcCram	True
12790	kftrima	maH, ˚putraH	kftrimaH	True
12790	kftrima	mam	kftrimam	True
12795	kftsam	tsaH	kftsaH	True
12796	kftsna	tsnam	kftsnam	True
12797	kfdaram	raH	kfdaraH	True
12801	kfpaRa	Ram	kfpaRam	True
12801	kfpaRa	RaH	kfpaRaH	True
12806	kfpARakaH	RikA	kfpARikA	True
12812	kfmi	miH	kfmiH	True
12827	kfzaka	kaH	kfzakaH	True
12827	kfzaka	kam	kfzakam	True
12834	kfzRa	zRaH	kfzRaH	True
12834	kfzRa	zRA	kfzRA	True
12834	kfzRa	zRI	kfzRI	True
12834	kfzRa	zRam	kfzRam	True
12836	kfzRalaH	lam	kfzRalam	True
12850	kekayaH	yI	kekayI	True
12851	kekara	ram	kekaram	True
12856	keta	taH	ketaH	True
12857	ketakaH	kam	ketakam	True
12857	ketakaH	kI	ketakI	True
12874	keyUraH	raH	keyUraH	True
12876	keralaH	lI	keralI	True
12882	keliH	liH	keliH	True
12888	kevala	lI	kevalI	True
12888	kevala	lam	kevalam	True
12888	kevala	lI	kevalI	True
12888	kevala	lam	kevalam	True
12892	keSaH	SI	keSI	True
12895	keSava	vaH	keSavaH	True
12900	keSya	SyaH	keSyaH	True
12900	keSya	Syam	keSyam	True
12901	kesaraH	ram	kesaram	True
12905	kesarin	riRI	kesariRI	True
12910	kEkeyaH	yI	kEkeyI	True
12914	kEwaBaH	BA	kEwaBA	True
12914	kEwaBaH	BI	kEwaBI	True
12917	kEtavam	vaH	kEtavaH	True
12919	kEdAra	raH	kEdAraH	True
12919	kEdAra	ram	kEdAram	True
12919	kEdAra	kEdArakam	kEdArakam	True
12919	kEdAra	kEdArikam	kEdArikam	True
12919	kEdAra	kEdArikA	kEdArikA	False
12919	kEdAra	kEdAryam	kEdAryam	True
12925	kEravaH	vam	kEravam	True
12925	kEravaH	vI	kEravI	True
12929	kErAta	taH	kErAtaH	True
12929	kErAta	tam	kErAtam	True
12938	kESika	kaH	kESikaH	True
12938	kESika	kam	kESikam	True
12938	kESika	kI	kESikI	True
12945	kokanadam	dinI	kokanadinI	True
12950	koNkaH	Ram	koNkaRam	True
12953	koca	caH	kocaH	True
12956	kowaka	kaH	kowakaH	True
12975	koTa	TaH	koTaH	True
12976	kodaRqaH	RqaH	kodaRqaH	True
12983	komala	lam	komalam	True
12983	komala	lA	komalA	True
12993	kolaH	lam	kolam	True
13002	koSaH	SI	koSI	True
13010	kozWa	zWaH	kozWaH	True
13010	kozWa	zWam	kozWam	True
13011	kozWakaH	kam	kozWakam	True
13015	kozRa	zRam	kozRam	True
13018	kohala	laH	kohalaH	True
13019	kOkftyam	kOkkuwa	kOkkuwa	True
13029	kOYjara	ram	kOYjaram	True
13030	kOwa	waH	kOwaH	True
13037	kOwilyam	lyaH	kOwilyaH	True
13037	kOwilyam	SAstram	kOwilyaSAstram	True
13040	kOwumba	bam	kOwumbam	True
13041	kOwumbika	kaH	kOwumbikaH	True
13049	kOtukita	tA	kOtukitA	True
13052	kOtsam	tsaH	kOtsaH	True
13059	kOpa	pam	kOpam	True
13064	kOmAra	rI	kOmArI	True
13064	kOmAra	ram	kOmAram	True
13071	kOrava	vaH	kOravaH	True
13075	kOrma	rmaH	kOrmaH	True
13076	kOla	laH	kOlaH	True
13076	kOla	lam	kOlam	True
13077	kOlakeya	yaH	kOlakeyaH	True
13079	kOlaweyaH	yam	kOlaweyam	True
13081	kOlAlaH	lam	kOlAlam	True
13082	kOlAlaka	kam	kOlAlakam	True
13083	kOlika	kaH	kOlikaH	True
13084	kOlIna	naH	kOlInaH	True
13084	kOlIna	nam	kOlInam	True
13088	kOleyaka	kaH	kOleyakaH	True
13089	kOlya	lyam	kOlyam	True
13091	kOvera	rI	kOverI	True
13092	kOSa	Sam	kOSam	True
13100	kOSika	kaH	kOSikaH	True
13100	kOSika	kA	kOSikA	True
13100	kOSika	kI	kOSikI	True
13100	kOSika	kam	kOSikam	True
13104	kOSeya	yam	kOSeyam	True
13106	kOsalya	lyaH	kOsalyaH	True
13106	kOsalya	lyA	kOsalyA	True
13109	kOsuma	mam	kOsumam	True
13110	kOsumBa	BaH	kOsumBaH	True
13117	krakacaH	cA	krakacA	True
13127	krandana	nam	krandanam	True
13129	krandita	tam	kranditam	True
13134	kramaka	kaH	kramakaH	True
13135	kramaRaH	Ram	kramaRam	True
13142	krAnta	taH	krAntaH	True
13142	krAnta	ntam	krAntam	True
13158	krivi	viH	kriviH	True
13166	krIta	taH	krItaH	True
13166	krIta	tam	krItam	True
13167	krItaka	kaH	krItakaH	True
13172	krIqa	qaH	krIqaH	True
13175	krIqanakaH	krIqanakatayA	krIqanakatayA	True
13188	krudDa	dDam	krudDam	True
13190	kroDaH	DA	kroDA	True
13191	kroDana	naH	kroDanaH	True
13191	kroDana	nA	kroDanA	True
13191	kroDana	nam	kroDanam	True
13192	kroDanIya	yam	kroDanIyam	True
13200	kruzwa	zwam	kruzwam	True
13202	kroSana	nam	kroSanam	True
13203	krUra	raH	krUraH	True
13203	krUra	ram	krUram	True
13203	krUra	raH	krUraH	True
13203	krUra	ram	krUram	True
13205	kroqaH	qam	kroqam	True
13205	kroqaH	qA	kroqA	True
13205	kroqaH	qI	kroqI	True
13227	kledaka	kaH	kledakaH	True
13229	kledana	naH	kledanaH	True
13229	kledana	nam	kledanam	True
13236	kliSita	zwam	klizwam	True
13246	klIba	baH	klIbaH	True
13246	klIba	bam	klIbam	True
13257	kvaRaH	naH	kvaRanaH	True
13263	kvaTita	tam	kvaTitam	True
13270	kzaRaH	kzaRekzaRe	kzaRekzaRe	False
13273	kzaRika	kA	kzaRikA	True
13274	kzaRin	nI	kzaRinI	True
13277	kzata	tam	kzatam	True
13280	kzatraH	trI	kzatrI	True
13282	kzatriyaH	yam	kzatriyam	True
13294	kzapaRaH	Ram	kzapaRam	True
13303	kzama	mam	kzamam	True
13311	kzAnta	taH	kzAntaH	True
13311	kzAnta	tA	kzAntA	True
13311	kzAnta	tam	kzAntam	True
13313	kzAntu	tuH	kzAntuH	True
13318	kzara	raH	kzaraH	True
13318	kzara	ram	kzaram	True
13322	kzAra	raH	kzAraH	True
13322	kzAra	ram	kzAram	True
13324	kzAraRam	Ram	kzAraRam	True
13335	kzAtra	tram	kzAtram	True
13338	kzAma	maH	kzAmaH	True
13338	kzAma	mA	kzAmA	True
13338	kzAma	mam	kzAmam	True
13344	kzayaH	yam	kzayam	True
13345	kzayaRa	RaH	kzayaRaH	True
13345	kzayaRa	Ram	kzayaRam	True
13352	kzita	tam	kzitam	True
13362	kzipa	paH	kzipaH	True
13362	kzipa	pA	kzipA	True
13365	kzipaRiH	RiH	kzipaRiH	True
13367	kzipaRyu	RyuH	kzipaRyuH	True
13369	kzipta	ptA	kziptA	True
13369	kzipta	ptam	kziptam	True
13372	kzipra	pram	kzipram	True
13372	kzipra	pram	kzipram	True
13374	kzepaka	kaH	kzepakaH	True
13375	kzepaRam	RiH	kzepaRiH	True
13375	kzepaRam	RI	kzepaRI	True
13377	kzepaRIya	yam	kzepaRIyam	True
13388	kzIraH	raH	kzIraH	True
13388	kzIraH	rA	kzIrA	True
13388	kzIraH	rI	kzIrI	True
13388	kzIraH	rI	kzIrI	True
13401	kzavakam	vikA	kzavikA	True
13403	kzut	janikA	kzujjanikA	True
13412	kzudra	draH	kzudraH	True
13412	kzudra	drA	kzudrA	True
13412	kzudra	dram	kzudram	True
13420	kzodita	tam	kzoditam	True
13422	kzodIyas	kzodya	kzodya	True
13434	kzubDa	bDaH	kzubDaH	True
13436	kzoBaRam	RaH	kzoBaRaH	True
13445	kzullaka	kaH	kzullakaH	True
13447	kzetrika	kaH	kzetrikaH	True
13449	kzetriya	yam	kzetriyam	True
13449	kzetriya	yaH	kzetriyaH	True
13453	kzema	maH	kzemaH	True
13453	kzema	mam	kzemam	True
13453	kzema	maH	kzemaH	True
13453	kzema	mA	kzemA	True
13453	kzema	mA	kzemA	True
13453	kzema	mam	kzemam	True
13455	kzemya	myaH	kzemyaH	True
13466	kzomaH	mam	kzomam	True
13468	kzOdraH	dram	kzOdram	True
13471	kzOmaH	maH	kzOmaH	True
13471	kzOmaH	mam	kzOmam	True
13471	kzOmaH	mam	kzOmam	True
13471	kzOmaH	mI	kzOmI	True
13472	kzOram	rI	kzOrI	True
13484	kzveqa	qaH	kzveqaH	True
13484	kzveqa	qA	kzveqA	True
13489	KaH	Kam	Kam	True
13489	KaH	KA	KA	True
13491	KakKawa	wam	KakKawam	True
13498	KajaH	jA	KajA	True
13499	KajakaH	jikA	KajikA	True
13503	KajAkaH	kA	KajAkA	True
13508	KaYjanaH	nA	KaYjanA	True
13508	KaYjanaH	nam	KaYjanam	True
13514	KawakAmuKam	KaH	KawakAmuKaH	True
13515	KawikaH	kA	KawikA	True
13520	Kawwana	naH	KawwanaH	True
13524	KawwikaH	kA	KawwikA	True
13533	KaqgaH	qgam	Kaqgam	True
13541	KaRqa	RqaH	KaRqaH	True
13541	KaRqa	Rqam	KaRqam	True
13541	KaRqa	RqaH	KaRqaH	True
13541	KaRqa	Rqam	KaRqam	True
13541	KaRqa	KaRqa	KaRqa	True
13542	KaRqaka	kaH	KaRqakaH	True
13542	KaRqaka	kam	KaRqakam	True
13542	KaRqaka	kaH	KaRqakaH	True
13543	KaRqana	nam	KaRqanam	True
13547	KaRqikaH	kA	KaRqikA	True
13548	KaRqita	tA	KaRqitA	True
13549	KaRqin	nI	KaRqinI	True
13558	Kanaka	kaH	KanakaH	True
13566	KAta	tam	KAtam	True
13566	KAta	tA	KAtA	True
13567	KAtakaH	kam	KAtakam	True
13571	KAnaka	kaH	KAnakaH	True
13575	Keya	yam	Keyam	True
13577	Kara	raH	KaraH	True
13577	Kara	ram	Karam	True
13584	Karu	ruH	KaruH	True
13584	Karu	ruH	KaruH	True
13592	KarjUraH	ram	KarjUram	True
13592	KarjUraH	rI	KarjUrI	True
13596	KarparaH	ram	Karparam	True
13601	Karva	rvaH	KarvaH	True
13601	Karva	rvam	Karvam	True
13606	KalaH	laH	KalaH	True
13623	KallaH	llI	KallI	True
13645	KARqavaH	vam	KARqavam	True
13649	KAda	daH	KAdaH	True
13650	KAdaka	kaH	KAdakaH	True
13652	KAdanaH	nam	KAdanam	True
13654	KAdya	dyam	KAdyam	True
13656	KAdira	raH	KAdiraH	True
13660	KAraH	rI	KArI	True
13674	KedaH	dA	KedA	True
13680	KilaH	laH	KilaH	True
13702	Kewa	waH	KewaH	True
13702	Kewa	waH	KewaH	True
13702	Kewa	wam	Kewam	True
13702	Kewa	wam	Kewam	True
13704	KewakaH	kaH	KewakaH	True
13704	KewakaH	kam	Kewakam	True
13710	Kela	lA	KelA	True
13711	Kelanam	nI	KelanI	True
13722	KolaH	lam	Kolam	True
13726	KyAta	tam	KyAtam	True
13731	ga	gaH	gaH	True
13731	ga	gA	gA	True
13731	ga	gam	gam	True
13741	gajaH	jI	gajI	True
13746	gaYjaH	YjA	gaYjA	True
13746	gaYjaH	jam	gaYjam	True
13753	gaqu	quH	gaquH	True
13764	gaRaka	kaH	gaRakaH	True
13764	gaRaka	kI	gaRakI	True
13766	gaRanam	nA	gaRanA	True
13795	gaRqUzaH	gaRqUzIkf	gaRqUzIkf	True
13799	gadaH	dam	gadam	True
13800	gadayitnu	tnuH	gadayitnuH	True
13805	gadgada	dam	gadgadam	True
13805	gadgada	daH	gadgadaH	True
13805	gadgada	dam	gadgadam	True
13808	gadya	dyam	gadyam	True
13813	ganDaH	nDam	ganDam	True
13816	ganDavat	tI	ganDavatI	True
13818	ganDi	nDi	ganDi	True
13819	ganDika	kaH	ganDikaH	True
13826	gaBastiH	stiH	gaBastiH	True
13832	gata	tam	gatam	True
13843	gama	maH	gamaH	True
13844	gamaka	kaH	gamakaH	True
13849	gamya	myaH	gamyaH	True
13851	gamBIra	raH	gamBIraH	True
13854	gayaH	yA	gayA	True
13856	gara	raH	garaH	True
13856	gara	raH	garaH	True
13856	gara	ram	garam	True
13856	gara	ram	garam	True
13859	garalaH	lam	garalam	True
13871	gargaraH	rI	gargarI	True
13877	garjita	tam	garjitam	True
13877	garjita	taH	garjitaH	True
13880	gartaH	rtaH	gartaH	True
13883	gardaBaH	Bam	gardaBam	True
13883	gardaBaH	BI	gardaBI	True
13884	gardaBakaH	BikA	gardaBikA	True
13887	garDana	m	garDanam	True
13890	garBakaH	kam	garBakam	True
13893	garBita	tam	garBitam	True
13893	garBita	tA	garBitA	True
13902	garvita	m	garvitam	True
13907	garhita	tam	garhitam	True
13930	gavayaH	yI	gavayI	True
13931	gavalaH	lam	gavalam	True
13937	gavizWi	zWiH	gavizWiH	True
13938	gavizWa	zWaH	gavizWaH	True
13939	gavya	vyam	gavyam	True
13939	gavya	vyA	gavyA	True
13945	gavequH	quH	gavequH	True
13948	gaveza	zaH	gavezaH	True
13949	gavezaRam	Ram	gavezaRam	True
13949	gavezaRam	RA	gavezaRA	True
13952	gahana	nam	gahanam	True
13952	gahana	naH	gahanaH	True
13956	gahvara	ram	gahvaram	True
13956	gahvara	raH	gahvaraH	True
13956	gahvara	rI	gahvarI	True
13960	gANga	NgaH	gANgaH	True
13960	gANga	Ngam	gANgam	True
13960	gANga	NgI	gANgI	True
13964	gANgeya	yaH	gANgeyaH	True
13964	gANgeya	yam	gANgeyam	True
13976	gARapatyaH	tyam	gARapatyam	True
13982	gARqI	gARqImaya	gARqImaya	True
13986	gAtram	trA	gAtrA	True
13991	gADa	Dam	gADam	True
13998	gAnDarva	rvaH	gAnDarvaH	True
13998	gAnDarva	rvam	gAnDarvam	True
13998	gAnDarva	rvI	gAnDarvI	True
14000	gAnDAraH	ram	gAnDAram	True
14004	gAnDikaH	kam	gAnDikam	True
14011	gAyatra	tram	gAyatram	True
14012	gAyatrI	tram	gAyatram	True
14014	gAyanaH	nam	gAyanam	True
14016	gAruqa	qaH	gAruqaH	True
14016	gAruqa	qam	gAruqam	True
14018	gArutmata	tam	gArutmatam	True
14019	gArga	rgaH	gArgaH	True
14019	gArga	rgI	gArgI	True
14024	gArDra	rDraH	gArDraH	True
14030	gArhapatyaH	tyam	gArhapatyam	True
14031	gArhameDa	DaH	gArhameDaH	True
14040	gAloqita	tam	gAloqitam	True
14044	gAQa	Qam	gAQam	True
14045	gAha	haH	gAhaH	True
14052	giri	riH	giriH	True
14052	giri	riH	giriH	True
14053	girikaH	kA	girikA	True
14057	gila	laH	gilaH	True
14063	gIta	tam	gItam	True
14087	guqakaH	qikA	guqikA	True
14087	guqakaH	kam	guqakam	True
14101	guRanam	nI	guRanI	True
14103	guRanIya	yaH	guRanIyaH	True
14103	guRanIya	yam	guRanIyam	True
14109	guRin	nI	guRinI	True
14125	gudam	dA	gudA	True
14136	gupta	ptaH	guptaH	True
14136	gupta	ptam	guptam	True
14136	gupta	ptA	guptA	True
14140	gopanam	nA	gopanA	True
14149	gopya	pyaH	gopyaH	True
14158	guru	ruH	guruH	True
14160	gurutama	maH	gurutamaH	True
14162	gurumatI	ttA	gurumattA	True
14163	gurjaraH	rI	gurjarI	True
14164	gurviRI	rvI	gurvI	True
14167	gulaH	lI	gulI	True
14174	gulmaH	lmI	gulmI	True
14184	guhya	hyaH	guhyaH	True
14184	guhya	hyam	guhyam	True
14186	gUQa	Qam	gUQam	True
14204	gfYjanaH	nam	gfYjanam	True
14206	gftsa	tsaH	gftsaH	True
14209	gfDu	DuH	gfDuH	True
14215	gfDra	DraH	gfDraH	True
14215	gfDra	Dram	gfDram	True
14215	gfDra	DrI	gfDrI	True
14225	gfham	hAH	gfhAH	True
14225	gfham	haH	gfhaH	True
14234	gfhya	hyaH	gfhyaH	True
14234	gfhya	hyam	gfhyam	True
14235	gfhyaka	kaH	gfhyakaH	True
14249	gehya	hyam	gehyam	True
14259	gAnin	nI	gAninI	True
14260	gAnIya	yam	gAnIyam	True
14262	geya	yam	geyam	True
14266	gErika	kaH	gErikaH	True
14266	gErika	kam	gErikam	True
14266	gErika	kam	gErikam	True
14267	gEreya	yam	gEreyam	True
14270	gomat	tI	gomatI	True
14271	gomaya	yaH	gomayaH	True
14271	gomaya	yam	gomayam	True
14271	gomaya	yam	gomayam	True
14273	gozWaH	zWaH	gozWaH	True
14273	gozWaH	zWam	gozWam	True
14278	goRaH	RI	goRI	True
14290	golaH	laH	golaH	True
14290	golaH	lA	golA	True
14302	gOqaH	qAH	gOqAH	False
14302	gOqaH	qI	gOqI	True
14302	gOqaH	qam	gOqam	True
14303	gOqika	kaH	gOqikaH	True
14303	gOqika	kam	gOqikam	True
14316	gOra	raH	gOraH	True
14316	gOra	ram	gOram	True
14318	gOravam	vam	gOravam	True
14338	graTita	tam	graTitam	True
14347	granTila	lam	granTilam	True
14352	grasta	stam	grastam	True
14358	gfhya	hyaH	gfhyaH	True
14368	grAha	haH	grAhaH	True
14368	grAha	hI	grAhI	True
14370	grAhaka	kaH	grAhakaH	True
14374	grAhin	RI	grAhiRI	True
14376	grAhya	hyam	grAhyam	True
14376	grAhya	hyaH	grAhyaH	True
14381	grAmika	kaH	grAmikaH	True
14382	grAmin	RI	grAmiRI	True
14383	grAmIRa	RaH	grAmIRaH	True
14384	grAmIya	yaH	grAmIyaH	True
14386	grAmeya	yI	grAmeyI	True
14387	grAmya	myaH	grAmyaH	True
14387	grAmya	myA	grAmyA	True
14387	grAmya	myam	grAmyam	True
14393	grIzma	zmaH	grIzmaH	True
14393	grIzma	zmI	grIzmI	True
14395	grEva	vam	grEvam	True
14395	grEva	yam	grEvyam	True
14411	glAna	nam	glAnam	True
14416	Ga	GaH	GaH	True
14416	Ga	Gam	Gam	True
14416	Ga	GA	GA	True
14421	Gawaka	kaH	GawakaH	True
14424	GawikaH	kam	Gawikam	True
14428	GawiMDama	maH	GawiMDamaH	True
14437	Gawwita	tA	GawwitA	True
14440	GaRwa	RwaH	GaRwaH	True
14448	Gana	naH	GanaH	True
14448	Gana	nam	Ganam	True
14453	GanAGana	naH	GanAGanaH	True
14459	GarGara	raH	GarGaraH	True
14464	Garma	rmaH	GarmaH	True
14469	Gasra	sraH	GasraH	True
14469	Gasra	sram	Gasram	True
14472	GAwaH	waH	GAwaH	True
14477	GAtana	nam	GAtanam	True
14503	GurGuraH	rA	GurGurA	True
14513	GozaH	zam	Gozam	True
14515	Gozavat	tI	GozavatI	True
14523	GUrRa	rRaH	GUrRaH	True
14528	Gfta	tam	Gftam	True
14536	GfRi	RiH	GfRiH	True
14541	Garzaka	kaH	GarzakaH	True
14542	GarzaRa	Ram	GarzaRam	True
14542	GarzaRa	RI	GarzaRI	True
14555	Gora	raH	GoraH	True
14555	Gora	rA	GorA	True
14555	Gora	ram	Goram	True
14560	GrARa	RaH	GrARaH	True
14560	GrARa	Ram	GrARam	True
14560	GrARa	Ram	GrARam	True
14562	GrAtavya	vyam	GrAtavyam	True
14564	Greya	yam	Greyam	True
14568	ca	caH	caH	True
14570	cakita	tam	cakitam	True
14570	cakita	tam	cakitam	True
14577	cakram	kraH	cakraH	True
14578	cakraka	kaH	cakrakaH	True
14582	cakrikaH	kA	cakrikA	True
14595	cakzuzya	zyaH	cakzuzyaH	True
14595	cakzuzya	zyA	cakzuzyA	True
14595	cakzuzya	zyA	cakzuzyA	True
14595	cakzuzya	zyam	cakzuzyam	True
14602	caYcaH	YcA	caYcA	True
14606	caYcala	laH	caYcalaH	True
14606	caYcala	lA	caYcalA	True
14607	caYcu	YcuH	caYcuH	True
14607	caYcu	YcuH	caYcuH	True
14607	caYcu	YcUH	caYcUH	True
14615	cawuH	wuH	cawuH	True
14616	cawula	lA	cawulA	True
14623	caRa	RaH	caRaH	True
14626	caRqa	RqaH	caRqaH	True
14626	caRqa	Rqam	caRqam	True
14627	caRqavat	tI	caRqavatI	True
14628	caRqA	RqI	caRqI	True
14635	caRqAla	laH	caRqAlaH	True
14640	cAtana	nam	cAtanam	True
14642	caturTa	rTaH	caturTaH	True
14642	caturTa	rTam	caturTam	True
14642	caturTa	aMSa	caturTAMSa	True
14642	caturTa	ASramaH	caturTASramaH	True
14642	caturTa	Palam	caturTaPalam	True
14642	caturTa	Bakta	caturTaBakta	True
14643	caturTaka	kaH	caturTakaH	True
14643	caturTaka	rTikA	caturTikA	True
14646	catuzka	zkam	catuzkam	True
14646	catuzka	zkI	catuzkI	True
14648	catuzwaya	yam	catuzwayam	True
14650	catura	raH	caturaH	True
14650	catura	ram	caturam	True
14670	candra	ndraH	candraH	True
14670	candra	ndrA	candrA	True
14671	candrakaH	kam	candrakam	True
14684	capala	laH	capalaH	True
14697	camaraH	raH	camaraH	True
14697	camaraH	ram	camaram	True
14697	camaraH	rI	camarI	True
14704	campaH	mpam	campam	True
14705	campakaH	kam	campakam	True
14716	cara	raH	caraH	True
14719	caraRaH	RaH	caraRaH	True
14719	caraRaH	Ram	caraRam	True
14722	caraTa	TaH	caraTaH	True
14722	caraTa	Tam	caraTam	True
14723	carama	mam	caramam	True
14725	carita	tam	caritam	True
14727	caritram	trA	caritrA	True
14730	carya	ryA	caryA	True
14730	carya	ryam	caryam	True
14743	carcita	tam	carcitam	True
14746	cartana	nam	cartanam	True
14756	carmaRya	Ryam	carmaRyam	True
14766	carvya	rvyam	carvyam	True
14767	carzaRi	RiH	carzaRiH	True
14769	cala	laH	calaH	True
14769	cala	lA	calA	True
14773	calana	naH	calanaH	True
14773	calana	nam	calanam	True
14773	calana	nI	calanI	True
14774	calanakam	nikA	calanikA	True
14775	calita	tam	calitam	True
14782	cazakaH	kam	cazakam	True
14788	cAkrika	kaH	cAkrikaH	True
14792	cAkzuza	zaH	cAkzuzaH	True
14792	cAkzuza	zam	cAkzuzam	True
14811	cAtura	raH	cAturaH	True
14811	cAtura	ram	cAturam	True
14811	cAtura	rI	cAturI	True
14812	cAturaka	kaH	cAturakaH	True
14813	cAturakzam	kzaH	cAturakzaH	True
14820	cAturTaka	kaH	cAturTakaH	True
14822	cAturdaSa	Sam	cAturdaSam	True
14825	cAturmAsa	sI	cAturmAsI	True
14829	cAturvarRya	rRyam	cAturvarRyam	True
14830	cAturvidya	dyam	cAturvidyam	True
14832	cAturhotra	tram	cAturhotram	True
14839	cAndra	draH	cAndraH	True
14839	cAndra	dram	cAndram	True
14839	cAndra	drI	cAndrI	True
14841	cAndramasa	saH	cAndramasaH	True
14841	cAndramasa	sI	cAndramasI	True
14841	cAndramasa	sam	cAndramasam	True
14854	cAmpeyaH	yam	cAmpeyam	True
14861	cAraH	ram	cAram	True
14862	cAraka	kaH	cArakaH	True
14869	cAritram	trA	cAritrA	True
14872	cAru	ruH	cAruH	True
14872	cAru	ru	cAru	True
14876	cArmaRa	Ram	cArmaRam	True
14884	cAlanam	nI	cAlanI	True
14891	cita	tam	citam	True
14895	citya	tyam	cityam	True
14895	citya	tyA	cityA	True
14906	cikitsita	tam	cikitsitam	True
14912	cikIrzita	tam	cikIrzitam	True
14914	cikura	raH	cikuraH	True
14917	cikka	kkaH	cikkaH	True
14917	cikka	kkA	cikkA	True
14918	cikkaRa	RaH	cikkaRaH	True
14918	cikkaRa	RA	cikkaRA	True
14918	cikkaRa	Ram	cikkaRam	True
14923	ciklidam	daH	ciklidaH	True
14933	cinmaya	yam	cinmayam	True
14935	citta	ttam	cittam	True
14940	cetaka	kI	cetakI	True
14941	cetana	naH	cetanaH	True
14941	cetana	nA	cetanA	True
14941	cetana	nam	cetanam	True
14945	citra	traH	citraH	True
14945	citra	tram	citram	True
14945	citra	tram	citram	True
14946	citraka	kaH	citrakaH	True
14946	citraka	kam	citrakam	True
14948	citrala	laH	citralaH	True
14963	cintita	tam	cintitam	True
14968	cipawa	waH	cipawaH	True
14975	cira	ram	ciram	True
14976	ciraMjIva	vaH	ciraMjIvaH	True
14991	cilla	llaH	cillaH	True
15004	cInaH	nAH	cInAH	False
15004	cInaH	nam	cInam	True
15022	cukraH	kram	cukram	True
15031	cuYcu	YcuH	cuYcuH	True
15044	coda	daH	codaH	True
15045	codaka	kaH	codakaH	True
15046	codana	nam	codanam	True
15049	codya	dyam	codyam	True
15052	copana	nam	copanam	True
15069	corita	tam	coritam	True
15073	culukaH	ka	culuka	True
15080	culla	llaH	cullaH	True
15081	cullakaH	kI	cullakI	True
15090	cUqAra	lam	cUqAlam	True
15094	cUtaH	tam	cUtam	True
15100	cUrRaH	rRaH	cUrRaH	True
15101	cUrRakaH	kam	cUrRakam	True
15110	cUlaH	lA	cUlA	True
15136	cezwaka	kaH	cezwakaH	True
15138	cezwA	nASaH	cezwAnASaH	True
15138	cezwA	nirUpaRam	cezwAnirUpaRam	True
15139	cezwita	tam	cezwitam	True
15142	cEtta	ttam	cEttam	True
15144	cEtya	tyaH	cEtyaH	True
15144	cEtya	tyam	cEtyam	True
15145	cEtraH	tram	cEtram	True
15151	cEla	lam	cElam	True
15151	cEla	laH	cElaH	True
15159	colaH	laH	colaH	True
15159	colaH	lI	colI	True
15159	colaH	lam	colam	True
15160	colakaH	kam	colakam	True
15165	cOqa	qam	cOqam	True
15165	cOqa	lam	cOlam	True
15173	cyAvana	nam	cyAvanam	True
15181	cyOtna	tnam	cyOtnam	True
15182	Ca	CaH	CaH	True
15182	Ca	CA	CA	True
15182	Ca	Cam	Cam	True
15185	CagalaH	lA	CagalA	True
15185	CagalaH	lI	CagalI	True
15185	CagalaH	lam	Cagalam	True
15188	CatraH	tram	Catram	True
15189	CatrakaH	trikA	CatrikA	True
15189	CatrakaH	kam	Catrakam	True
15200	Canna	nnam	Cannam	True
15204	Canda	daH	CandaH	True
15217	CambawkAraH	ram	CambawkAram	True
15226	Calita	tam	Calitam	True
15232	CAga	gaH	CAgaH	True
15232	CAga	gam	CAgam	True
15234	CAgala	laH	CAgalaH	True
15237	CAtraH	tram	CAtram	True
15240	CAdanam	nI	CAdanI	True
15242	CAdmika	kaH	CAdmikaH	True
15243	CAndasa	saH	CAndasaH	True
15246	CAyA	yaH	CAyaH	True
15262	Cidra	dram	Cidram	True
15266	Cinna	nnA	CinnA	True
15269	Cedaka	kaH	CedakaH	True
15270	Cedana	nam	Cedanam	True
15271	Cedi	diH	CediH	True
15274	Cedya	dyam	Cedyam	True
15282	CupaH	paH	CupaH	True
15294	Ceka	kaH	CekaH	True
15307	ja	jaH	jaH	True
15310	jakuwaH	wam	jakuwam	True
15314	jagat	tI	jagatI	True
15319	jagala	lam	jagalam	True
15320	jagDa	gDam	jagDam	True
15322	jagmi	gmiH	jagmiH	True
15325	jaGanya	nyaH	jaGanyaH	True
15325	jaGanya	nyam	jaGanyam	True
15329	jaNgama	mam	jaNgamam	True
15330	jaNgala	laH	jaNgalaH	True
15330	jaNgala	lam	jaNgalam	True
15330	jaNgala	lam	jaNgalam	True
15335	jaNGAla	laH	jaNGAlaH	True
15341	jaYjapUka	kaH	jaYjapUkaH	True
15346	jawAla	laH	jawAlaH	True
15350	jawila	laH	jawilaH	True
15350	jawila	lA	jawilA	True
15355	jaWara	raH	jaWaraH	True
15355	jaWara	ram	jaWaram	True
15358	jaqa	qaH	jaqaH	True
15358	jaqa	qam	jaqam	True
15366	jatu	tuH	jatuH	True
15366	jatu	tUH	jatUH	True
15374	janaH	nA	janA	True
15376	janaka	kaH	janakaH	True
15378	janana	naH	jananaH	True
15378	janana	nam	jananam	True
15393	janitvaH	tvA	janitvA	True
15393	janitvaH	tvO	janitvO	False
15403	janman	aDipaH	janmADipaH	True
15403	janman	antaram	janmAntaram	True
15403	janman	antarIya	janmAntarIya	True
15403	janman	anDaH	janmAnDaH	True
15403	janman	azwamI	janmAzwamI	True
15403	janman	Aspadam	janmAspadam	True
15403	janman	ISaH	janmeSaH	True
15403	janman	kIlaH	janmakIlaH	True
15403	janman	kuRqalI	janmakuRqalI	False
15403	janman	kft	janmakft	True
15403	janman	kzetram	janmakzetram	True
15403	janman	tiTiH	janmatiTiH	True
15403	janman	daH	janmadaH	True
15403	janman	nakzatram	janmanakzatram	True
15403	janman	Bam	janmaBam	True
15403	janman	nAman	janmanAman	True
15403	janman	paH	janmapaH	True
15403	janman	patram	janmapatram	True
15403	janman	patrikA	janmapatrikA	True
15403	janman	pAdapaH	janmapAdapaH	True
15403	janman	pratizWA	janmapratizWA	True
15403	janman	BAj	janmaBAj	True
15403	janman	Bft	janmaBft	True
15403	janman	BAzA	janmaBAzA	True
15403	janman	BUmiH	janmaBUmiH	True
15403	janman	yogaH	janmayogaH	True
15403	janman	rogin	janmarogin	True
15403	janman	lagnam	janmalagnam	True
15403	janman	rASiH	janmarASiH	True
15403	janman	vartman	janmavartman	True
15403	janman	vasuDA	janmavasuDA	True
15403	janman	SoDanam	janmaSoDanam	True
15403	janman	sAPalyam	janmasAPalyam	True
15403	janman	sTAnam	janmasTAnam	True
15403	janman	hetuH	janmahetuH	False
15405	janya	nyaH	janyaH	True
15405	janya	nyA	janyA	True
15405	janya	nyam	janyam	True
15408	japa	paH	japaH	True
15412	japya	pyaH	japyaH	True
15412	japya	pyam	japyam	True
15420	jambIraH	ram	jambIram	True
15423	jambUmat	tI	jambUmatI	False
15424	jambulaH	lam	jambulam	True
15426	jamBaka	kaH	jamBakaH	True
15433	jayantaH	tI	jayantI	True
15437	jara	raH	jaraH	True
15438	jaraWa	WaH	jaraWaH	True
15439	jaraRa	RaH	jaraRaH	True
15439	jaraRa	Ram	jaraRam	True
15439	jaraRa	RA	jaraRA	True
15439	jaraRa	Ram	jaraRam	True
15452	jarUTa	TaH	jarUTaH	True
15452	jarUTa	Tam	jarUTam	True
15454	jarjara	ram	jarjaram	True
15459	jarRa	rRaH	jarRaH	True
15466	jala	lam	jalam	True
15468	jalaNga	gaH	jalaNgaH	True
15474	jalAza	zam	jalAzam	True
15478	jalpanam	nam	jalpanam	True
15480	jalpita	tam	jalpitam	True
15481	jalhu	lhuH	jalhuH	True
15482	java	vaH	javaH	True
15483	javana	naH	javanaH	True
15483	javana	nam	javanam	True
15494	jasuri	riH	jasuriH	True
15496	jahaka	kaH	jahakaH	True
15496	jahaka	kA	jahakA	True
15501	jahnuH	saptamI	jahnusaptamI	True
15505	jAguqam	qaH	jAguqaH	True
15508	jAgara	raH	jAgaraH	True
15511	jAgarita	tam	jAgaritam	True
15514	jAgfvi	viH	jAgfviH	True
15518	jANgala	laH	jANgalaH	True
15518	jANgala	lam	jANgalam	True
15520	jANgulam	lI	jANgulI	True
15522	jANGika	kaH	jANGikaH	True
15525	jAWara	raH	jAWaraH	True
15527	jAta	taH	jAtaH	True
15527	jAta	tA	jAtA	True
15527	jAta	tam	jAtam	True
15528	jAtaka	kaH	jAtakaH	True
15528	jAtaka	kam	jAtakam	True
15544	jAnapadaH	dA	jAnapadA	True
15544	jAnapadaH	dI	jAnapadI	True
15552	jApaka	kaH	jApakaH	True
15552	jApaka	kam	jApakam	True
15553	jApya	pyam	jApyam	True
15562	jAmi	miH	jAmiH	True
15567	jAmbIram	lam	jAmbIlam	True
15576	jAyu	yuH	jAyuH	True
15577	jAraH	rI	jArI	True
15581	jAlam	laH	jAlaH	True
15582	jAlakam	kaH	jAlakaH	True
15586	jAlikaH	kA	jAlikA	True
15591	jAlma	lmaH	jAlmaH	True
15601	jayaH	yA	jayA	True
15610	jita	tam	jitam	True
15613	jitya	tyA	jityA	True
15613	jitya	tyaH	jityaH	True
15615	jitvara	rI	jitvarI	True
15616	jizRu	zRuH	jizRuH	True
15625	jiGAMsu	suH	jiGAMsuH	True
15633	jina	naH	jinaH	True
15635	jivri	vriH	jivriH	True
15644	jihma	hmam	jihmam	True
15651	jIna	naH	jInaH	True
15653	jIra	raH	jIraH	True
15656	jIrRa	rRaH	jIrRaH	True
15656	jIrRa	RA	jIrRA	True
15656	jIrRa	rRam	jIrRam	True
15661	jIva	vaH	jIvaH	True
15662	jIvaka	kaH	jIvakaH	True
15664	jIvaTa	TaH	jIvaTaH	True
15665	jIvana	naH	jIvanaH	True
15665	jIvana	nam	jIvanam	True
15666	jIvanaka	kam	jIvanakam	True
15667	jIvanIya	yam	jIvanIyam	True
15668	jIvanta	taH	jIvantaH	True
15676	jIvita	tam	jIvitam	True
15677	jIvitavya	vyam	jIvitavyam	True
15679	jIvyam	vyA	jIvyA	True
15681	jukuwaH	wam	jukuwam	True
15685	juNgita	taH	juNgitaH	True
15699	juzya	zyam	juzyam	True
15700	juzwa	zwam	juzwam	True
15701	jozaH	zam	jozam	True
15705	juhurARa	RaH	juhurARaH	True
15720	jUrRi	rRiH	jUrRiH	True
15729	jfmBakaH	kam	jfmBakam	True
15730	jfmBaRa	Ram	jfmBaRam	True
15731	jfmBita	tam	jfmBitam	True
15747	jEtra	traH	jEtraH	True
15747	jEtra	tram	jEtram	True
15754	jEvAtfka	kaH	jEvAtfkaH	True
15770	jYa	jYaH	jYaH	True
15774	jYAta	tam	jYAtam	True
15781	jYAnamaya	yaH	jYAnamayaH	True
15785	jYApaka	kaH	jYApakaH	True
15785	jYApaka	kam	jYApakam	True
15799	jyezWa	zWaH	jyezWaH	True
15799	jyezWa	zWA	jyezWA	True
15799	jyezWa	zWI	jyezWI	True
15799	jyezWa	zWam	jyezWam	True
15801	jyEzWaH	zWI	jyEzWI	True
15812	jyotiza	zaH	jyotizaH	True
15812	jyotiza	zam	jyotizam	True
15814	jyotizI	zkam	jyotizkam	True
15814	jyotizI	zkaH	jyotizkaH	True
15815	jyotizmat	tI	jyotizmatI	True
15818	jyOtsna	tsnaH	jyOtsnaH	True
15818	jyOtsna	tsnI	jyOtsnI	True
15818	jyOtsna	tsnikA	jyOtsnikA	True
15823	jvara	raH	jvaraH	True
15823	jvara	rA	jvarA	False
15826	jvala	laH	jvalaH	True
15828	jvalana	naH	jvalanaH	True
15828	jvalana	nam	jvalanam	True
15830	jvAla	laH	jvAlaH	True
15833	Ja	JaH	JaH	True
15833	Ja	JA	JA	True
15855	JarJaraH	rA	JarJarA	True
15855	JarJaraH	rI	JarJarI	True
15855	JarJaraH	ram	JarJaram	True
15864	JallaH	llI	JallI	True
15871	JazaH	zam	Jazam	True
15874	JAwaH	wA	JAwA	True
15874	JAwaH	wI	JAwI	False
15893	JillikaH	kA	JillikA	True
15911	waH	wA	wA	True
15911	waH	wam	wam	True
15913	wakkaraH	rA	wakkarA	True
15914	wagara	raH	wagaraH	True
15917	waNkaH	kA	waNkA	True
15920	waNkaRam	RaH	waNkaRaH	True
15925	waNgaH	NgaH	waNgaH	True
15957	qaH	qA	qA	True
15962	qamaraH	ram	qamaram	True
15967	qambaraH	raH	qambaraH	True
15974	qAmara	raH	qAmaraH	True
15992	qimBaH	BA	qimBA	True
15996	qIna	nam	qInam	True
16023	taH	tA	tA	True
16023	taH	tam	tam	True
16023	taH	tA	tA	True
16030	takila	lA	takilA	True
16037	takzaRam	RI	takzaRI	True
16039	tagaraH	ram, tagarakam	tagaram	True
16047	tawaH	waH	tawaH	True
16047	tawaH	wA	tawA	True
16047	tawaH	wI	tawI	True
16047	tawaH	wam	tawam	True
16047	tawaH	wam	tawam	True
16055	taqi	qiH	taqiH	True
16056	tAqa	qaH	tAqaH	True
16057	tAqana	nam	tAqanam	True
16057	tAqana	nA	tAqanA	True
16057	tAqana	nI	tAqanI	True
16060	tAqyamAna	naH	tAqyamAnaH	True
16062	taqAkaH	kA	taqAkA	True
16069	taRqakaH	kaH	taRqakaH	True
16069	taRqakaH	kam	taRqakam	True
16081	taturi	riH	taturiH	True
16089	taTya	Tyam	taTyam	True
16089	taTya	taTyena	taTyena	True
16089	taTya	taTyataH	taTyataH	False
16101	tata	taH	tataH	True
16101	tata	tam	tatam	True
16105	tanaH	nA	tanA	True
16105	tanaH	nam	tanam	True
16106	tanayaH	yA	tanayA	True
16106	tanayaH	yO	tanayO	False
16106	tanayaH	yam	tanayam	True
16106	tanayaH	tanayIkfta	tanayIkfta	True
16124	tantukaH	kI	tantukI	True
16138	tandra	ndram	tandram	True
16148	tapa	paH	tapaH	True
16150	tapana	nam	tapanam	True
16152	tapanIya	yam	tapanIyam	True
16155	tapasya	syaH	tapasyaH	True
16155	tapasya	syA	tapasyA	True
16159	tapasvin	nI	tapasvinI	True
16165	tapomaya	yaH	tapomayaH	True
16166	tapta	ptam	taptam	True
16167	tApaH	pI	tApI	True
16168	tApaka	kaH	tApakaH	True
16169	tApana	naH	tApanaH	True
16169	tApana	nam	tApanam	True
16169	tApana	nA	tApanA	True
16169	tApana	nI	tApanI	True
16170	tApanIya	yam	tApanIyam	True
16176	tamam	maH	tamaH	True
16177	tamakaH	kA	tamakA	True
16182	tamasa	saH	tamasaH	True
16182	tamasa	sA	tamasA	True
16182	tamasa	sam	tamasam	True
16184	tamasvat	tI	tamasvatI	True
16190	tamisra	sram	tamisram	True
16190	tamisra	sraH	tamisraH	True
16192	tamomaya	yaH	tamomayaH	True
16204	taraNgita	tam	taraNgitam	True
16205	taraNgin	RI	taraNgiRI	True
16206	tarantaH	tI	tarantI	True
16207	tarala	laH	taralaH	True
16207	tarala	lA	taralA	True
16211	taralAyitaH	taH	taralAyitaH	True
16211	taralAyitaH	tam	taralAyitam	True
16222	taru	ruH	taruH	True
16225	taruRa	RaH	taruRaH	True
16225	taruRa	RI	taruRI	True
16225	taruRa	Ram	taruRam	True
16233	taruzaH	zA	taruzA	False
16237	tarkaH	rkA	tarkA	True
16238	tarkaka	kaH	tarkakaH	True
16240	tarkita	tam	tarkitam	True
16248	tarjanam	nI	tarjanI	True
16249	tarjita	tam	tarjitam	True
16265	talaH	laH	talaH	True
16265	talaH	lam	talam	True
16266	talakam	kaH	talakaH	True
16270	talita	tam	talitam	True
16271	talavaH	kAraH	talavakAraH	True
16274	talina	nam	talinam	True
16274	talina	udarI	talinodarI	True
16276	taluna	naH	talunaH	True
16276	taluna	nI	talunI	True
16278	talpaH	lpA	talpA	True
16282	tallaH	llI	tallI	True
16282	tallaH	llam	tallam	True
16290	tavasya	syam	tavasyam	True
16291	taviza	zaH	tavizaH	True
16291	taviza	zI	tavizI	True
16300	taskaraH	rI	taskarI	True
16324	tAtala	laH	tAtalaH	True
16325	tAtiH	tiH	tAtiH	True
16340	tAnaH	nam	tAnam	True
16344	tAntava	vam	tAntavam	True
16346	tAntrika	kaH	tAntrikaH	True
16349	tApasa	saH	tApasaH	True
16357	tAmarasam	sI	tAmarasI	True
16358	tAmasa	saH	tAmasaH	True
16358	tAmasa	sam	tAmasam	True
16358	tAmasa	sI	tAmasI	True
16366	tAmra	mraH	tAmraH	True
16366	tAmra	mram	tAmram	True
16366	tAmra	mrI	tAmrI	True
16369	tAmrika	kaH	tAmrikaH	True
16377	tAra	raH	tAraH	True
16377	tAra	raH	tAraH	True
16377	tAra	ram	tAram	True
16377	tAra	ram	tAram	True
16385	tArala	laH	tAralaH	True
16398	tArRa	rRaH	tArRaH	True
16400	tArtIya	yam	tArtIyam	True
16402	tAlaH	lam	tAlam	True
16404	tAlakam	kI	tAlakI	True
16421	tAvIzaH	zI	tAvIzI	True
16425	tikta	ktaH	tiktaH	True
16426	tiktaka	kaH	tiktakaH	True
16428	tigma	gmam	tigmam	True
16433	tejanam	nI	tejanI	True
16447	tintiqaH	kam	tintiqIkam	True
16450	tindukam	kam	tindukam	True
16457	timira	raH	timiraH	True
16457	timira	ram	timiram	True
16484	tirIwam	waH	tirIwaH	True
16487	tilakaH	kaH	tilakaH	True
16487	tilakaH	kam	tilakam	True
16487	tilakaH	kA	tilakA	True
16487	tilakaH	kam	tilakam	True
16492	tilya	lyam	tilyam	True
16497	tizya	zyaH	tizyaH	True
16497	tizya	zyA	tizyA	True
16497	tizya	zyam	tizyam	True
16501	tIkzRa	kzRaH	tIkzRaH	True
16501	tIkzRa	kzRam	tIkzRam	True
16504	tIram	raH	tIraH	True
16505	tIrita	tam	tIritam	True
16508	tIrTam	rTaH	tIrTaH	True
16509	tIrTaka	kaH	tIrTakaH	True
16513	tIrTya	rTyaH	tIrTyaH	True
16516	tIvra	vraH	tIvraH	True
16516	tIvra	vram	tIvram	True
16516	tIvra	vram	tIvram	True
16516	tIvra	vrA	tIvrA	True
16523	tuNga	gaH	tuNgaH	True
16523	tuNga	gam	tuNgam	True
16528	tucCa	cCA	tucCA	True
16528	tucCa	cCam	tucCam	True
16534	tuja	jaH	tujaH	True
16542	tuRqam	RqaH	tuRqaH	True
16544	tuRqiH	RqiH	tuRqiH	True
16545	tuRqika	kA	tuRqikA	True
16551	tutTaH	tTam	tutTam	True
16551	tutTaH	tTA	tutTA	True
16560	tundam	ndaH	tundaH	True
16560	tundam	ndI	tundI	True
16563	tundika	kzundilaH	tundilaH	True
16570	tumula	laH	tumulaH	True
16570	tumula	lam	tumulam	True
16572	tumbaH	tumbA	tumbA	True
16573	tumbaraH	ram	tumbaram	True
16578	tur	tur	tur	True
16579	tura	raH	turaH	True
16580	turaRa	Ram	turaRam	True
16585	turagaH	gI	turagI	True
16587	turaNgaH	gI	turaNgI	True
16593	turIya	yam	turIyam	True
16595	turya	ryam	turyam	True
16601	tulanam	nA	tulanA	True
16604	tulya	lyam	tulyam	True
16608	tolya	lyam	tolyam	True
16614	tuvara	raH	tuvaraH	True
16614	tuvara	ram	tuvaram	True
16614	tuvara	rI	tuvarI	True
16616	tuvi	viH	tuviH	True
16620	tuzwa	zwaH	tuzwaH	True
16623	tozaRa	Ram	tozaRam	True
16623	tozaRa	RI	tozaRI	True
16627	tuzAra	raH	tuzAraH	True
16636	tuhina	nam	tuhinam	True
16640	tURaH	RI	tURI	True
16648	tUdaH	dI	tUdI	True
16650	tUbaraH	rI	tUbarI	False
16651	tUya	yam	tUyam	True
16653	tUra	rA	tUrA	True
16654	tUram	rI	tUrI	True
16660	tUlaH	lam	tUlam	True
16660	tUlaH	lA	tUlA	True
16660	tUlaH	lI	tUlI	True
16687	tftIya	yaH	tftIyaH	True
16687	tftIya	yam	tftIyam	True
16694	tarpaRa	Ram	tarpaRam	True
16698	tfpta	ptam	tfptam	True
16702	tfpra	praH	tfpraH	True
16702	tfpra	pram	tfpram	True
16704	tfpala	laH	tfpalaH	True
16704	tfpala	lA	tfpalA	True
16714	tfzita	tam	tfzitam	True
16719	tfzya	zyam	tfzyam	True
16723	tara	raH	taraH	True
16724	taraRaH	Ram	taraRam	True
16725	taraRi	RiH	taraRiH	True
16725	taraRi	RiH	taraRiH	True
16725	taraRi	RI	taraRRI	False
16726	taraRqaH	RqaH	taraRqaH	True
16726	taraRqaH	Rqam	taraRqam	True
16730	tariH	rI	tarI	True
16731	tarikaH	kA	tarikA	True
16734	tarIzaH	zI	tarIzI	True
16735	tAraka	kaH	tArakaH	True
16735	tAraka	kaH	tArakaH	True
16735	tAraka	kam	tArakam	True
16735	tAraka	kam	tArakam	True
16736	tAraRa	RaH	tAraRaH	True
16736	tAraRa	Ram	tAraRam	True
16741	tArya	ryam	tAryam	True
16756	temanam	nI	temanI	True
16760	tEjasa	saH	tEjasaH	True
16760	tEjasa	sam	tEjasam	True
16763	tEtilaH	lam	tEtilam	True
16764	tEttiraH	ram	tEttiram	True
16767	tEttirIya	yaH	tEttirIyaH	True
16772	tErTika	kaH	tErTikaH	True
16772	tErTika	kam	tErTikam	True
16780	tElaNgaH	gAH	tElaNgAH	False
16783	tokavat	tI	tokavatI	True
16785	tokmaH	kmam	tokmam	True
16786	towaka	kaH	towakaH	True
16793	toraRaH	Ram	toraRam	True
16793	toraRaH	RaH	toraRaH	True
16800	tOtikaH	kam	tOtikam	True
16809	tOzAra	ram	tOzAram	True
16821	tyAjya	jyam	tyAjyam	True
16830	trapulam	zam	trapuzam	True
16834	traya	yam	trayam	True
16838	trasa	saH	trasaH	True
16838	trasa	sam	trasam	True
16843	trAsa	saH	trAsaH	True
16844	trAsana	nam	trAsanam	True
16854	trika	kam	trikam	True
16854	trika	kA	trikA	True
16855	tritaya	yam	tritayam	True
16866	trARa	Ram	trARam	True
16867	trAta	tam	trAtam	True
16874	trEdaSika	kam	trEdaSikam	True
16887	trEvarRa	kaH	trEvarRakaH	False
16889	trEvikrama	mam	trEvikramam	True
16890	trEvidyam	dyaH	trEvidyaH	True
16895	trowakam	kaH	trowakaH	True
16903	tvAzwra	zwrI	tvAzwrI	True
16903	tvAzwra	zwram	tvAzwram	True
16920	tUrRa	rRam	tUrRam	True
16920	tUrRa	rRam	tUrRam	True
16921	tUrRi	rRiH	tUrRiH	True
16926	tvarita	tam	tvaritam	True
16930	tvAzwra	zwraH	tvAzwraH	True
16930	tvAzwra	zwrI	tvAzwrI	True
16930	tvAzwra	zwram	tvAzwram	True
16940	TaH	Tam	Tam	True
16949	da	daH	daH	True
16949	da	dam	dam	True
16949	da	dA	dA	True
16952	daMSaka	kaH	daMSakaH	True
16954	daMSita	tam	daMSitam	True
16960	daMzwrika	kA	daMzwrikA	True
16962	daSanaH	naH	daSanaH	True
16962	daSanaH	nam	daSanam	True
16963	daSera	raH	daSeraH	True
16970	dakza	kzaH	dakzaH	True
16970	dakza	kzA	dakzA	True
16970	dakza	kzam	dakzam	True
16973	dakziRa	RaH	dakziRaH	True
16973	dakziRa	RaH	dakziRaH	True
16973	dakziRa	Ram	dakziRam	True
16973	dakziRa	Ram	dakziRam	True
16975	dakziRA	RA	dakziRA	True
16988	daRqakaH	kaH	daRqakaH	True
16988	daRqakaH	kA	daRqakA	True
16988	daRqakaH	kam	daRqakam	True
17020	dantaka	kaH	dantakaH	True
17026	dantya	ntyaH	dantyaH	True
17028	dandaSUkaH	kaH	dandaSUkaH	True
17034	daBra	BraH	daBraH	True
17034	daBra	Bram	daBram	True
17034	daBra	Bram	daBram	True
17039	damana	naH	damanaH	True
17039	damana	nam	damanam	True
17045	damya	myaH	damyaH	True
17046	dAnta	taH	dAntaH	True
17060	dayita	taH	dayitaH	True
17060	dayita	tA	dayitA	True
17062	dara	raH	daraH	True
17062	dara	ram	daram	True
17062	dara	raH	daraH	True
17062	dara	rA	darA	False
17062	dara	ram	daram	True
17068	daradAH	daH	daradaH	True
17068	daradAH	dam	daradam	True
17076	darodara	ram	darodaram	True
17077	dardara	raH	dardaraH	True
17078	dardarIkaH	kam	dardarIkam	True
17080	darduraH	rA	dardurA	True
17080	darduraH	rI	dardurI	False
17080	darduraH	ram	darduram	True
17107	davizWa	zWam	davizWam	True
17110	daSaka	kam	daSakam	True
17114	daSama	mam	daSamam	True
17126	dasma	smaH	dasmaH	True
17130	dasra	srO	dasrO	True
17130	dasra	sraH	dasraH	True
17130	dasra	sram	dasram	True
17132	dahana	naH	dahanaH	True
17132	dahana	nam	dahanam	True
17135	dagDa	gDA	dagDA	True
17135	dagDa	gDam	dagDam	True
17138	dAhaka	kaH	dAhakaH	True
17143	dahara	raH	daharaH	True
17144	dahra	hraH	dahraH	True
17146	datta	ttaH	dattaH	True
17146	datta	ttam	dattam	True
17150	dattrima	maH	dattrimaH	True
17155	dAtavya	vyam	dAtavyam	True
17159	dAtvaH	tvam	dAtvam	True
17160	dAnam	naH	dAnaH	True
17163	dAnIya	yam	dAnIyam	True
17164	dAnu	nuH	dAnuH	True
17170	deya	yam	deyam	True
17171	dAkza	kzam	dAkzam	True
17172	dAkzAyaRa	RaH	dAkzAyaRaH	True
17172	dAkzAyaRa	Ram	dAkzAyaRam	True
17178	dAkziRa	RA	dAkziRA	True
17178	dAkziRa	Ram	dAkziRam	True
17179	dAkziRAtya	tyaH	dAkziRAtyaH	True
17181	dAkziRya	Ryam	dAkziRyam	True
17188	dAqimaH	mam	dAqimam	True
17192	dARqa	RqA	dARqA	True
17194	dARqAjinika	kaH	dARqAjinikaH	True
17199	dADika	kam	dADikam	True
17213	dAmBika	kaH	dAmBikaH	True
17215	dAyaka	kaH	dAyakaH	True
17217	dAraH	rAH	dArAH	True
17218	dAraka	kaH	dArakaH	True
17219	dAraRam	RI	dAraRI	True
17226	dAradaH	daH	dAradaH	True
17226	dAradaH	dam	dAradam	True
17226	dAradaH	dAH	dAradAH	False
17228	dAru	ruH	dAruH	True
17228	dAru	ru	dAru	True
17229	dArukaH	kA	dArukA	True
17230	dAruRa	RaH	dAruRaH	True
17230	dAruRa	Ram	dAruRam	True
17255	dASeyaH	yI	dASeyI	True
17261	dASArhAH	rhaH	dASArhaH	True
17263	dASerakaH	kAH	dASerakAH	False
17285	diDizAyya	yyam	diDizAyyam	True
17305	divya	vyaH	divyaH	True
17305	divya	vyam	divyam	True
17312	dizwa	zwaH	dizwaH	True
17312	dizwa	zwam	dizwam	True
17319	digDa	gDaH	digDaH	True
17323	dIna	naH	dInaH	True
17323	dIna	nam	dInam	True
17323	dIna	nA	dInA	True
17331	dIkzita	taH	dIkzitaH	True
17333	dIdivi	viH	dIdiviH	True
17340	dIpaka	kaH	dIpakaH	True
17340	dIpaka	kam	dIpakam	True
17341	dIpana	nam	dIpanam	True
17341	dIpana	naH	dIpanaH	True
17341	dIpana	nI	dIpanI	True
17342	dIpanIya	yaH	dIpanIyaH	True
17342	dIpanIya	yam	dIpanIyam	True
17347	dIpta	ptaH	dIptaH	True
17347	dIpta	ptam	dIptam	True
17348	dIptakaH	kam	dIptakam	True
17350	dIptimat	tI	dIptimatI	True
17351	dIpya	pyam	dIpyam	True
17353	dIpra	praH	dIpraH	True
17354	dIrGa	rGaH	dIrGaH	True
17354	dIrGa	rGA	dIrGA	True
17354	dIrGa	rGam	dIrGam	True
17363	duHKa	Kam	duHKam	True
17367	duHKita	tam	duHKitam	True
17391	durodaraH	ram	durodaram	True
17401	duzwa	zwA	duzwA	True
17401	duzwa	zwam	duzwam	True
17404	dUzaka	kaH	dUzakaH	True
17405	dUzaRa	Ram	dUzaRam	True
17405	dUzaRa	RaH	dUzaRaH	True
17410	dUzita	tA	dUzitA	True
17410	dUzita	tam	dUzitam	True
17412	dUzya	zyam	dUzyam	True
17412	dUzya	zyA	dUzyA	True
17417	dozika	kaH	dozikaH	True
17423	dugDa	gDam	dugDam	True
17425	duGa	GA	duGA	True
17428	doGa	GaH	doGaH	True
17430	dohana	nam	dohanam	True
17430	dohana	nI	dohanI	True
17432	dohya	hyam	dohyam	True
17432	dohya	hyA	dohyA	True
17445	dUra	ram	dUram	True
17445	dUra	dUrAt	dUrAt	True
17455	dfta	tA	dftA	True
17463	dfQa	Qam	dfQam	True
17463	dfQa	Qam	dfQam	True
17473	darpaka	kaH	darpakaH	True
17474	darpaRaH	Ram	darpaRam	True
17476	dfpta	ptaH	dfptaH	True
17479	dfbDa	bDam	dfbDam	True
17485	darSa	rSaH	darSaH	True
17485	darSa	darSa	darSa	True
17485	darSa	darSam	darSam	True
17486	darSaka	kaH	darSakaH	True
17487	darSata	taH	darSataH	True
17488	darSana	nam	darSanam	True
17498	dfSAnaH	nam	dfSAnam	True
17500	dfSiH	SiH	dfSiH	True
17501	dfSIka	kA	dfSIkA	True
17501	dfSIka	kam	dfSIkam	True
17502	dfSya	SyaH	dfSyaH	True
17502	dfSya	Syam	dfSyam	True
17504	dfzwa	zwam	dfzwam	True
17509	dfzadvat	tI	dfzadvatI	True
17512	dIrRa	rRam	dIrRam	True
17517	deva	vaH	devaH	True
17517	deva	vam	devam	True
17518	devaka	kaH	devakaH	True
17526	devanaH	nam	devanam	True
17526	devanaH	nA	devanA	True
17528	devayu	yuH	devayuH	True
17536	devitavya	vyam	devitavyam	True
17547	deSika	kaH	deSikaH	True
17552	deSya	SyaH	deSyaH	True
17552	deSya	Syam	deSyam	True
17557	dehaH	haH	dehaH	True
17557	dehaH	hI	dehI	True
17561	dehin	nI	dehinI	True
17575	dEva	vaH	dEvaH	True
17575	dEva	vam	dEvam	True
17575	dEva	vI	dEvI	True
17577	dEvata	tam	dEvatam	True
17579	dEvatya	tyam	dEvatyam	True
17580	dEvika	kam	dEvikam	True
17582	dEvya	vyam	dEvyam	True
17588	dESika	kaH	dESikaH	True
17588	dESika	kam	dESikam	True
17589	dEzwika	kaH	dEzwikaH	True
17591	dEhya	hyaH	dEhyaH	True
17621	dOkUlaH	lam	dOkUlam	True
17652	dOzkula	lam	dOzkulam	True
17652	dOzkula	lyam	dOzkulyam	True
17657	dOhitraH	tram	dOhitram	True
17665	dyukzaH	kzaH	dyukzaH	True
17672	dyotana	naH	dyotanaH	True
17672	dyotana	nam	dyotanam	True
17674	dyotani	niH	dyotaniH	True
17684	dyUna	nam	dyUnam	True
17692	drapsa	psaH	drapsaH	True
17692	drapsa	psam	drapsam	True
17697	drava	vaH	dravaH	True
17716	drARa	Ram	drARam	True
17723	drAGizWa	zWaH	drAGizWaH	True
17730	drAvaka	kaH	drAvakaH	True
17730	drAvaka	kam	drAvakam	True
17735	drAviqaH	qAH	drAviqAH	True
17735	drAviqaH	qI	drAviqI	True
17736	drAviqakaH	kam	drAviqakam	True
17740	druta	taH	drutaH	True
17740	druta	tam	drutam	True
17740	druta	tam	drutam	True
17746	druRaH	Ram	druRam	True
17755	drugDa	gDam	drugDam	True
17761	druhaH	hI	druhI	True
17767	drURaH	Ram	drURam	True
17771	droRaH	RaH	droRaH	True
17771	droRaH	Ram	droRam	True
17771	droRaH	Ram	droRam	True
17777	drORika	kI	drORikI	False
17783	dvandaH	dam	dvandam	True
17784	dvandvam	ndvaH	dvandvaH	True
17788	dvaya	yam	dvayam	True
17788	dvaya	yI	dvayI	True
17794	dvAram	rI	dvArI	True
17800	dvika	kaH	dvikaH	True
17801	dvitaya	yam	dvitayam	True
17802	dvitIya	yaH	dvitIyaH	True
17802	dvitIya	yA	dvitIyA	True
17802	dvitIya	yam	dvitIyam	True
17802	dvitIya	yam	dvitIyam	True
17817	dvizwa	zwam	dvizwam	True
17819	dvezaRa	RaH	dvezaRaH	True
17819	dvezaRa	Ram	dvezaRam	True
17822	dvezya	zyaH	dvezyaH	True
17823	dvIpaH	pam	dvIpam	True
17824	dvIpavat	tI	dvIpavatI	True
17835	dvEDa	Dam	dvEDam	True
17835	dvEDa	Dam	dvEDam	True
17842	dvEpa	paH	dvEpaH	True
17842	dvEpa	pam	dvEpam	True
17846	dvEmAtura	raH	dvEmAturaH	True
17848	dvEraTam	TaH	dvEraTaH	True
17856	Da	DaH	DaH	True
17856	Da	Dam	Dam	True
17863	Dawin	nI	DawinI	True
17870	Danavat	tI	DanavatI	True
17873	Danika	kaH	DanikaH	True
17873	Danika	kaH	DanikaH	True
17873	Danika	kam	Danikam	True
17873	Danika	kA	DanikA	True
17875	DanizWa	zWA	DanizWA	True
17884	Danya	nyaH	DanyaH	True
17884	Danya	nyA	DanyA	True
17884	Danya	nyam	Danyam	True
17887	Danvam	nvaH	DanvaH	True
17889	DanvanaH	nam	Danvanam	True
17895	Dama	maH	DamaH	True
17899	Damana	naH	DamanaH	True
17899	Damana	nam	Damanam	True
17906	Dara	raH	DaraH	True
17906	Dara	ram	Daram	True
17907	DaraRa	RaH	DaraRaH	True
17907	DaraRa	Rama	DaraRam	True
17913	DaruRa	RaH	DaruRaH	True
17913	DaruRa	Ram	DaruRam	True
17918	DarmaH	rmam	Darmam	True
17926	DarmizWa	zWaH	DarmizWaH	True
17930	Darzaka	kaH	DarzakaH	True
17933	Darzita	tam	Darzitam	True
17933	Darzita	tA	DarzitA	True
17934	Darzin	RI	DarziRI	True
17936	Davala	laH	DavalaH	True
17936	Davala	lam	Davalam	True
17936	Davala	lA	DavalA	True
17936	Davala	lI	DavalI	True
17952	DAnam	nI	DAnI	True
17976	DAra	raH	DAraH	True
17977	DAraka	kaH	DArakaH	True
17977	DAraka	kA	DArakA	True
17977	DAraka	DArikA	DArikA	True
17978	DAraRa	RO	DAraRO	False
17978	DAraRa	Ram	DAraRam	True
17978	DAraRa	RI	DAraRI	True
17987	DArita	tam	DAritam	True
17990	DArya	ryam	DAryam	True
17993	DArmika	kaH	DArmikaH	True
17998	DAvaka	kaH	DAvakaH	True
18011	Dikkfta	tam	Dikkftam	True
18018	DizaRaH	Ram	DizaRam	True
18018	DizaRaH	RA	DizaRA	True
18020	DizRya	zRyaH	DizRyaH	True
18020	DizRya	zRyam	DizRyam	True
18028	DIra	raH	DIraH	True
18028	DIra	ram	DIram	True
18028	DIra	ram	DIram	True
18033	DIvaraH	ram	DIvaram	True
18033	DIvaraH	rI	DIvarI	True
18037	Duta	ti	Duti	True
18049	DurIRa	RaH	DurIRaH	True
18049	DurIRa	yaH	DuryaH	True
18050	Durya	ryaH	DuryaH	True
18050	Durya	ryam	Duryam	True
18061	DUta	tA	DUtA	True
18064	DUnanaH	nam	DUnanam	True
18075	DUmala	laH	DUmalaH	True
18081	DUmita	tA	DUmitA	True
18082	DUmin	nI	DUminI	True
18084	DUmra	mraH	DUmraH	True
18084	DUmra	mrA	DUmrA	True
18084	DUmra	mram	DUmram	True
18087	DUrta	rtaH	DUrtaH	True
18087	DUrta	rtam	DUrtam	True
18095	DUsara	raH	DUsaraH	True
18102	Dfta	tam	Dftam	True
18112	Dfzu	zuH	DfzuH	True
18113	Dfzwa	zwaH	DfzwaH	True
18113	Dfzwa	zwA	DfzwA	True
18120	DenaH	nA	DenA	True
18126	Deya	yam	Deyam	True
18136	DOta	tam	DOtam	True
18144	DOreya	yaH	DOreyaH	True
18156	DyAma	mam	DyAmam	True
18165	DyAnin	budDaH	DyAnibudDaH	True
18165	DyAnin	boDisattvaH	DyAniboDisattvaH	True
18181	Druva	vaH	DruvaH	True
18181	Druva	vam	Druvam	True
18181	Druva	vA	DruvA	True
18181	Druva	vam	Druvam	True
18188	DvaMsaH	sI	DvaMsI	True
18190	DvaMsana	nam	DvaMsanam	True
18200	Dvajin	nI	DvajinI	True
18207	Dvanita	tam	Dvanitam	True
18214	na	naH	naH	True
18219	nakulaH	lI	nakulI	True
18221	nakta	ktam	naktam	True
18225	nakraH	kram	nakram	True
18225	nakraH	krA	nakrA	True
18231	naKaH	Kam	naKam	True
18231	naKaH	KaH	naKaH	True
18248	nagna	gnaH	nagnaH	True
18248	nagna	gnA	nagnA	True
18249	nagnaka	kaH	nagnakaH	True
18266	naqaH	qaH	naqaH	True
18272	naqvala	lam	naqvalam	True
18272	naqvala	lA	naqvalA	True
18275	nata	tam	natam	True
18287	nadAla	lam	nadAlam	True
18295	nandaH	dI	nandI	True
18296	nandaka	kaH	nandakaH	True
18300	nandana	naH	nandanaH	True
18300	nandana	nA	nandanA	True
18300	nandana	nam	nandanam	True
18302	nandanta	ntaH	nandantaH	True
18302	nandanta	tI	nandantI	True
18304	nandiH	diH	nandiH	True
18305	nandikaH	kA	nandikA	True
18306	nandin	nI	nandinI	True
18312	napuMsakaH	kam	napuMsakam	True
18316	naBa	BaH	naBaH	True
18316	naBa	Bam	naBam	True
18316	naBa	BA	naBA	True
18317	naBanu	nu	naBanu	True
18320	naBasa	saH	naBasaH	True
18322	naBasya	syaH	naBasyaH	True
18324	naBya	Byam	naByam	True
18329	namata	taH	namataH	True
18329	namata	tam	namatam	True
18330	namanam	naH	namanaH	True
18335	namasya	syA	namasyA	True
18340	namraka	kaH	namrakaH	True
18346	naya	yaH	nayaH	True
18348	nayanam	nA	nayanA	True
18348	nayanam	nI	nayanI	True
18355	narya	ryaH	naryaH	True
18355	narya	ryO	naryO	False
18355	narya	ryam	naryam	True
18356	narakaH	kaH	narakaH	True
18362	narta	rtaH	nartaH	True
18363	nartakaH	kI	nartakI	True
18364	nartanaH	nam	nartanam	True
18372	nardita	taH	narditaH	True
18372	nardita	tam	narditam	True
18386	nalaH	lam	nalam	True
18390	nalinaH	nam	nalinam	True
18394	nava	vaH	navaH	True
18394	nava	vam	navam	True
18401	navaka	kam	navakam	True
18402	navata	taH	navataH	True
18406	navama	mI	navamI	True
18412	nazwa	zwam	nazwam	True
18418	nastaH	stam	nastam	True
18418	nastaH	stA	nastA	True
18422	nasya	syam	nasyam	True
18422	nasya	syA	nasyA	True
18427	nahuzya	zyaH	nahuzyaH	True
18429	nAka	kaH	nAkaH	True
18433	nAkzatra	traH	nAkzatraH	True
18433	nAkzatra	tram	nAkzatram	True
18434	nAkzatrika	kaH	nAkzatrikaH	True
18434	nAkzatrika	kI	nAkzatrikI	True
18435	nAga	gaH	nAgaH	True
18435	nAga	gam	nAgam	True
18435	nAga	gI	nAgI	True
18437	nAgara	raH	nAgaraH	True
18437	nAgara	ram	nAgaram	True
18437	nAgara	rI	nAgarI	True
18438	nAgaraka	kaH	nAgarakaH	True
18438	nAgaraka	kam	nAgarakam	True
18446	nAciketaH	tam	nAciketam	True
18448	nAwakam	kaH	nAwakaH	True
18448	nAwakam	kI	nAwakI	True
18449	nAwakIya	yA	nAwakIyA	True
18454	nAwyam	wyaH	nAwyaH	True
18458	nAqiMDama	maH	nAqiMDamaH	True
18466	nAtraH	tram	nAtram	True
18475	nAdeya	yam	nAdeyam	True
18475	nAdeya	yI	nAdeyI	True
18476	nAdya	dyam	nAdyam	True
18486	nAndana	nam	nAndanam	True
18492	nApityam	tyaH	nApityaH	True
18497	nABi	BiH	nABiH	True
18501	nABya	ByaH	nAByaH	True
18514	nAyaka	kaH	nAyakaH	True
18517	nAra	raH	nAraH	True
18517	nAra	rA	nArA	True
18517	nAra	ram	nAram	True
18518	nAraka	kaH	nArakaH	True
18520	nAraNgaH	Ngam	nAraNgam	True
18520	nAraNgaH	Ngakam	nAgaraNgakam	True
18522	nArasiMha	haH	nArasiMhaH	True
18525	nArAyaRaH	RI	nArAyaRI	True
18527	nArikeraH	lI	NarikelI	False
18534	nAla	lam	nAlam	True
18534	nAla	laH	nAlaH	True
18538	nAlikaH	kA	nAlikA	True
18538	nAlikaH	kam	nAlikam	True
18541	nAlIkaH	kam	nAlIkam	True
18548	nAvya	vyam	nAvyam	True
18548	nAvya	vyA	nAvyA	True
18554	nASana	nam	nASanam	True
18568	nAsikya	kyaH	nAsikyaH	True
18568	nAsikya	kyO	nAsikyO	True
18571	nAsiram	raH	nAsiraH	True
18585	niHSaNka	Nkam	niHSaNkam	True
18590	niHSeza	zam	niHSezam	True
18590	niHSeza	zeRa	niHSezeRa	True
18595	niHSvasita	tam	niHSvasitam	True
18598	niHsaMga	gaH	niHsaMgaH	True
18614	niHsvanaH	naH	niHsvanaH	True
18617	nikawa	waH	nikawaH	True
18617	nikawa	wam	nikawam	True
18619	nikAma	maH	nikAmaH	True
18619	nikAma	mam	nikAmam	True
18619	nikAma	mam	nikAmam	True
18642	nikfta	tam	nikftam	True
18643	nikfti	tiH	nikftiH	True
18647	nikfntana	nam	nikfntanam	True
18650	nikfzwa	zwam	nikfzwam	True
18653	niketanaH	nam	niketanam	True
18671	niKarva	rvam	niKarvam	True
18672	niKila	lena	niKilena	True
18673	nigaqa	qaH	nigaqaH	True
18673	nigaqa	qam	nigaqam	True
18680	nigadita	tam	nigaditam	True
18689	nigu	guH	niguH	True
18693	nigaraRam	RaH	nigaraRaH	True
18697	nigUQa	Qam	nigUQam	True
18706	nigrahaRa	Ram	nigrahaRam	True
18709	niGa	GaH	niGaH	True
18718	niGfzva	zvaH	niGfzvaH	True
18718	niGfzva	zvam	niGfzvam	True
18742	niRya	Ryam	niRyam	True
18745	nitambavat	tI	nitambavatI	True
18746	nitambin	nI	nitambinI	True
18749	nitAnta	tam	nitAntam	True
18750	nitya	tyaH	nityaH	True
18750	nitya	tyA	nityA	True
18750	nitya	tyam	nityam	True
18750	nitya	tyam	nityam	True
18756	nida	dam	nidam	True
18761	nidigDa	gDA	nidigDA	True
18767	nideSin	nI	nideSinI	True
18770	nidarSana	nam	nidarSanam	True
18770	nidarSana	nA	nidarSanA	True
18776	nidrAlu	luH	nidrAluH	True
18778	niDana	naH	niDanaH	True
18778	niDana	nam	niDanam	True
18778	niDana	naH	niDanaH	True
18778	niDana	nam	niDanam	True
18793	ninAdita	tam	ninAditam	True
18810	nipaH	paH	nipaH	True
18817	nipAtana	nam	nipAtanam	True
18828	nipIqanam	nA	nipIqanA	True
18830	nipuRa	Ram	nipuRam	True
18830	nipuRa	Ram	nipuRam	True
18837	nibanDaH	Dam	nibanDam	True
18841	nibarhaRa	nam	nibarhaRam	True
18848	niBa	BaH	niBaH	True
18848	niBa	Bam	niBam	True
18853	niBfta	tA	niBftA	True
18853	niBfta	tam	niBftam	True
18853	niBfta	tam	niBftam	True
18884	nimna	mna	nimna	True
18894	niyata	tam	niyatam	True
18894	niyata	tam	niyatam	True
18902	niyAmaka	kaH	niyAmakaH	True
18908	niyukta	ktaH	niyuktaH	True
18908	niyukta	ktam	niyuktam	True
18915	niyojanam	nI	niyojanI	True
18931	nirasta	staH	nirastaH	True
18931	nirasta	stam	nirastam	True
18932	nirasana	nam	nirasanam	True
18934	nirasa	saH	nirasaH	True
18953	nirukta	ktam	niruktam	True
18959	nirUQa	QaH	nirUQaH	True
18986	nirGarzaRaka	kam	nirGarzaRakam	True
18995	nirjita	indriyaH	nirjitendriyaH	True
18996	nirJaraH	raH	nirJaraH	True
19019	nirdara	raH	nirdaraH	True
19019	nirdara	ram	nirdaram	True
19023	nirdahana	nam	nirdahanam	True
19026	nirdigDa	gDA	nirdigDA	True
19037	nirDUta	taH	nirDUtaH	True
19064	nirmanTya	Tyam	nirmanTyam	True
19068	nirmARam	RA	nirmARA	True
19071	nirmAlya	lyam	nirmAlyam	True
19073	nirmukta	ktaH	nirmuktaH	True
19109	nirvapaRa	Ram	nirvapaRam	True
19122	nirvAhaRa	Ram	nirvAhaRam	True
19125	nirvARa	Ram	nirvARam	True
19139	nirvfta	tam	nirvftam	True
19174	nivat	tA	nivattA	False
19179	nivara	raH	nivaraH	True
19190	nivAta	taH	nivAtaH	True
19190	nivAta	tam	nivAtam	True
19198	nivedanam	naH	nivedanaH	True
19201	nivirISa	sA	nivirIsA	True
19206	niveSanam	nI	niveSanI	False
19207	niviSeza	zaH	niviSezaH	True
19208	nivItam	taH	nivItaH	True
19208	nivItam	tam	nivItam	True
19213	nivfta	taH	nivftaH	True
19213	nivfta	tam	nivftam	True
19217	nivartana	nam	nivartanam	True
19220	nivftta	ttam	nivfttam	True
19224	nivezya	zyaH	nivezyaH	True
19224	nivezya	zyam	nivezyam	True
19233	niSAnta	tam	niSAntam	True
19241	niSita	tam	niSitam	True
19241	niSita	tA	niSitA	True
19244	niSArukaH	kam	niSArukam	True
19252	niScala	lA	niScalA	True
19260	niScita	tam	niScitam	True
19260	niScita	tam	niScitam	True
19278	nizadanam	naH	nizadanaH	True
19280	nizadvaraH	rA	nizadvarA	False
19280	nizadvaraH	rI	nizadvarI	True
19283	nizaDa	DAH	nizaDAH	True
19283	nizaDa	DaH	nizaDaH	True
19283	nizaDa	DA	nizaDA	True
19296	nizUdanam	naH	nizUdanaH	True
19302	nizkaH	zkaH	nizkaH	True
19320	nizkfta	tam	nizkftam	True
19325	nizkarzaH	zam	nizkarzam	True
19345	nizwya	zwyaH	nizwyaH	True
19345	nizwya	zwyA	nizwyA	True
19346	nizWa	zWA	nizWA	True
19355	nizWyUta	tam	nizWyUtam	True
19357	nizWura	ram	nizWuram	True
19368	nizpanda	ndaH	nizpandaH	True
19375	nizpAva	vaH	nizpAvaH	True
19383	nisUdana	nam	nisUdanam	True
19399	nispanda	daH	nispandaH	True
19413	nihIna	naH	nihInaH	True
19422	nIta	tam	nItam	True
19425	nITaH	TA	nITA	True
19425	nITaH	TA	nITA	True
19425	nITaH	Tam	nITam	True
19431	nIca	caH	nIcaH	True
19431	nIca	cA	nIcA	True
19431	nIca	cam	nIcam	True
19443	nIpa	paH	nIpaH	True
19443	nIpa	pam	nIpam	True
19449	nIla	laH	nIlaH	True
19449	nIla	lA	nIlA	True
19449	nIla	le	nIle	True
19449	nIla	lam	nIlam	True
19450	nIlakam	kaH	nIlakaH	True
19458	nIvaraH	ram	nIvaram	True
19477	nUtana	nam	nUtanam	True
19484	nfmRa	mRaH	nfmRaH	True
19484	nfmRa	mRam	nfmRam	True
19494	nfSaMsa	sam	nfSaMsam	True
19497	nfSaMsya	syam	nfSaMsyam	True
19515	nepaH	pam	nepam	True
19517	nepAlaH	lAH	nepAlAH	False
19517	nepAlaH	lam	nepAlam	True
19517	nepAlaH	lI	nepAlI	True
19520	nema	maH	nemaH	True
19521	nemiH	miH	nemiH	True
19529	nEka	kaH	nEkaH	True
19532	nEkawika	kaH	nEkawikaH	True
19536	nEgama	maH	nEgamaH	True
19539	nEcASAKa	Kam	nEcASAKam	True
19545	nEtyaka	kam	nEtyakam	True
19550	nEDana	nam	nEDanam	True
19553	nEpAla	lI	nEpAlI	True
19554	nEpAlika	kam	nEpAlikam	True
19560	nEmitta	ttaH	nEmittaH	True
19561	nEmittika	kaH	nEmittikaH	True
19561	nEmittika	kam	nEmittikam	True
19562	nEmiza	zam	nEmizam	True
19567	nEyamika	kam	nEyamikam	True
19577	nErftaH	tam	nErftam	True
19587	nErvAhika	kam	nErvAhikam	True
19602	nEzkika	kaH	nEzkikaH	True
19606	nEzWika	kaH	nEzWikaH	True
19626	nyakza	kzaH	nyakzaH	True
19626	nyakza	kzam	nyakzam	True
19627	nyagroDaH	DI	nyagroDI	True
19632	nyaYcanam	nI	nyaYcanI	True
19659	nyubja	bjaH	nyubjaH	True
19659	nyubja	bjam	nyubjam	True
19660	nyUna	nam	nyUnam	True
19660	nyUna	nam	nyUnam	True
19667	pa	paH	paH	True
19687	pakzya	kzyaH	pakzyaH	True
19693	paNkila	laH	paNkilaH	True
19695	paNkeruh	haH	paNkeruhaH	True
19701	paNgu	guH	paNguH	True
19704	paNgula	laH	paNgulaH	True
19710	pakva	kvam	pakvam	True
19714	paca	caH	pacaH	True
19714	paca	cA	pacA	True
19717	pacata	taH	pacataH	True
19717	pacata	tam	pacatam	True
19718	pacana	naH	pacanaH	True
19718	pacana	nA	pacanA	True
19718	pacana	nI	pacanI	True
19718	pacana	nam	pacanam	True
19723	pacelima	maH	pacelimaH	True
19728	pajra	jraH	pajraH	True
19733	paYcaka	kaH	paYcakaH	True
19733	paYcaka	kam	paYcakam	True
19733	paYcaka	kam	paYcakam	True
19736	paYcatA	paYcatAM	paYcatAM	False
19736	paYcatA	tvam gam	paYcatvam	True
19736	paYcatA	yA	paYcatAyA	False
19740	paYcama	maH	paYcamaH	True
19740	paYcama	mam	paYcamam	True
19740	paYcama	mam	paYcamam	True
19740	paYcama	mI	paYcamI	True
19748	paYcAlAH	laH	paYcAlaH	True
19754	paYjaram	raH	paYjaraH	True
19754	paYjaram	ram	paYjaram	True
19754	paYjaram	raH	paYjaraH	True
19759	pawaH	waH	pawaH	True
19759	pawaH	wam	pawam	True
19761	pawamaya	yaH	pawamayaH	True
19762	pawaccaraH	ram	pawaccaram	True
19765	pawalam	laH	pawalaH	True
19765	pawalam	lI	pawalI	True
19765	pawalam	laH	pawalaH	True
19765	pawalam	lam	pawalam	True
19775	pawIra	raH	pawIraH	True
19775	pawIra	ram	pawIram	True
19776	pawu	wuH	pawuH	True
19776	pawu	wu	pawu	True
19776	pawu	wu	pawu	True
19779	pawolaH	lam	pawolam	True
19781	pawwaH	wwI	pawwI	True
19810	paRita	tam	paRitam	True
19812	paRya	RyaH	paRyaH	True
19820	paRqita	taH	paRqitaH	True
19821	paRqitaka	kaH	paRqitakaH	True
19826	pata	taH	pataH	True
19827	pataka	kaH	patakaH	True
19828	pataNgaH	Ngam	pataNgam	True
19838	patanIya	yam	patanIyam	True
19842	patita	tam	patitam	True
19843	patera	raH	pateraH	True
19850	patAkin	nI	patAkinI	True
19869	patrala	lam	patralam	True
19878	paTakaH	kaH	paTakaH	True
19878	paTakaH	kam	paTakam	True
19884	paTya	TyA	paTyA	True
19884	paTya	Tyam	paTyam	True
19887	padam	daH	padaH	True
19888	padakam	kaH	padakaH	True
19897	padika	kaH	padikaH	True
19897	padika	kam	padikam	True
19902	panna	nnam	pannam	True
19903	padma	dmam	padmam	True
19903	padma	dmaH	padmaH	True
19903	padma	dmA	padmA	True
19911	padya	dyaH	padyaH	True
19911	padya	dyA	padyA	True
19911	padya	dyam	padyam	True
19919	panasaH	sA	panasA	False
19919	panasaH	sI	panasI	True
19919	panasaH	sam	panasam	True
19926	papu	puH	papuH	True
19930	payasya	syaH	payasyaH	True
19930	payasya	syA	payasyA	True
19932	payasvala	laH	payasvalaH	True
19933	payasvin	nI	payasvinI	True
19937	para	raH	paraH	True
19937	para	ram	param	True
19938	parakIya	yA	parakIyA	True
19942	paratra	tram	paratram	True
19944	paraMtapa	paH	paraMtapaH	True
19945	parama	mam	paramam	True
19945	parama	mam	paramam	True
19951	paramezWa	zWaH	paramezWaH	True
19953	paraMpara	raH	paraMparaH	True
19953	paraMpara	rA	paraMparA	True
19959	paraYjaH	jA	paraYjA	False
19959	paraYjaH	jam	paraYjam	True
19969	parAka	kaH	parAkaH	True
19986	parAcIna	nam	parAcInam	True
20032	parAsaH	sam	parAsam	True
20036	parAsu	parAsutA	parAsutA	True
20036	parAsu	parAsutvam	parAsutvam	True
20040	parAhata	tam	parAhatam	True
20040	parAhata	tiH	parAhatiH	True
20075	parikrAnta	tam	parikrAntam	True
20082	pariklizwa	zwam	pariklizwam	True
20085	parikvaRana	naH	parikvaRanaH	True
20132	pariGaH	GO	pariGO	False
20144	paricara	raH	paricaraH	True
20145	paricaraRaH	Ram	paricaraRam	True
20196	pariRata	taH	pariRataH	True
20196	pariRata	tam	pariRatam	True
20220	paritakmya	kmyA	paritakmyA	True
20234	paritozaRa	Ram	paritozaRam	True
20240	parityakta	ktam	parityaktam	True
20269	pariDAnIyam	yA	pariDAnIyA	True
20284	parinirvARa	Ram	parinirvARam	True
20326	paripelava	vam	paripelavam	True
20337	pariplava	vaH	pariplavaH	True
20338	paripluta	tam	pariplutam	True
20338	paripluta	tA	pariplutA	True
20338	paripluta	ti	paripluti	False
20349	paribfMhita	tam	paribfMhitam	True
20386	parimaRqala	lam	parimaRqalam	True
20386	parimaRqala	laH	parimaRqalaH	True
20430	parimlAna	nam	parimlAnam	True
20463	parivAdin	nI	parivAdinI	True
20493	parivIta	tam	parivItam	True
20494	parivfQa	QaH	parivfQaH	True
20500	parivfta	tam	parivftam	True
20507	parivartita	tam	parivartitam	True
20510	parivftta	ttam	parivfttam	True
20520	parivedanam	nA	parivedanA	True
20538	pariSizwa	zwam	pariSizwam	True
20548	pariSuzka	zkam	pariSuzkam	True
20568	parizkaRRa	RRaH	parizkaRRaH	True
20569	parizkanda	ndaH	parizkandaH	True
20585	parisaMvatsara	raH	parisaMvatsaraH	True
20642	parihArya	ryaH	parihAryaH	True
20667	paruza	zam	paruzam	True
20672	pareta	taH	paretaH	True
20677	parokza	kzaH	parokzaH	True
20677	parokza	kzam	parokzam	True
20685	parkawaH	wam	parkawam	True
20690	parRam	rRaH	parRaH	True
20701	parpawaH	wI	parpawI	True
20704	parparIRam	RaH	parparIRaH	True
20714	paryanta	taH	paryantaH	True
20752	paryApta	ptam	paryAptam	True
20769	paryukzaRam	RI	paryukzaRI	True
20806	palaH	lam	palam	True
20809	palaMkazaH	zA	palaMkazA	True
20811	palalaH	lam	palalam	True
20826	palASa	SaH	palASaH	True
20826	palASa	Sam	palASam	True
20826	palASa	SI	palASI	True
20833	palita	tam	palitam	True
20845	pallavaH	vaH	pallavaH	True
20849	pallavikaH	kA	pallavikA	True
20850	pallavita	taH	pallavitaH	True
20856	pavaH	vA	pavA	True
20856	pavaH	vam	pavam	True
20858	pavana	naH	pavanaH	True
20858	pavana	nam	pavanam	True
20858	pavana	nI	pavanI	True
20860	pavita	tam	pavitam	True
20864	pavitra	tram	pavitram	True
20864	pavitra	trA	pavitrA	True
20877	paSavya	vyam	paSavyam	True
20880	paSca	ScA	paScA	True
20891	pastyam	styA	pastyA	True
20893	paspaSaH	SAH	paspaSAH	True
20901	pAMsana	nam	pAMsanam	True
20905	pAMsula	laH	pAMsulaH	True
20905	pAMsula	laH	pAMsulaH	True
20905	pAMsula	lam	pAMsulam	True
20905	pAMsula	lA	pAMsulA	True
20907	pAka	kaH	pAkaH	True
20913	pAkya	kyaH	pAkyaH	True
20916	pAkzika	kaH	pAkzikaH	True
20922	pAcaka	kaH	pAcakaH	True
20922	pAcaka	kam	pAcakam	True
20923	pAcana	naH	pAcanaH	True
20923	pAcana	nam	pAcanam	True
20924	pAcanakaH	kam	pAcanakam	True
20926	pAcala	laH	pAcalaH	True
20935	pAYcanada	daH	pAYcanadaH	True
20937	pAYcayajYika	kam	pAYcayajYikam	True
20942	pAYcAla	laH	pAYcAlaH	True
20942	pAYcAla	lAH	pAYcAlAH	False
20943	pAYcAlaka	kaH	pAYcAlakaH	True
20949	pAwaH	wA	pAwA	True
20954	pAwala	laH	pAwalaH	True
20954	pAwala	lam	pAwalam	True
20962	pAwalika	kaH	pAwalikaH	True
20974	pAWadvya	m	pAWadvyam	True
20977	pARiH	RiH	pARiH	True
20980	pARika	kaH	pARikaH	True
20983	pARinIya	yaH	pARinIyaH	True
20983	pARinIya	yam	pARinIyam	True
20984	pARqara	ram	pARqaram	True
20991	pARqu	RquH	pARquH	True
20994	pARqura	ram	pARquram	True
20997	pARqyAH	RqyaH	pARqyaH	True
21003	pAtana	nam	pAtanam	True
21007	pAtuka	kaH	pAtukaH	True
21013	pAtaYjala	lam	pAtaYjalam	True
21014	pAtAlam	laH	pAtAlaH	True
21021	pAtram	traH	pAtraH	True
21021	pAtram	trI	pAtrI	True
21023	pAtrawa	waH	pAtrawaH	True
21028	pAtrika	kam	pAtrikam	True
21028	pAtrika	kI	pAtrikI	True
21028	pAtrika	kA	pAtrikA	True
21037	pATaH	Tam	pATam	True
21045	pAdAtaH	tam	pAdAtam	True
21050	pAduka	kA	pAdukA	True
21050	pAduka	kam	pAdukam	True
21053	pAdya	dyam	pAdyam	True
21058	pAnam	naH	pAnaH	True
21062	pAnIya	yam	pAnIyam	True
21064	pApa	pam	pApam	True
21064	pApa	pam	pApam	True
21064	pApa	paH	pApaH	True
21064	pApa	pA	pApA	True
21065	pApaka	kaH	pApakaH	True
21065	pApaka	kam	pApakam	True
21067	pApala	lam	pApalam	True
21074	pAmara	raH	pAmaraH	True
21078	pAyanam	nA	pAyanA	True
21081	pAyya	yyam	pAyyam	True
21082	pAyasa	saH	pAyasaH	True
21082	pAyasa	sam	pAyasam	True
21082	pAyasa	sam	pAyasam	True
21088	pAraH	raH	pAraH	True
21090	pArya	ryam	pAryam	True
21092	pArakya	kyaH	pArakyaH	True
21092	pArakya	kyam	pArakyam	True
21097	pAraRa	RaH	pAraRaH	True
21097	pAraRa	Ram	pAraRam	True
21097	pAraRa	RA	pAraRA	True
21105	pAratrya	tryam	pAratryam	True
21107	pAradaH	dAH	pAradAH	False
21110	pAradeSika	kaH	pAradeSikaH	True
21111	pAradeSya	SyaH	pAradeSyaH	True
21114	pAramahaMsya	syam	pAramahaMsyam	True
21117	pAramita	tA	pAramitA	True
21120	pAraMpara	rI	pAraMparI	True
21123	pAraMparyam	pAraMparyeRa	pAraMparyeRa	False
21126	pAralOkika	kam	pAralOkikam	True
21130	pAraSava	vaH	pAraSavaH	True
21130	pAraSava	vI	pAraSavI	True
21136	pArasIkaH	kAH	pArasIkAH	False
21147	pArAvAraH	ram	pArAvAram	True
21149	pArASaraH	rAH	pArASarAH	False
21161	pAriRAyya	yyam	pAriRAyyam	True
21164	pAritozika	kam	pAritozikam	True
21174	pAriplava	vaH	pAriplavaH	True
21174	pAriplava	vam	pAriplavam	True
21175	pAriplAvyaH	vyam	pAriplAvyam	True
21192	pAriSezyam	zyAt	pAriSezyAt	True
21193	pArizada	daH	pArizadaH	True
21193	pArizada	dAH	pArizadAH	False
21193	pArizada	dam	pArizadam	True
21196	pArihArika	kaH	pArihArikaH	True
21196	pArihArika	kI	pArihArikI	True
21197	pArihAryaH	ryam	pArihAryam	True
21208	pAruzyam	zyaH	pAruzyaH	True
21216	pArRa	rRaH	pArRaH	True
21221	pArTiva	vaH	pArTivaH	True
21221	pArTiva	vam	pArTivam	True
21221	pArTiva	vA	pArTivA	False
21226	pArvaRa	Ram	pArvaRam	True
21230	pArvatIya	yaH	pArvatIyaH	True
21231	pArvateya	yam	pArvateyam	True
21235	pArSva	rSvaH	pArSvaH	True
21235	pArSva	rSvam	pArSvam	True
21235	pArSva	rSvaH	pArSvaH	True
21235	pArSva	rSvam	pArSvam	True
21239	pArSvikaH	kaH	pArSvikaH	True
21240	pArzata	taH	pArzataH	True
21240	pArzata	tI	pArzatI	True
21247	pAlaH	lI	pAlI	True
21248	pAlakaH	kam	pAlakam	True
21249	pAlana	nam	pAlanam	True
21251	pAlya	lyam	pAlyam	True
21255	pAlakApyaH	pyam	pAlakApyam	True
21256	pAlaNkaH	NkI	pAlaNkI	True
21260	pAlASa	SaH	pAlASaH	True
21261	pAliH	lI	pAlI	True
21269	pAvaka	kaH	pAvakaH	True
21269	pAvaka	kI	pAvakI	True
21272	pAvana	naH	pAvanaH	True
21272	pAvana	nam	pAvanam	True
21280	pASaH	SI	pASI	True
21290	pASava	vam	pASavam	True
21292	pASupata	taH	pASupataH	True
21292	pASupata	tam	pASupatam	True
21294	pASubanDakaH	kA	pASubanDakA	False
21295	pAScAtya	tyam	pAScAtyam	True
21296	pAzaRqa	RqaH	pAzaRqaH	True
21296	pAzaRqa	RqaH	pAzaRqaH	True
21296	pAzaRqa	Rqam	pAzaRqam	True
21298	pAzARaH	RI	pAzARI	True
21306	piNga	NgaH	piNgaH	True
21306	piNga	NgA	piNgA	True
21306	piNga	Ngam	piNgam	True
21307	piNgala	laH	piNgalaH	True
21307	piNgala	lam	piNgalam	True
21307	piNgala	lA	piNgalA	True
21312	piNgASaH	Sam	piNgASam	True
21312	piNgASaH	SI	piNgASI	True
21322	piccawa	waH	piccawaH	True
21322	piccawa	wam	piccawam	True
21326	picCam	cCaH	picCaH	True
21326	picCam	cCA	picCA	True
21330	picCila	laH	picCilaH	True
21330	picCila	lA	picCilA	True
21330	picCila	lam	picCilam	True
21334	piYja	YjaH	piYjaH	True
21334	piYja	Yjam	piYjam	True
21334	piYja	YjA	piYjA	True
21337	piYjara	raH	piYjaraH	True
21337	piYjara	ram	piYjaram	True
21341	piYjala	lam	piYjalam	True
21341	piYjala	lI	piYjalI	True
21350	piwaH	wam	piwam	True
21351	piwakaH	kA	piwakA	False
21359	piWaraH	ram	piWaram	True
21359	piWaraH	raH	piWaraH	True
21364	piRqa	RqaH	piRqaH	True
21364	piRqa	Rqam	piRqam	True
21364	piRqa	Rqam	piRqam	True
21365	piRqakaH	kaH	piRqakaH	True
21367	piRqanam	naH	piRqanaH	True
21374	piRqita	taH	piRqitaH	True
21376	piRqila	laH	piRqilaH	True
21379	piRqIra	raH	piRqIraH	True
21382	pitAmahaH	hAH	pitAmahAH	False
21385	pitf	rO	pitrO	False
21385	pitf	raH	pitraH	False
21392	pittala	lam	pittalam	True
21393	pitrya	tryaH	pitryaH	True
21393	pitrya	tryA	pitryA	True
21393	pitrya	tryam	pitryam	True
21399	piDAnam	nI	piDAnI	True
21402	pihita	tam	pihitam	True
21412	pipatizu	zuH	pipatizuH	True
21418	pipIlikaH	kam	pipIlikam	True
21421	pippalaH	lam	pippalam	True
21426	piyAlaH	lam	piyAlam	True
21430	pilla	llam	pillam	True
21434	piSaNga	NgaH	piSaNgaH	True
21443	piSuna	naH	piSunaH	True
21443	piSuna	nam	piSunam	True
21448	pizwa	zwam	pizwam	True
21449	pizwakaH	kam	pizwakam	True
21468	pIqita	tam	pIqitam	True
21468	pIqita	tam	pIqitam	True
21469	pIta	taH	pItaH	True
21469	pIta	tam	pItam	True
21470	pItaka	kaH	pItakaH	True
21470	pItaka	kam	pItakam	True
21471	pItanaH	nam	pItanam	True
21472	pItala	laH	pItalaH	True
21472	pItala	lam	pItalam	True
21478	pITaH	Tam	pITam	True
21486	pIluH	lu	pIlu	True
21492	pIvara	raH	pIvaraH	True
21492	pIvara	rI	pIvarI	True
21499	pukkaSa	SaH	pukkaSaH	True
21499	pukkaSa	zaH	pukkazaH	True
21499	pukkaSa	saH	pukkasaH	True
21499	pukkaSa	SI	pukkaSI	True
21499	pukkaSa	sI	pukkasI	True
21500	pukkaSaka	kaH	pukkaSakaH	True
21517	puwaH	waH	puwaH	True
21517	puwaH	wam	puwam	True
21522	puwita	tam	puwitam	True
21531	puRqarIkam	kaH	puRqarIkaH	True
21534	puRqraH	RqrAH	puRqRqrAH	False
21536	puRya	Ryam	puRyam	True
21536	puRya	RyA	puRyA	True
21537	puRyakam	kaH	puRyakaH	True
21543	putraH	trO	putrO	True
21548	putrin	RI	putriRI	True
21556	pudgala	laH	pudgalaH	True
21565	pura	ram	puram	True
21566	puraYjanaH	nI	puraYjanI	True
21567	puraMdaraH	rA	puraMdarA	True
21590	purohita	taH	purohitaH	True
21592	purAtana	naH	purAtanaH	True
21594	purARa	Ram	purARam	True
21594	purARa	RaH	purARaH	True
21600	purIzam	zyam	purIzyam	True
21601	purIzaRaH	Ram	purIzaRam	True
21605	puru	ruH	puruH	True
21607	puruzaH	zI	puruzI	True
21607	puruzaH	zam	puruzam	True
21611	puruzAyita	tam	puruzAyitam	True
21618	pula	laH	pulaH	True
21618	pula	lam	pulam	True
21618	pula	lI	pulI	True
21641	puzwa	zwaH	puzwaH	True
21641	puzwa	zwam	puzwam	True
21643	puzkaram	raH	puzkaraH	True
21643	puzkaram	raH	puzkaraH	True
21643	puzkaram	ram	puzkaram	True
21648	puzkala	laH	puzkalaH	True
21648	puzkala	lam	puzkalam	True
21656	puzpavat	tI	puzpavatI	True
21660	puzpita	tA	puzpitA	True
21663	puzyaH	zyam	puzyam	True
21663	puzyaH	zyA	puzyA	True
21668	pustakaH	AgAram	pustakAgAram	True
21668	pustakaH	AstaraRam	pustakAstraRam	False
21668	pustakaH	mudrA	pustakamudrA	True
21668	pustakaH	pustikApUlikaH	pustikApUlikaH	False
21672	pUta	taH	pUtaH	True
21672	pUta	tam	pUtam	True
21672	pUta	tA	pUtA	True
21675	pUgaH	gam	pUgam	True
21679	pUjanam	nA	pUjanA	True
21679	pUjanam	nI	pUjanI	True
21683	pUjila	laH	pUjilaH	True
21684	pUjya	jyaH	pUjyaH	True
21689	pUtanaH	nA	pUtanA	True
21690	pUti	tiH	pUtiH	True
21691	pUtika	kam	pUtikam	True
21700	pUraH	ram	pUram	True
21701	pUraka	kaH	pUrakaH	True
21702	pUraRa	RaH	pUraRaH	True
21702	pUraRa	RI	pUraRI	True
21702	pUraRa	Ram	pUraRam	True
21706	pUrRa	rRA	pUrRA	True
21706	pUrRa	rRam	pUrRam	True
21710	pUrta	rtam	pUrtam	True
21715	pUrva	rvaH	pUrvaH	True
21715	pUrva	rvam	pUrvam	True
21715	pUrva	rvA	pUrvA	True
21715	pUrva	rvam	pUrvam	True
21716	pUrvaka	kaH	pUrvakaH	True
21731	pUzaH	zA	pUzA	True
21731	pUzaH	zam	pUzam	True
21735	pfkta	ktam	pfktam	True
21760	pfTu	TuH	pfTuH	True
21760	pfTu	Tu	pfTu	True
21761	pfTukaH	kaH	pfTukaH	True
21761	pfTukaH	kA	pfTukA	True
21766	pfSana	nam	pfSanam	True
21767	pfSni	SniH	pfSniH	True
21767	pfSni	Sni	pfSni	True
21771	pfzata	taH	pfzataH	True
21779	pfzwa	zwam	pfzwam	True
21785	pfzWya	zWyaH	pfzWyaH	True
21785	pfzWya	zWyA	pfzWyA	True
21785	pfzWya	zWyam	pfzWyam	True
21791	pewaH	waH	pewaH	True
21799	petvam	tvaH	petvaH	True
21800	peya	yam	peyam	True
21800	peya	yA	peyA	True
21807	pelaH	lam	pelam	True
21807	pelaH	pelakaH	pelakaH	True
21815	peSala	lam	peSalam	True
21815	peSala	laH	peSalaH	True
21829	pENgalaH	lam	pENgalam	True
21839	pEtAmaha	hAH	pEtAmahAH	False
21839	pEtAmaha	ham	pEtAmaham	True
21842	pEtfka	kam	pEtfkam	True
21844	pEtfzvaseyaH	yI	pEtfzvaseyI	True
21847	pEtra	tram	pEtram	True
21854	pESAca	caH	pESAcaH	True
21854	pESAca	cI	pESAcI	True
21860	pEzwika	kam	pEzwikam	True
21863	pogaRqa	RqaH	pogaRqaH	True
21901	pOMsna	snam	pOMsnam	True
21903	pOgaRqa	Rqam, pOgaRqakam	pOgaRqam	True
21904	pORqarIka	kaH	pORqarIkaH	True
21913	pOtra	traH	pOtraH	True
21913	pOtra	trI	pOtrI	True
21913	pOtra	tram	pOtram	True
21921	pOnarBava	vaH	pOnarBavaH	True
21922	pOra	raH	pOraH	True
21922	pOra	rI	pOrI	True
21922	pOra	ram	pOram	True
21926	pOraMdara	ram	pOraMdaram	True
21928	pOrava	vaH	pOravaH	True
21932	pOrARika	kaH	pOrARikaH	True
21934	pOruza	zaH	pOruzaH	True
21934	pOruza	zI	pOruzI	True
21934	pOruza	zam	pOruzam	True
21936	pOruzeya	yaH	pOruzeyaH	True
21936	pOruzeya	yam	pOruzeyam	True
21945	pOrRamAsa	saH	pOrRamAsaH	True
21945	pOrRamAsa	sam	pOrRamAsam	True
21961	pOloma	maH	pOlomaH	True
21963	pOzaH	zI	pOzI	True
21963	pOzaH	zam	pOzam	True
21970	pOzwika	kam	pOzwikam	True
21972	pOzpa	zpI	pOzpI	True
21977	pyAyana	nam	pyAyanam	True
21984	prakawa	wam	prakawam	True
21993	prakampana	naH	prakampanaH	True
21993	prakampana	nam	prakampanam	True
21996	prakAlana	naH	prakAlanaH	True
21996	prakAlana	nam	prakAlanam	True
21999	prakARqaH	RqaH	prakARqaH	True
22002	prakAma	maH	prakAmaH	True
22002	prakAma	mam	prakAmam	True
22002	prakAma	Buj	prakAmaBuj	True
22005	prakASa	SaH	prakASaH	True
22005	prakASa	Sam	prakASam	True
22005	prakASa	Sam	prakASam	True
22005	prakASa	Se	prakASe	True
22006	prakASaka	kaH	prakASakaH	True
22008	prakASana	nam	prakASanam	True
22008	prakASana	naH	prakASanaH	True
22008	prakASana	nA	prakASanA	True
22009	prakASita	tam	prakASitam	True
22010	prakASya	Syam	prakASyam	True
22016	prakopana	nam	prakopanam	True
22016	prakopana	Ram	prakopaRam	True
22021	prakaraH	ram	prakaram	True
22028	prakfta	tam	prakftam	True
22035	prakarzaRa	Ram	prakarzaRam	True
22036	prakarzita	tam	prakarzitam	True
22041	prakIrRa	rRam	prakIrRam	True
22042	prakIrRaka	kaH	prakIrRakaH	True
22042	prakIrRaka	kam	prakIrRakam	True
22042	prakIrRaka	kaH	prakIrRakaH	True
22042	prakIrRaka	kam	prakIrRakam	True
22044	prakIrtanam	nA	prakIrtanA	True
22051	prakalpita	tA	prakalpitA	True
22052	prakxpta	m	prakxptam	True
22053	praketa	taH	praketaH	True
22057	prakKara	raH	prakKaraH	True
22062	prakrAnta	tam	prakrAntam	True
22077	prakzIRa	Ram	prakzIRam	True
22090	prakzveqita	tam	prakzveqitam	True
22091	praKara	raH	praKaraH	True
22093	praKya	KyaH	praKyaH	True
22109	pragalBa	lBA	pragalBA	True
22112	pragAQa	Qam	pragAQam	True
22112	pragAQa	Qam	pragAQam	True
22115	pragIta	tam	pragItam	True
22129	pragraha	haH	pragrahaH	True
22138	praGarzaRaH	Ram	praGarzaRam	True
22139	praGasa	saH	praGasaH	True
22142	praGUrRa	rRaH	praGUrRaH	True
22148	pracaRqa	RqaH	pracaRqaH	True
22154	pracaraRam	RI	pracaraRI	True
22161	pracala	laH	pracalaH	True
22163	pracalita	tam	pracalitam	True
22166	pracalAkaH	kA	pracalAkA	True
22168	pracalAyita	tam	pracalAyitam	True
22182	pracodin	nI	pracodinI	True
22183	pracura	raH	pracuraH	True
22197	pracCanna	nnam	pracCannam	True
22197	pracCanna	nnam	pracCannam	True
22198	pracCAdaka	kaH	pracCAdakaH	True
22220	prajanana	nam	prajananam	True
22226	prajAta	tA	prajAtA	True
22229	prajAvat	tI	prajAvatI	True
22233	prajalpita	tam	prajalpitam	True
22249	prajYa	jYaH	prajYaH	True
22254	prajYAna	nam	prajYAnam	True
22262	prajvalita	tam	prajvalitam	True
22281	praRASana	nam	praRASanam	True
22304	praRayin	nI	praRayinI	True
22307	praRIta	taH	praRItaH	True
22307	praRIta	tA	praRItA	True
22307	praRIta	tam	praRItam	True
22320	pratata	tam	pratatam	True
22324	pratAnin	nI	pratAninI	True
22333	pratApana	nam	pratApanam	True
22333	pratApana	naH	pratApanaH	True
22344	pratalam	laH	pratalaH	True
22353	pratikartavya	ryam	pratikAryam	True
22358	pratikfta	tam	pratikftam	True
22368	pratikzipta	ptam	pratikziptam	True
22390	pratiGa	GaH	pratiGaH	True
22416	pratijYAta	tam	pratijYAtam	True
22418	pratijYeya	yaH	pratijYeyaH	True
22426	pratideya	yam	pratideyam	True
22507	pratibanDaka	kaH	pratibanDakaH	True
22524	pratiboDaka	kaH	pratiboDakaH	True
22525	pratiboDana	nam	pratiboDanam	True
22525	pratiboDana	nA	pratiboDanA	True
22553	pratimA	mA	pratimA	True
22563	pratiyatna	tnaH	pratiyatnaH	True
22597	prativAkya	kyam	prativAkyam	True
22650	pratiSruta	tam	pratiSrutam	True
22665	pratizWApanam	nA	pratizWApanA	True
22669	pratizWita	taH	pratizWitaH	True
22701	pratisara	raH	pratisaraH	True
22701	pratisara	ram	pratisaram	True
22701	pratisara	raH	pratisaraH	True
22701	pratisara	rA	pratisarA	True
22729	pratihAraH	rI	pratihArI	False
22737	pratIka	kaH	pratIkaH	True
22737	pratIka	kam	pratIkam	True
22753	pratIpa	paH	pratIpaH	True
22753	pratIpa	pam	pratIpam	True
22753	pratIpa	pam	pratIpam	True
22779	pratAraRam	RA	pratAraRA	True
22783	pratna	tnam	pratnam	True
22785	pratyakza	kzam	pratyakzam	True
22812	pratyarTa	rTam	pratyarTam	True
22812	pratyarTa	vedanaH	pratyarTavedanaH	False
22836	pratyAkalita	tam	pratyAkalitam	True
22861	pratyAyanam	nam	pratyAyanam	True
22861	pratyAyanam	nA	pratyAyanA	True
22887	pratyutpanna	nnam	pratyutpannam	True
22914	pratyUzaH	zaH	pratyUzaH	True
22923	praTama	maH	praTamaH	True
22923	praTama	mA	praTamA	True
22923	praTama	mam	praTamam	True
22926	praTita	taH	praTitaH	True
22932	praTu	TuH	praTuH	True
22935	pradakziRa	RaH	pradakziRaH	True
22935	pradakziRa	RA	pradakziRA	True
22935	pradakziRa	Ram	pradakziRam	True
22935	pradakziRa	Ram	pradakziRam	True
22945	prada	dA	pradA	True
22961	pradigDa	gDam	pradigDam	True
22967	pradIpana	nam	pradIpanam	True
22967	pradIpana	naH	pradIpanaH	True
22974	pradoza	zaH	pradozaH	True
22975	pradozaka	kaH	pradozakaH	True
22978	pradarSaka	kaH	pradarSakaH	True
22979	pradarSanam	nA	pradarSanA	True
22985	pradyotanam	naH	pradyotanaH	True
22990	pradrava	vaH	pradravaH	True
23000	praDAna	nam	praDAnam	True
23000	praDAna	naH	praDAnaH	True
23000	praDAna	nam	praDAnam	True
23001	praDAnaka	kam	praDAnakam	True
23005	praDAvanaH	nam	praDAvanam	True
23009	praDUpita	tA	praDUpitA	True
23012	praDAraRa	RA	praDAraRA	True
23035	pranftta	ttam	pranfttam	True
23052	prapaTa	TaH	prapaTaH	True
23062	praparRa	rRam	praparRam	True
23076	prapitAmahaH	hI	prapitAmahI	True
23092	prapOtraH	trI	prapOtrI	True
23105	prabala	laH	prabalaH	True
23105	prabala	lam	prabalam	True
23114	prabAlaH	laH	prabAlaH	True
23124	praboDana	nam	praboDanam	True
23131	praBaYjanam	naH	praBaYjanaH	True
23133	praBadraka	kam	praBadrakam	True
23136	praBAta	tam	praBAtam	True
23143	praBAzita	tam	praBAzitam	True
23145	praBAsaH	saH	praBAsaH	True
23145	praBAsaH	sam	praBAsam	True
23149	praBinna	nnaH	praBinnaH	True
23153	praBava	vaH	praBavaH	True
23156	praBavizRu	zRuH	praBavizRuH	True
23160	praBAvana	naH	praBAvanaH	True
23160	praBAvana	nA	praBAvanA	True
23161	praBu	BuH	praBuH	True
23163	praBUta	tam	praBUtam	True
23173	praBrazwa	zwam	praBrazwam	True
23181	pramaTita	tam	pramaTitam	True
23185	pramATaH	TAH	pramATAH	False
23192	pramada	daH	pramadaH	True
23207	pramardanam	naH	pramardanaH	True
23211	pramARam	RaH	pramARaH	True
23211	pramARam	RI	pramARI	True
23212	pramARaka	kaH	pramARakaH	True
23215	pramARika	kA	pramARikA	True
23220	pramApaka	kaH	pramApakaH	True
23224	prameya	yam	prameyam	True
23225	pramAtAmahaH	hI	pramAtAmahI	True
23232	pramIta	taH	pramItaH	True
23238	pramuKa	KaH	pramuKaH	True
23238	pramuKa	Kam	pramuKam	True
23246	pramudita	tam	pramuditam	True
23248	pramodanam	naH	pramodanaH	True
23249	pramodita	taH	pramoditaH	True
23252	pramuzita	tA	pramuzitA	True
23259	pramfta	tam	pramftam	True
23272	prayata	taH	prayataH	True
23285	prayAta	taH	prayAtaH	True
23285	prayAta	tam	prayAtam	True
23292	prayukta	ktam	prayuktam	True
23301	prayojaka	kaH	prayojakaH	True
23304	prayojya	jyaH	prayojyaH	True
23304	prayojya	jyam	prayojyam	True
23305	prayuta	tam	prayutam	True
23311	prarocana	nam	prarocanam	True
23323	pralapita	tam	pralapitam	True
23332	pralamba	mbaH	pralambaH	True
23346	pralubDa	bDA	pralubDA	True
23354	pralepaka	kaH	pralepakaH	True
23361	pravacanam	naH	pravacanaH	True
23362	pravacanIya	yaH	pravacanIyaH	True
23365	pravaRa	RaH	pravaRaH	True
23365	pravaRa	Ram	pravaRam	True
23383	pravara	raH	pravaraH	True
23383	pravara	rA	pravarA	True
23383	pravara	ram	pravaram	True
23402	pravAhaka	kaH	pravAhakaH	True
23416	pravAta	tam	pravAtam	True
23461	praveSita	tA	praveSitA	True
23471	pravIra	raH	pravIraH	True
23476	pravartaka	kaH	pravartakaH	True
23476	pravartaka	kam	pravartakam	True
23477	pravartanam	nA	pravartanA	True
23481	pravftta	ttaH	pravfttaH	True
23511	pravrajita	taH	pravrajitaH	True
23511	pravrajita	tA	pravrajitA	True
23511	pravrajita	tam	pravrajitam	True
23514	pravrAj	jikA	pravrAjikA	True
23530	praSamana	nam	praSamanam	True
23535	praSAKa	KA	praSAKA	True
23557	praSlizwa	zwaH	praSlizwaH	True
23567	prasaMKyAnaH	nam	prasaMKyAnam	True
23570	prasakta	ktam	prasaktam	True
23580	prasanna	nnA	prasannA	True
23584	prasAdana	naH	prasAdanaH	True
23584	prasAdana	nam	prasAdanam	True
23584	prasAdana	nA	prasAdanA	True
23584	prasAdana	nI	prasAdanI	True
23590	prasaBaH	Bam	prasaBam	True
23598	prasaha	haH	prasahaH	True
23599	prasahanaH	nam	prasahanam	True
23604	prasADaka	kaH	prasADakaH	True
23605	prasADanam	naH	prasADanaH	True
23605	prasADanam	nam	prasADanam	True
23605	prasADanam	nI	prasADanI	True
23608	prasita	tam	prasitam	True
23611	prasidDa	dDA	prasidDA	True
23626	prasUta	tam	prasUtam	True
23626	prasUta	tA	prasUtA	True
23629	prasUna	nam	prasUnam	True
23630	prasUnakam	kaH	prasUnakaH	True
23633	prasaraH	ram	prasaram	True
23640	prasfta	taH	prasftaH	True
23640	prasfta	taH	prasftaH	True
23640	prasfta	tam	prasftam	True
23640	prasfta	tam	prasftam	True
23640	prasfta	tA	prasftA	True
23645	prasfzwa	zwA	prasfzwA	True
23656	praskandanam	naH	praskandanaH	True
23658	praskanna	nnaH	praskannaH	True
23675	prastuta	tam	prastutam	True
23680	prasTa	sTaH	prasTaH	True
23680	prasTa	sTam	prasTam	True
23683	prasTApanam	nA	prasTApanA	False
23687	prasTita	tam	prasTitam	True
23711	prasravaH	vAH	prasravAH	False
23711	prasravaH	vam	prasravam	True
23712	prasravaRam	RaH	prasravaRaH	True
23720	prasvApana	nam	prasvApanam	True
23735	prahasita	tam	prahasitam	True
23745	prahIRa	Ram	prahIRam	True
23749	prahita	tam	prahitam	True
23765	prahfta	tam	prahftam	True
23768	praharzaRam	RaH	praharzaRaH	True
23784	prahnAdana	nam	prahnAdanam	True
23793	prAMSu	SuH	prAMSuH	True
23804	prAkfta	taH	prAkftaH	True
23804	prAkfta	tam	prAkftam	True
23807	prAktana	nam	prAktanam	True
23826	prAcIna	naH	prAcInaH	True
23826	prAcIna	nam	prAcInam	True
23826	prAcIna	nam	prAcInam	True
23827	prAcya	cyAH	prAccyAH	False
23840	prAjApatya	tyaH	prAjApatyaH	True
23840	prAjApatya	tyam	prAjApatyam	True
23844	prAjYa	jYaH	prAjYaH	True
23844	prAjYa	jYA	prAjYA	True
23844	prAjYa	jYI	prAjYI	True
23854	prARaTa	TaH	prARaTaH	True
23855	prARanaH	nam	prARanam	True
23866	prAtastana	nam	prAtastanam	True
23882	prAtipadika	kaH	prAtipadikaH	True
23882	prAtipadika	kam	prAtipadikam	True
23884	prAtiBa	Bam	prAtiBam	True
23918	prAdeSika	kaH	prAdeSikaH	True
23927	prADva	DvaH	prADvaH	True
23927	prADva	Dvam	prADvam	True
23933	prApaka	kaH	prApakaH	True
23951	prAmARika	kaH	prAmARikaH	True
23959	prAyaRIya	yam	prAyaRIyam	True
23959	prAyaRIya	yaH	prAyaRIyaH	True
23978	prArabDa	bDam	prArabDam	True
23987	prArTaka	kaH	prArTakaH	True
23989	prArTanIya	yam	prArTanIyam	True
23995	prAlamba	mbaH	prAlambaH	True
23995	prAlamba	mbam	prAlambam	True
24014	prAvfta	taH	prAvftaH	True
24014	prAvfta	tam	prAvftam	True
24016	prAvfttika	kaH	prAvfttikaH	True
24019	prAvfzika	kaH	prAvfzikaH	True
24020	prAvfzija	jaH	prAvfzijaH	True
24021	prAvfzeRya	RyaH	prAvfzeRyaH	True
24021	prAvfzeRya	Ryam	prAvfzeRyam	True
24022	prAvfzyaH	zyam	prAvfzyam	True
24024	prAveSana	nam	prAveSanam	True
24032	prASanIya	yam	prASanIyam	True
24033	prASita	tam	prASitam	True
24038	prASu	SuH	prASuH	True
24039	prASnika	kaH	prASnikaH	True
24045	prAsika	kaH	prAsikaH	True
24055	prAsAdika	kA	prAsAdikA	True
24060	prAsTAnika	kam	prAsTAnikam	True
24071	priya	yaH	priyaH	True
24071	priya	yA	priyA	True
24071	priya	yam	priyam	True
24071	priya	yam	priyam	True
24071	priya	priyeRa	priyeRa	True
24073	priyaMvada	daH	priyaMvadaH	True
24074	priyakaH	kI	priyakI	True
24074	priyakaH	kam	priyakam	True
24076	priyaNguH	gu	priyaNgu	True
24077	priyatama	maH	priyatamaH	True
24077	priyatama	mA	priyatamA	True
24081	priyAlaH	lA	priyAlA	True
24086	prIRana	nam	prIRanam	True
24088	prIta	tam	prItam	True
24100	preta	taH	pretaH	True
24109	prekzaRIya	yam	prekzaRIyam	True
24113	prekzita	tam	prekzitam	True
24118	preNKaRa	Ram	preNKaRam	True
24130	preyas	sI	preyasI	True
24136	prerita	taH	preritaH	True
24143	prezya	zyaH	prezyaH	True
24143	prezya	zyA	prezyA	True
24143	prezya	zyam	prezyam	True
24144	prezWa	zWaH	prezWaH	True
24144	prezWa	zWA	prezWA	True
24151	prEzyaH	zyA	prEzyA	True
24151	prEzyaH	zyam	prEzyam	True
24153	prokzaRam	RI, prokzaRiH	prokzaRI	True
24173	prota	tam	protam	True
24193	proTa	TaH	proTaH	True
24193	proTa	Tam	proTam	True
24193	proTa	TaH	proTaH	True
24225	proha	haH	prohaH	True
24226	proQa	QA	proQA	True
24242	plava	vaH	plavaH	True
24247	plavana	nam	plavanam	True
24253	plAvita	tam	plAvitam	True
24255	pluta	tam	plutam	True
24263	plozaRa	Ram	plozaRam	True
24283	PaRaH	RaH	PaRaH	True
24296	ParParIkaH	kam	ParParIkam	True
24296	ParParIkaH	kA	ParParIkA	True
24303	Palavat	tI	PalavatI	True
24310	Palita	taH	PalitaH	True
24310	Palita	tA	PalitA	True
24310	Palita	tam	Palitam	True
24312	Palina	naH	PalinaH	True
24318	Palgu	lguH	PalguH	True
24320	Palguna	naH	PalgunaH	True
24330	PARwa	waH	PARwaH	True
24330	PARwa	wam	PARwam	True
24330	PARwa	Rwam	PARwam	True
24334	PAlaH	laH	PAlaH	True
24334	PAlaH	lam	PAlam	True
24358	Pulla	llam	Pullam	True
24365	PeRaka	kA	PeRakA	True
24369	Penila	laH	PenilaH	True
24382	bakaH	kI	bakI	True
24386	bakura	raH	bakuraH	True
24387	bakulaH	lam	bakulam	True
24387	bakulaH	lI	bakulI	True
24398	badaraH	rA	badarA	True
24398	badaraH	ram	badaram	True
24414	banDakaH	kam	banDakam	True
24414	banDakaH	kI	banDakI	True
24415	banDana	nam	banDanam	True
24415	banDana	nam	banDanam	True
24415	banDana	nI	banDanI	True
24421	banDukaH	kA	banDukA	True
24421	banDukaH	kI	banDukI	True
24426	banDura	raH	banDuraH	True
24426	banDura	rAH	banDurAH	True
24426	banDura	rA	banDurA	True
24426	banDura	ram	banDuram	True
24428	banDula	laH	banDulaH	True
24429	banDUkaH	kam	banDUkam	True
24431	banDUra	ram	banDUram	True
24440	baBru	BruH	baBruH	True
24440	baBru	BrUH	baBrUH	True
24451	barbaraH	rA	barbarA	True
24451	barbaraH	ram	barbaram	True
24453	barburaH	raH	barburaH	True
24453	barburaH	ram	barburam	True
24461	barhiRa	RaH	barhiRaH	True
24463	barhizWa	zWam	barhizWam	True
24465	barhizka	zkam	barhizkam	True
24468	balam	laH	balaH	True
24469	balakaH	kam	balakam	True
24470	balakza	kzaH	balakzaH	True
24475	balavat	tI	balavatI	True
24479	balAkaH	kA	balAkA	True
24490	baliH	liH	baliH	True
24497	balizWa	zWaH	balizWaH	True
24501	balya	lyaH	balyaH	True
24501	balya	lyam	balyam	True
24510	ballavaH	vI	ballavI	True
24520	bahala	laH	bahalaH	True
24520	bahala	lA	bahalA	True
24531	bahuka	kaH	bahukaH	True
24536	bahutiTa	Tam	bahutiTam	True
24540	bahula	laH	bahulaH	True
24540	bahula	lA	bahulA	True
24540	bahula	lam	bahulam	True
24540	bahula	lam	bahulam	True
24560	bAQa	Qam	bAQam	True
24561	bARaH	RaH	bARaH	True
24561	bARaH	RA	bARA	True
24561	bARaH	RaH	bARaH	True
24561	bARaH	RA	bARA	True
24561	bARaH	Ram	bARam	True
24563	bAdara	raH	bAdaraH	True
24563	bAdara	ram	bAdaram	True
24563	bAdara	rA	bAdarA	True
24569	bADaH	DA	bADA	True
24570	bADaka	kaH	bADakaH	True
24571	bADana	nam	bADanam	True
24571	bADana	nA	bADanA	True
24587	bArhaspatya	tyaH	bArhaspatyaH	True
24587	bArhaspatya	tyam	bArhaspatyam	True
24587	bArhaspatya	tyAH	bArhaspattyAH	False
24589	bAla	laH	bAlaH	True
24590	bAlaka	kaH	bAlakaH	True
24590	bAlaka	kam	bAlakam	True
24600	bAliSa	SaH	bAliSaH	True
24600	bAliSa	Sam	bAliSam	True
24609	bAleya	yaH	bAleyaH	True
24614	bAzpakaH	kA	bAzpakA	True
24621	bAhIka	kAH	bAhIkAH	False
24621	bAhIka	kaH	bAhIkaH	True
24622	bAhuH	hU	bAhU	True
24623	bAhuka	kaH	bAhukaH	True
24632	bAhula	laH	bAhulaH	True
24632	bAhula	lam	bAhulam	True
24632	bAhula	lI	bAhulI	False
24638	bAhya	hyaH	bAhyaH	True
24638	bAhya	hyam	bAhyam	True
24638	bAhya	bAhyena	bAhyena	True
24638	bAhya	bAhye	bAhye	True
24639	bAhlakAH	kaH	bAhlakAHkaH	False
24639	bAhlakAH	kam	bAhlakam	True
24648	biqAlaH	lI	biqAlI	True
24649	biqAlakaH	kam	biqAlakam	True
24663	biBIzaRa	Ram	biBIzaRam	True
24663	biBIzaRa	RA	biBIzaRA	False
24663	biBIzaRa	RaH	biBIzaRaH	True
24665	biBrakzu	kzuH	biBrakzuH	True
24666	biBrajjizu	zuH	biBrajjizuH	True
24667	bimbaH	mbaH	bimbaH	True
24667	bimbaH	mbam	bimbam	True
24677	bilam	laH	bilaH	True
24682	bilvaH	lvam	bilvam	True
24694	bIjam	jaH	bIjaH	True
24695	bIjakaH	kam	bIjakam	True
24701	bIBatsa	tsaH	bIBatsaH	True
24701	bIBatsa	tsA	bIBatsA	True
24701	bIBatsa	tsam	bIBatsam	True
24702	bIBatsu	tsuH	bIBatsuH	True
24707	bukkaH	kkaH	bukkaH	True
24707	bukkaH	kkA	bukkA	True
24718	budDa	dDaH	budDaH	True
24718	budDa	dDam	budDam	True
24722	buDa	DaH	buDaH	True
24722	buDa	DA	buDA	True
24722	buDa	De	buDe	True
24747	busam	sA	busA	True
24755	bfMhaRa	RaH	bfMhaRaH	True
24755	bfMhaRa	Ram	bfMhaRam	True
24756	bfMhita	tam	bfMhitam	True
24758	bfhat	tI	bfhatI	True
24765	bEjika	kaH	bEjikaH	True
24765	bEjika	kam	bEjikam	True
24770	bElva	lvam	bElvam	True
24773	boDa	DaH	boDaH	True
24774	boDaka	kaH	boDakaH	True
24776	boDana	naH	boDanaH	True
24776	boDana	nam	boDanam	True
24776	boDana	nI	boDanI	True
24779	boDAna	naH	boDAnaH	True
24785	bOdDa	dDaH	bOdDaH	True
24791	brahmaRya	RyaH	brahmaRyaH	True
24791	brahmaRya	RyA	brahmaRyA	True
24795	brahmamaya	yam	brahmamayam	True
24800	brahmizWa	zWA	brahmizWA	True
24805	brAhma	hmaH	brAhmaH	True
24805	brAhma	hmam	brAhmam	True
24806	brAhmaRa	RaH	brAhmaRaH	True
24806	brAhmaRa	Ram	brAhmaRam	True
24814	brAhmaRya	RyaH	brAhmaRyaH	True
24814	brAhmaRya	Ryam	brAhmaRyam	True
24816	brAhmya	hmyam	brAhmyam	True
24822	Bakta	ktaH	BaktaH	True
24822	Bakta	ktam	Baktam	True
24830	Bakzaka	kaH	BakzakaH	True
24831	BakzaRa	Ram	BakzaRam	True
24834	Bakzita	tam	Bakzitam	True
24835	Bakzya	kzyam	Bakzyam	True
24836	BagaH	gA	BagA	True
24836	BagaH	gam	Bagam	True
24849	Bagna	gnam	Bagnam	True
24862	BaNgura	raH	BaNguraH	True
24872	BaYjana	nam	BaYjanam	True
24872	BaYjana	naH	BaYjanaH	True
24872	BaYjana	nA	BaYjanA	True
24877	BawaH	wA	BawA	True
24880	BawwAra	raH	BawwAraH	True
24881	BawwAraka	kaH	BawwArakaH	True
24894	BaRqaH	Rqam	BaRqam	True
24901	BaRqila	laH	BaRqilaH	True
24905	Badra	dram	Badram	True
24906	Badraka	kaH	BadrakaH	True
24906	Badraka	kam	Badrakam	True
24908	Badravat	tI	BadravatI	True
24915	BaMBaH	BaH	BaMBaH	True
24915	BaMBaH	Bam	BaMBam	True
24915	BaMBaH	BA	BaMBA	False
24918	Bayam	yaH	BayaH	True
24921	BayAnaka	kaH	BayAnakaH	True
24921	BayAnaka	kam	BayAnakam	True
24923	Bara	raH	BaraH	True
24926	BaraRa	Ram	BaraRam	True
24926	BaraRa	RaH	BaraRaH	True
24929	BaraRyam	RyA	BaraRyA	True
24936	Barita	taH	BaritaH	True
24946	Barjana	nam	Barjanam	True
24956	Bartsita	tam	Bartsitam	True
24965	BallaH	llaH	BallaH	True
24970	Bava	vaH	BavaH	True
24970	Bava	vO	BavO	False
24974	Bavanam	naH	BavanaH	True
24980	Bavika	kam	Bavikam	True
24981	Bavitavya	vyam	Bavitavyam	True
24986	Bavila	laH	BavilaH	True
24986	Bavila	lam	Bavilam	True
24988	Bavizya	zyam	Bavizyam	True
24990	Bavya	vyA	BavyA	True
24990	Bavya	vyam	Bavyam	True
24990	Bavya	vyaH	BavyaH	True
24990	Bavya	vyam	Bavyam	True
24995	BazaRaH	Ram	BazaRam	True
25003	Basita	tam	Basitam	True
25025	BAgin	nI	BAginI	True
25026	BAgavata	taH	BAgavataH	True
25026	BAgavata	tam	BAgavatam	True
25027	BAgineyaH	yI	BAgineyI	True
25030	BAgyam	gyam	BAgyam	True
25039	BAjanam	leKitam	BAjanaleKitam	True
25039	BAjanam	lokaH	BAjanalokaH	True
25040	BAjita	tam	BAjitam	True
25043	BAjya	jyam	BAjyam	True
25049	BARqam	RqAH	BARRqAH	False
25050	BARqakaH	kam	BARqakam	True
25059	BAta	taH	BAtaH	True
25062	BAdraH	dAH	BAdrAH	False
25067	BAnava	vI	BAnavI	True
25070	BAnumat	tI	BAnumatI	True
25072	BAmaH	mA	BAmA	True
25078	BAraka	kaH	BArakaH	True
25084	BArata	taH	BArataH	True
25084	BArata	tam	BAratam	True
25084	BArata	tI	BAratI	True
25085	BAradvAjaH	jam	BAradvAjam	True
25085	BAradvAjaH	jI	BAradvAjI	True
25085	BAradvAjaH	jAH	BAradvAjAH	False
25088	BAravam	vI	BAravI	True
25097	BArya	ryaH	BAryaH	True
25106	BAvaka	kaH	BAvakaH	True
25107	BAvana	naH	BAvanaH	True
25107	BAvana	nam	BAvanam	True
25107	BAvana	nA	BAvanA	True
25107	BAvana	nA	BAvanA	True
25107	BAvana	nam	BAvanam	True
25110	BAvika	kaH	BAvikaH	True
25110	BAvika	kam	BAvikam	True
25111	BAvita	tam	BAvitam	True
25116	BAvin	nI	BAvinI	True
25117	BAvuka	kaH	BAvukaH	True
25117	BAvuka	kam	BAvukam	True
25118	BAvya	vyam	BAvyam	True
25124	BAzaRam	RI	BAzaRI	True
25126	BAzika	kam	BAzikam	True
25128	BAzita	tam	BAzitam	True
25135	BAsaka	kaH	BAsakaH	True
25138	BAsanta	ntaH	BAsantaH	True
25138	BAsanta	ntI	BAsantI	True
25141	BAsura	raH	BAsuraH	True
25142	BAsvat	tI	BAsvatI	True
25143	BAsvara	raH	BAsvaraH	True
25151	BikzukaH	kI	BikzukI	True
25159	BidakaH	kam	Bidakam	True
25163	Bidura	raH	BiduraH	True
25163	Bidura	ram	Biduram	True
25165	BidyaH	dyam	Bidyam	True
25168	Bindu	nduH	BinduH	True
25169	Binna	nnaH	BinnaH	True
25169	Binna	nnam	Binnam	True
25172	BillaH	llI	BillI	True
25183	BIta	tam	BItam	True
25183	BIta	tam	BItam	True
25188	BIma	maH	BImaH	True
25188	BIma	mam	BImam	True
25194	BIru	ruH	BIruH	True
25194	BIru	ru	BIru	True
25195	BIruka	kaH	BIrukaH	True
25195	BIruka	kam	BIrukam	True
25199	BIzaRa	RaH	BIzaRaH	True
25199	BIzaRa	Ram	BIzaRam	True
25203	BIzma	zmaH	BIzmaH	True
25203	BIzma	zmam	BIzmam	True
25206	Bukta	ktam	Buktam	True
25212	BujagaH	gI	BujagI	True
25213	BujaNgaH	gI	BujaNgI	False
25214	BujaNgamaH	mI	BujaNgamI	False
25214	BujaNgamaH	mam	BujaNgamam	True
25217	Bujizya	zyaH	BujizyaH	True
25217	Bujizya	zyA	BujizyA	True
25235	BUkaH	kaH	BUkaH	True
25237	BUta	taH	BUtaH	True
25237	BUta	tam	BUtam	True
25239	BUti	tiH	BUtiH	True
25252	BUyizWa	zWam	BUyizWam	True
25257	BUrjaH	rjam	BUrjam	True
25260	BUzaRam	RaH	BUzaRaH	True
25267	Bfta	taH	BftaH	True
25268	Bftaka	kaH	BftakaH	True
25270	Bftya	tyaH	BftyaH	True
25270	Bftya	tyA	BftyA	True
25280	BfNgaH	Ngam	BfNgam	True
25280	BfNgaH	NgI	BfNgI	True
25282	BfNgAraH	ram	BfNgAram	True
25294	BfSa	Sam	BfSam	True
25299	BekaH	kI	BekI	True
25303	BeqaH	qI	BeqI	True
25309	Bedaka	kaH	BedakaH	True
25310	Bedana	nam	Bedanam	True
25310	Bedana	naH	BedanaH	True
25318	BeruRqa	RqaH	BeruRqaH	True
25318	BeruRqa	Rqam	BeruRqam	True
25318	BeruRqa	RqA	BeruRqA	True
25320	Bela	laH	BelaH	True
25324	Bezaja	jam	Bezajam	True
25326	BEkza	kzam	BEkzam	True
25330	BEkzyam	ASramaH	BEkzyASramaH	False
25331	BEma	mI	BEmI	True
25333	BErava	vaH	BEravaH	True
25333	BErava	vI	BEravI	True
25333	BErava	vam	BEravam	True
25334	BEzajam	jaH	BEzajaH	True
25342	Bogin	nI	BoginI	True
25343	Bogya	gyam	Bogyam	True
25343	Bogya	gyA	BogyA	True
25345	BojaH	jAH	BojAH	True
25347	Bojana	naH	BojanaH	True
25347	Bojana	nam	Bojanam	True
25348	BojanIya	yam	BojanIyam	True
25351	Bojya	jyam	Bojyam	True
25360	BOjaNga	Ngam	BOjaNgam	True
25364	BOta	taH	BOtaH	True
25364	BOta	tam	BOtam	True
25364	BOta	tI	BOtI	True
25366	BOtika	kaH	BOtikaH	True
25366	BOtika	kam	BOtikam	True
25368	BOma	maH	BOmaH	True
25368	BOma	mam	BOmam	True
25371	BOmika	BOmya	BOmya	True
25381	BraMSana	nam	BraMSanam	True
25394	BramaRam	RI	BramaRI	True
25396	Bramara	rI	BramarI	True
25396	Bramara	ram	Bramaram	True
25397	BramarakaH	kaH	BramarakaH	True
25397	BramarakaH	kam	Bramarakam	True
25408	BrAjaH	jam	BrAjam	True
25409	BrAjaka	kam	BrAjakam	True
25413	BrAjizRu	zRuH	BrAjizRuH	True
25419	BrAtrIya	yaH	BrAtrIyaH	True
25422	BrAnta	taH	BrAntaH	True
25422	BrAnta	tam	BrAntam	True
25426	BrAmaka	kaH	BrAmakaH	True
25428	BrAmara	raH	BrAmaraH	True
25428	BrAmara	ram	BrAmaram	True
25428	BrAmara	ram	BrAmaram	True
25428	BrAmara	rI	BrAmarI	True
25432	BrAzwraH	zwraH	BrAzwraH	True
25449	maH	mam	mam	True
25458	makarandaH	ndam	makarandam	True
25459	makarandavat	tI	makarandavatI	True
25467	makuzWa	zWaH	makuzWaH	True
25478	maKa	KaH	maKaH	True
25482	magaDaH	DAH	magaDAH	True
25482	magaDaH	DA	magaDA	True
25486	maGaH	Gam	maGam	True
25502	maNgala	lam	maNgalam	True
25502	maNgala	laH	maNgalaH	True
25502	maNgala	lA	maNgalA	True
25502	maNgala	lI	maNgalI	True
25505	maNgalya	lyaH	maNgalyaH	True
25505	maNgalya	lyA	maNgalyA	True
25505	maNgalya	lyam	maNgalyam	True
25536	maYjIraH	ram	maYjIram	True
25539	maYjula	laH	maYjulaH	True
25539	maYjula	lam	maYjulam	True
25547	maWaH	WI	maWI	True
25555	maRikaH	kaH	maRikaH	True
25559	maRIcakaH	kam	maRIcakam	True
25564	maRqaH	RqaH	maRqaH	True
25564	maRqaH	RqA	maRqA	True
25566	maRqana	nam	maRqanam	True
25566	maRqana	naH	maRqanaH	True
25569	maRqayantaH	ntI	maRqayantI	True
25573	maRqala	laH	maRqalaH	True
25573	maRqala	lam	maRqalam	True
25573	maRqala	lI	maRqalI	True
25574	maRqalakam	kaH	maRqalakaH	True
25577	maRqalAyita	tam	maRqalAyitam	True
25587	maRqUkaH	kam	maRqUkam	True
25587	maRqUkaH	kI	maRqUkI	True
25589	mata	tam	matam	True
25591	mataNgajaH	jA	mataNgajA	False
25596	matka	tkaH	matkaH	True
25597	matkuRaH	Ram	matkuRam	True
25597	matkuRaH	RI	matkuRI	False
25599	matta	ttaH	mattaH	True
25599	matta	ttA	mattA	True
25603	matsara	raH	matsaraH	True
25603	matsara	raH	matsaraH	True
25603	matsara	rA	matsarA	True
25603	matsara	rI	matsarI	True
25606	matsyaH	tsyO	matsyO	False
25606	matsyaH	tsyAH	matstsyAH	False
25612	maTana	naH	maTanaH	True
25612	maTana	nam	maTanam	True
25614	maTita	tam	maTitam	True
25620	madaH	dI	madI	True
25621	madana	naH	madanaH	True
25621	madana	nA	madanA	True
25621	madana	nI	madanI	True
25621	madana	nam	madanam	True
25622	madanakaH	kam	madanakam	True
25626	madayitnu	tnuH	madayitnuH	True
25631	madira	raH	madiraH	True
25639	madya	dyam	madyam	True
25640	madraH	drAH	maddrAH	False
25640	madraH	dram	madram	True
25641	madraka	kaH	madrakaH	True
25641	madraka	kAH	madrakAH	False
25647	maDuka	kaH	maDukaH	True
25647	maDuka	kam	maDukam	True
25651	maDura	raH	maDuraH	True
25651	maDura	rA	maDurA	True
25651	maDura	rI	maDurI	True
25651	maDura	ram	maDuram	True
25651	maDura	ram	maDuram	True
25658	maDula	lam	maDulam	True
25661	maDUkaH	kam	maDUkam	True
25662	maDUlaH	lI	maDUlI	True
25662	maDUlaH	lam	maDUlam	True
25664	maDya	DyaH	maDyaH	True
25664	maDya	Dyam	maDyam	True
25664	maDya	DyA	maDyA	True
25664	maDya	Dyam	maDyam	True
25667	maDyaMdina	nam	maDyaMdinam	True
25669	maDyama	maH	maDyamaH	True
25669	maDyama	mA	maDyamA	True
25669	maDyama	mam	maDyamam	True
25670	maDyamaka	kam	maDyamakam	True
25679	manana	nam	mananam	True
25681	mantuH	ntuH	mantuH	True
25686	manasija	jaH	manasijaH	True
25690	manasvin	nI	manasvinI	True
25702	manIzita	tam	manIzitam	True
25706	manuH	nuH	manuH	True
25708	manuzya	zyaH	manuzyaH	True
25719	mantrita	tam	mantritam	True
25724	manTanaH	nam	manTanam	True
25724	manTanaH	nI	manTanI	True
25725	manTara	raH	manTaraH	True
25725	manTara	rA	manTarA	True
25725	manTara	ram	manTaram	True
25730	manTin	nI	manTinI	True
25732	manda	ndaH	mandaH	True
25732	manda	ndA	mandA	True
25732	manda	ndam	mandam	True
25742	mandara	raH	mandaraH	True
25742	mandara	ram	mandaram	True
25747	mandAraH	ram	mandAram	True
25751	mandiram	raH	mandiraH	True
25755	mandra	ndraH	mandraH	True
25757	manmaTaH	TA	manmaTA	True
25775	maya	yaH	mayaH	True
25775	maya	yA	mayA	True
25775	maya	yI	mayI	True
25783	mayUraH	rI	mayUrI	True
25783	mayUraH	ram	mayUram	True
25784	mayUrakaH	kaH	mayUrakaH	True
25784	mayUrakaH	kam	mayUrakam	True
25795	marAla	laH	marAlaH	True
25798	maricaH	cam	maricam	True
25799	marIciH	ciH	marIciH	True
25812	marul	lokaH	marullokaH	True
25813	marulaH	lam	marulam	True
25815	marUvaka	kaH	marUvakaH	True
25818	marka	rkaH	markaH	True
25820	markawaH	wI	markawI	True
25828	martya	rtyaH	martyaH	True
25828	martya	tyam	martyam	True
25829	marda	rdaH	mardaH	True
25831	mardana	nam	mardanam	True
25838	marmara	raH	marmaraH	True
25838	marmara	rA	marmarA	True
25842	marya	ryaH	maryaH	True
25852	marzita	tam	marzitam	True
25856	mala	laH	malaH	True
25856	mala	lam	malam	True
25856	mala	lam	malam	True
25857	malavat	tI	malavatI	False
25858	malanam	naH	malanaH	True
25863	malina	nam	malinam	True
25863	malina	nA	malinA	True
25863	malina	nI	malinI	True
25872	malImasa	saH	malImasaH	True
25875	malla	llaH	mallaH	True
25875	malla	mallA	mallA	True
25890	maSakaH	kI	maSakI	True
25906	masina	nam	masinam	True
25908	masuraH	rA	masurA	True
25909	masUrakaH	kam	masUrakam	True
25912	masfRaH	RA	masfRA	True
25931	mahattara	raH	mahattaraH	True
25938	mahallaka	kaH	mahallakaH	True
25948	mahita	tam	mahitam	True
25970	mAMsam	saH	mAMsaH	True
25975	mAkandaH	ndI	mAkandI	True
25976	mAkara	rI	mAkarI	True
25981	mAkzika	kam	mAkzikam	True
25981	mAkzika	kaH	mAkzikaH	True
25983	mAgaDa	DaH	mAgaDaH	True
25983	mAgaDa	DAH	mAgaDAH	True
25983	mAgaDa	DA	mAgaDA	True
25983	mAgaDa	DI	mAgaDI	True
25986	mAGaH	GI	mAGI	True
25988	mAGavata	tI	mAGavatI	True
25994	mANgalya	lyam	mANgalyam	True
25999	mAYjizWa	zWam	mAYjizWam	True
26011	mARavakaH	kam	mARavakam	True
26021	mARqalika	kaH	mARqalikaH	True
26022	mAtaNgaH	NgI	mAtaNgI	True
26028	mAtAmahaH	hO	mAtAmahO	False
26028	mAtAmahaH	hI	mAtAmahI	True
26034	mAtuliNgaH	gam	mAtuliNgam	True
26037	mAtfka	kaH	mAtfkaH	True
26037	mAtfka	kA	mAtfkA	True
26037	mAtfka	kam	mAtfkam	True
26039	mAtra	traH	mAtraH	True
26039	mAtra	tram	mAtram	True
26049	mATura	rI	mATurI	True
26051	mAdaka	kaH	mAdakaH	True
26052	mAdana	naH	mAdanaH	True
26052	mAdana	nam	mAdanam	True
26061	mADava	vaH	mADavaH	True
26066	mADukara	rI	mADukarI	True
26074	mADyaMdina	naH	mADyaMdinaH	True
26074	mADyaMdina	nam	mADyaMdinam	True
26076	mADyamaka	kAH	mADyamakAH	False
26080	mADva	DvaH	mADvaH	True
26080	mADva	DvI	mADvI	True
26086	mAnaH	nam	mAnam	True
26090	mAnavat	tI	mAnavatI	True
26091	mAnita	tam	mAnitam	True
26092	mAnin	nI	mAninI	True
26095	mAnava	vaH	mAnavaH	True
26095	mAnava	vAH	mAnavAH	False
26095	mAnava	vI	mAnavI	True
26095	mAnava	vam	mAnavam	True
26096	mAnavIya	yam	mAnavIyam	True
26098	mAnasa	saH	mAnasaH	True
26098	mAnasa	sam	mAnasam	True
26099	mAnasika	kaH	mAnasikaH	True
26102	mAnuza	zaH	mAnuzaH	True
26102	mAnuza	zI	mAnuzI	True
26102	mAnuza	zam	mAnuzam	True
26118	mApanam	naH	mApanaH	True
26121	mAmaka	kaH	mAmakaH	True
26123	mAya	yaH	mAyaH	True
26126	mAyAvat	tI	mAyAvatI	True
26128	mAyika	kaH	mAyikaH	True
26128	mAyika	kam	mAyikam	True
26133	mAyUra	ram	mAyUram	True
26133	mAyUra	rI	mAyUrI	True
26136	mAraka	kaH	mArakaH	True
26136	mAraka	kam	mArakam	True
26144	mArava	vI	mAravI	True
26148	mArIca	caH	mArIcaH	True
26148	mArIca	cI	mArIcI	True
26148	mArIca	cam	mArIcam	True
26151	mAruta	taH	mArutaH	True
26151	mAruta	tI	mArutI	True
26151	mAruta	tam	mArutam	True
26156	mArgaH	rgam	mArgam	True
26159	mArgaRa	Ram	mArgaRam	True
26159	mArgaRa	RA	mArgaRA	True
26159	mArgaRa	RaH	mArgaRaH	True
26159	mArgaRa	Ram	mArgaRam	True
26171	mArjana	nam	mArjanam	True
26171	mArjana	naH	mArjanaH	True
26171	mArjana	nA	mArjanA	True
26171	mArjana	nI	mArjanI	True
26179	mArttika	kaH	mArttikaH	True
26179	mArttika	kam	mArttikam	True
26180	mArtya	tyam	mArtyam	True
26181	mArdaNgaH	Ngam	mArdaNgam	True
26185	mArdvIka	kam	mArdvIkam	True
26189	mAlaH	lam	mAlam	True
26190	mAlakaH	kA	mAlakA	True
26190	mAlakaH	kam	mAlakam	True
26194	mAlaya	yaH	mAlayaH	True
26194	mAlaya	yam	mAlayam	True
26195	mAlavaH	vAH	mAlavAH	True
26203	mAlin	nI	mAlinI	True
26205	mAlya	lyam	mAlyam	True
26212	mAlUraH	ram	mAlUram	True
26218	mAzIRa	Ram	mAzIRam	True
26219	mAzya	zyam	mAzyam	True
26223	mAsika	kam	mAsikam	True
26245	mAhina	nam	mAhinam	True
26247	mAhiza	zam	mAhizam	True
26253	mAhendra	dram	mAhendram	True
26253	mAhendra	drI	mAhendrI	True
26254	mAheya	yaH	mAheyaH	True
26256	mAheSvara	raH	mAheSvaraH	True
26256	mAheSvara	rI	mAheSvarI	True
26262	mitaMgama	maH	mitaMgamaH	True
26265	mitraH	tram	mitram	True
26268	mitrayu	yuH	mitrayuH	True
26277	miTilaH	lAH	miTilAH	True
26277	miTilaH	lA	miTilA	True
26279	miTuna	naH	miTunaH	True
26279	miTuna	nam	miTunam	True
26309	miSra	SraH	miSraH	True
26309	miSra	Sram	miSram	True
26310	miSraka	kaH	miSrakaH	True
26310	miSraka	kam	miSrakam	True
26316	mizaH	zam	mizam	True
26319	mizwa	zwam	mizwam	True
26319	mizwa	zwA	mizwA	True
26321	mIQa	Qam	mIQam	True
26321	mIQa	QaH	mIQaH	True
26329	mInaH	nA	mInA	True
26334	mImAMsanam	naH	mImAMsanaH	True
26341	mIlita	tam	mIlitam	True
26344	mIvara	raH	mIvaraH	True
26362	mukta	ktaH	muktaH	True
26362	mukta	ktam	muktam	True
26369	muKara	raH	muKaraH	True
26369	muKara	rI	muKarI	True
26376	muKya	KyaH	muKyaH	True
26376	muKya	Kyam	muKyam	True
26382	mugDa	gDA	mugDA	True
26388	mucira	raH	muciraH	True
26402	muRqa	RqaH	muRqaH	True
26402	muRqa	RqA	muRqA	True
26402	muRqa	Rqam	muRqam	True
26403	muRqakaH	kam	muRqakam	True
26406	muRqita	tA	muRqitA	True
26406	muRqita	tam	muRqitam	True
26412	mudita	tA	muditA	True
26412	mudita	tam	muditam	True
26412	mudita	tA	muditA	True
26418	mudgalaH	lam	mudgalam	True
26432	mumukzu	kzuH	mumukzuH	True
26439	muraH	rA	murA	True
26439	muraH	ram	muram	True
26445	muralaH	lAH	muralAH	True
26463	muzwa	zwam	muzwam	True
26466	muzkara	raH	muzkaraH	True
26468	muzwikaH	kam	muzwikam	True
26468	muzwikaH	kAH	muzwikAH	True
26487	mUQa	QaH	mUQaH	True
26487	mUQa	QAH	mUQAH	True
26487	mUQa	Qam	mUQam	True
26489	muhira	raH	muhiraH	True
26493	muhUrtaH	rtaH	muhUrtaH	True
26498	mUka	kaH	mUkaH	True
26498	mUka	kA	mUkA	True
26503	mUta	taH	mUtaH	True
26503	mUta	tam	mUtam	True
26506	mUtrala	lA	mUtralA	True
26509	mUrKa	rKaH	mUrKaH	True
26513	mUrcCana	nam	mUrcCanam	True
26513	mUrcCana	nA	mUrcCanA	True
26516	mUrcCita	tam	mUrcCitam	True
26529	mUlaka	kaH	mUlakaH	True
26529	mUlaka	kam	mUlakam	True
26529	mUlaka	kaH	mUlakaH	True
26531	mUlika	kaH	mUlikaH	True
26531	mUlika	kA	mUlikA	True
26533	mUlina	naH	mUlinaH	True
26537	mUlya	lyam	mUlyam	True
26576	mfRAlaH	lam	mfRAlam	True
26580	mfta	tam	mftam	True
26581	mftakaH	kam	mftakam	True
26602	mfdu	duH	mfduH	True
26602	mfdu	du	mfdu	True
26602	mfdu	du	mfdu	True
26605	mfdula	lam	mfdulam	True
26617	mfzwa	zwam	mfzwam	True
26628	meGaH	Gam	meGam	True
26631	mecaka	kaH	mecakaH	True
26631	mecaka	kam	mecakam	True
26640	meQraH	dram	medram	True
26648	medaH	dA	medA	True
26661	meDAvin	nI	meDAvinI	True
26664	meDya	DyaH	meDyaH	True
26664	meDya	DyA	meDyA	True
26688	mEtra	traH	mEtraH	True
26688	mEtra	trI	mEtrI	True
26688	mEtra	tram	mEtram	True
26694	mEtreya	yaH	mEtreyaH	True
26699	mETilaH	lAH	mETilAH	False
26699	mETilaH	lI	mETilI	True
26700	mETuna	nam	mETunam	True
26717	mokzaka	kaH	mokzakaH	True
26718	mokzaRam	RI	mokzaRI	True
26722	moGa	GaH	moGaH	True
26722	moGa	GA	moGA	True
26722	moGa	Gam	moGam	True
26726	mocaH	cA	mocA	True
26726	mocaH	cam	mocam	True
26727	mocaka	kaH	mocakaH	True
26727	mocaka	kam	mocakam	True
26728	mocana	nam	mocanam	True
26733	mowakaH	kam	mowakam	True
26734	mowanam	naH	mowanaH	True
26737	modaH	dA	modA	True
26738	modaka	kaH	modakaH	True
26738	modaka	kam	modakam	True
26738	modaka	kaH	modakaH	True
26742	modita	tam	moditam	True
26743	modin	nI	modinI	True
26746	morawaH	wam	morawam	True
26746	morawaH	wA	morawA	True
26757	mohana	naH	mohanaH	True
26757	mohana	nI	mohanI	True
26757	mohana	nam	mohanam	True
26792	mOla	laH	mOlaH	True
26793	mOli	liH	mOliH	True
26793	mOli	liH	mOliH	True
26793	mOli	liH	mOliH	True
26793	mOli	lI	mOlI	True
26794	mOlika	kaH	mOlikaH	True
26802	mOsala	laH	mOsalaH	True
26802	mOsala	lam	mOsalam	True
26804	mOhUrtika	kaH	mOhUrtikaH	True
26819	mlizwa	zwam	mlizwam	True
26822	mlecCaH	cCam	mlecCam	True
26824	mlecCita	tam	mlecCitam	True
26830	mlAna	nam	mlAnam	True
26835	yaH	yA	yA	True
26839	yakzaH	kzam	yakzam	True
26839	yakzaH	kzI	yakzI	True
26847	yajata	taH	yajataH	True
26849	yajatraH	tram	yajatram	True
26851	yajamAna	naH	yajamAnaH	True
26862	yajYiya	yaH	yajYiyaH	True
26862	yajYiya	yam	yajYiyam	True
26863	yajYIya	yaH	yajYIyaH	True
26864	yajya	jyA	yajyA	True
26864	yajya	jyam	yajyam	True
26865	yajyu	jyuH	yajyuH	True
26874	yata	tam	yatam	True
26879	yatiH	tiH	yatiH	True
26899	yantrakaH	kam	yantrakam	True
26908	yama	maH	yamaH	True
26908	yama	mam	yamam	True
26908	yama	mI	yamI	True
26908	yama	mO	yamO	True
26909	yamaka	kaH	yamakaH	True
26909	yamaka	kam	yamakam	True
26911	yamana	nam	yamanam	True
26911	yamana	naH	yamanaH	True
26913	yamala	laH	yamalaH	True
26913	yamala	lO	yamalO	False
26913	yamala	lam	yamalam	True
26913	yamala	lI	yamalI	True
26913	yamala	lA	yamalA	True
26913	yamala	lI	yamalI	True
26923	yamya	myA	yamyA	True
26934	yavanaH	nAH	yavanAH	True
26934	yavanaH	nam	yavanam	True
26942	yavizWa	zWaH	yavizWaH	True
26944	yavya	vyaH	yavyaH	True
26944	yavya	vyam	yavyam	True
26947	yaSasya	syA	yaSasyA	True
26949	yaSasvin	nI	yaSasvinI	True
26958	yahu	huH	yahuH	True
26959	yahva	hvI	yahvI	True
26961	yAta	tam	yAtam	True
26969	yAcita	tam	yAcitam	True
26983	yAjuza	zaH	yAjuzaH	True
26987	yAjYika	kaH	yAjYikaH	True
26988	yAjYiya	yaH	yAjYiyaH	True
26989	yAjya	jyaH	yAjyaH	True
26989	yAjya	jyam	yAjyam	True
26989	yAjya	jyA	yAjyA	True
26991	yAtanam	nA	yAtanA	True
26998	yAtrika	kaH	yAtrikaH	True
26998	yAtrika	kam	yAtrikam	True
27006	yAdavaH	vI	yAdavI	True
27006	yAdavaH	vam	yAdavam	True
27010	yAdfcCika	kaH	yAdfcCikaH	True
27011	yAnam	naH	yAnaH	True
27015	yApana	nam	yApanam	True
27015	yApana	nA	yApanA	True
27018	yApya	pyaH	yApyaH	True
27028	yAmIraH	rA	yAmIrA	True
27032	yAmuna	nam	yAmunam	True
27035	yAmya	myaH	yAmyaH	True
27035	yAmya	myam	yAmyam	True
27038	yAyAvara	raH	yAyAvaraH	True
27038	yAyAvara	ram	yAyAvaram	True
27040	yAva	vaH	yAvaH	True
27045	yAvana	naH	yAvanaH	True
27045	yAvana	nam	yAvanam	True
27047	yAvanAlaH	lI	yAvanAlI	True
27052	yAzwIka	kaH	yAzwIkaH	True
27059	yukta	ktaH	yuktaH	True
27059	yukta	ktam	yuktam	True
27059	yukta	ktam	yuktam	True
27065	yugaMDaraH	raH	yugaMDaraH	True
27071	yugma	gmam	yugmam	True
27073	yugya	gyaH	yugyaH	True
27073	yugya	gyam	yugyam	True
27079	yujya	jyaH	yujyaH	True
27079	yujya	jyam	yujyam	True
27080	yuYjAna	naH	yuYjAnaH	True
27084	yuta	tam	yutam	True
27085	yutaka	kam	yutakam	True
27088	yudDa	dDam	yudDam	True
27095	yuDma	DmaH	yuDmaH	True
27097	yuyutsu	tsuH	yuyutsuH	True
27106	yuvatiH	tI	yuvatI	True
27109	yuzmadIya	yaH	yuzmadIyaH	True
27117	yUTya	TyA	yUTyA	True
27132	yogin	nI	yoginI	True
27133	yogya	gyaH	yogyaH	True
27133	yogya	gyA	yogyA	True
27133	yogya	gyam	yogyam	True
27136	yojanam	nA	yojanA	True
27146	yoDanam	naH	yoDanaH	True
27156	yOktika	kaH	yOktikaH	True
27161	yOtaka	kam	yOtakam	True
27163	yOTika	kaH	yOTikaH	True
27164	yODa	DaH	yODaH	True
27165	yOna	nam	yOnam	True
27169	yOvana	nam	yOvanam	True
27177	raH	rA	rA	True
27177	raH	rI	rI	True
27177	raH	ram	ram	True
27187	rakta	ktaH	raktaH	True
27187	rakta	ktA	raktA	True
27187	rakta	ktam	raktam	True
27188	raktaka	kaH	raktakaH	True
27188	raktaka	kam	raktakam	True
27195	rakzaka	kaH	rakzakaH	True
27196	rakzaRam	RI	rakzaRI	True
27196	rakzaRam	RaH	rakzaRaH	True
27196	rakzaRam	RA	rakzaRA	True
27209	raGu	GuH	raGuH	True
27210	raNka	kaH	raNkaH	True
27214	raNgaH	gaH	raNgaH	True
27214	raNgaH	gam	raNgam	True
27224	rajakaH	kI	rajakI	True
27225	rajata	tam	rajatam	True
27226	rajanaH	nam	rajanam	True
27233	rajasvala	laH	rajasvalaH	True
27233	rajasvala	lA	rajasvalA	True
27238	raYjaka	kaH	raYjakaH	True
27238	raYjaka	kam	raYjakam	True
27239	raYjana	nam	raYjanam	True
27248	raRaH	RaH	raRaH	True
27252	raRqa	RqaH	raRqaH	True
27252	raRqa	RqA	raRqA	True
27255	rata	tam	ratam	True
27259	ratnavat	tI	ratnavatI	True
27264	raTika	kaH	raTikaH	True
27265	raTin	nI	raTinI	True
27267	raTira	raH	raTiraH	True
27273	radanaH	nam	radanam	True
27283	rantavya	vyam	rantavyam	True
27293	raBasa	saH	raBasaH	True
27296	rama	maH	ramaH	True
27297	ramaka	kaH	ramakaH	True
27299	ramaRa	RaH	ramaRaH	True
27299	ramaRa	Ram	ramaRam	True
27310	ramya	myaH	ramyaH	True
27310	ramya	myA	ramyA	True
27310	ramya	myam	ramyam	True
27315	rayizWaH	zWam	rayizWam	True
27320	ravaRa	RaH	ravaRaH	True
27320	ravaRa	Ram	ravaRam	True
27331	rasanam	naH	rasanaH	True
27335	rasavat	tI	rasavatI	True
27338	rasAlaH	lA	rasAlA	True
27338	rasAlaH	lam	rasAlam	True
27341	rasika	kaH	rasikaH	True
27341	rasika	kA	rasikA	True
27343	rasita	tam	rasitam	True
27346	rasya	syam	rasyam	True
27347	rasnam	snA	rasnA	True
27351	rahasya	syam	rahasyam	True
27351	rahasya	syam	rahasyam	True
27352	rahita	tam	rahitam	True
27357	rAkzasa	saH	rAkzasaH	True
27357	rAkzasa	sI	rAkzasI	True
27366	rAgin	RI	rAgiRI	True
27373	rANkava	vam	rANkavam	True
27376	rAjakaH	kam	rAjakam	True
27378	rAjata	tam	rAjatam	True
27382	rAjanya	nyaH	rAjanyaH	True
27382	rAjanya	nyA	rAjanyA	True
27396	rAjIvaH	vam	rAjIvam	True
27402	rARAyanIyaH	yAH	rARAyanIyAH	False
27407	rAti	tiH	rAtiH	True
27409	rAtraka	kaH	rAtrakaH	True
27409	rAtraka	kam	rAtrakam	True
27410	rAtrika	kA	rAtrikA	True
27420	rADaH	DaH	rADaH	True
27420	rADaH	Dam	rADam	True
27420	rADaH	DI	rADI	True
27421	rADanam	nA	rADanA	True
27421	rADanam	nI	rADanI	True
27427	rAma	maH	rAmaH	True
27427	rAma	mam	rAmam	True
27428	rAmaka	kaH	rAmakaH	True
27430	rAmaRIyaka	kam	rAmaRIyakam	True
27440	rAvaRa	RaH	rAvaRaH	True
27440	rAvaRa	Ram	rAvaRam	True
27446	rAzwram	zwraH	rAzwraH	True
27446	rAzwram	zwram	rAzwram	True
27450	rAzwriya	yaH	rAzwriyaH	True
27464	rikta	ktam	riktam	True
27483	ripra	pram	ripram	True
27500	rizwa	zwam	rizwam	True
27500	rizwa	zwaH	rizwaH	True
27513	rItikam	kA	rItikA	True
27518	ruta	tam	rutam	True
27520	rukma	kmaH	rukmaH	True
27520	rukma	kmam	rukmam	True
27527	rucaka	kaH	rucakaH	True
27527	rucaka	kam	rucakam	True
27530	rucita	tam	rucitam	True
27531	rucira	rA	rucirA	True
27531	rucira	ram	ruciram	True
27532	rucizya	zyam	rucizyam	True
27533	rucya	cyaH	rucyaH	True
27533	rucya	cyam	rucyam	True
27542	ruRqa	RqaH	ruRqaH	True
27542	ruRqa	Rqam	ruRqam	True
27542	ruRqa	RqaH	ruRqaH	True
27548	rudra	draH	rudraH	True
27551	rudriya	yam	rudriyam	True
27554	rudDa	dDA	rudDA	True
27555	ruDira	ram	ruDiram	True
27555	ruDira	raH	ruDiraH	True
27578	rUkza	kzaH	rUkzaH	True
27578	rUkza	kzA	rUkzA	True
27578	rUkza	kzam	rUkzam	True
27585	rUpaka	kaH	rUpakaH	True
27585	rUpaka	kam	rUpakam	True
27587	rUpavat	tI	rUpavatI	True
27591	rUpya	pyam	rUpyam	True
27606	recaka	kaH	recakaH	True
27606	recaka	kam	recakam	True
27607	recanam	nI	recanI	True
27608	recita	tam	recitam	True
27623	rePa	PaH	rePaH	True
27627	reBa	BaH	reBaH	True
27632	revawaH	wam	revawam	True
27641	rEvata	taH	rEvataH	True
27642	rEvatakaH	kam	rEvatakam	True
27645	rokam	kaH	rokaH	True
27652	rocaka	kam	rocakam	True
27652	rocaka	kaH	rocakaH	True
27653	rocana	naH	rocanaH	True
27653	rocana	nam	rocanam	True
27657	rocamAna	naH	rocamAnaH	True
27662	roqa	qaH	roqaH	True
27669	roDanaH	nam	roDanam	True
27672	roDraH	DraH	roDraH	True
27672	roDraH	Dram	roDram	True
27672	roDraH	Dram	roDram	True
27675	ropaRam	RaH	ropaRaH	True
27678	romakaH	kam	romakam	True
27681	romaSa	SaH	romaSaH	True
27681	romaSa	SI	romaSI	True
27681	romaSa	Sam	romaSam	True
27686	rozaRa	RaH	rozaRaH	True
27689	roha	haH	rohaH	True
27690	rohaRaH	Ram	rohaRam	True
27691	rohantaH	ntI	rohantI	True
27693	rohiRa	RaH	rohiRaH	True
27693	rohiRa	Ram	rohiRam	True
27698	rohita	taH	rohitaH	True
27698	rohita	tam	rohitam	True
27704	rOcanika	kam	rOcanikam	True
27707	rOdra	draH	rOdraH	True
27707	rOdra	dram	rOdram	True
27710	rOpya	pyam	rOpyam	True
27712	rOmaka	kam	rOmakam	True
27713	rOrava	vaH	rOravaH	True
27714	rOhiRa	RaH	rOhiRaH	True
27716	rOhiReyaH	yam	rOhiReyam	True
27717	rOhizaH	zam	rOhizam	True
27717	rOhizaH	zI	rOhizI	True
27722	lakacaH	cam	lakacam	True
27728	lakzaka	kam	lakzakam	True
27729	lakzaRam	RaH	lakzaRaH	True
27729	lakzaRam	RA	lakzaRA	True
27731	lakzaRya	RyaH	lakzaRyaH	True
27736	lakzmaRa	RaH	lakzmaRaH	True
27736	lakzmaRa	RA	lakzmaRA	True
27736	lakzmaRa	Ram	lakzmaRam	True
27740	lakzya	kzyaH	lakzyaH	True
27740	lakzya	kzyam	lakzyam	True
27744	lagna	gnaH	lagnaH	True
27744	lagna	gnam	lagnam	True
27784	lajjita	tam	lajjitam	True
27798	lawvaH	wvA	lawvA	True
27812	lapita	tam	lapitam	True
27816	labDa	bDA	labDA	True
27816	labDa	bDam	labDam	True
27820	laBasaH	sam	laBasam	True
27823	lampawa	waH	lampawaH	True
27829	lamba	mbaH	lambaH	True
27829	lamba	mbI	lambI	True
27831	lambanaH	nam	lambanam	True
27838	lamBaH	mBA	lamBA	True
27848	lala	lam	lalam	True
27850	lalanam	naH	lalanaH	True
27857	lalAwaMtapa	paH	lalAwaMtapaH	True
27860	lalAma	mam	lalAmam	True
27860	lalAma	maH	lalAmaH	True
27863	lalita	taH	lalitaH	True
27863	lalita	tam	lalitam	True
27865	lavaH	vam	lavam	True
27865	lavaH	vam	lavam	True
27868	lavaNgaH	gam	lavaNgam	True
27870	lavaRa	RaH	lavaRaH	True
27870	lavaRa	Ram	lavaRam	True
27880	lavi	viH	laviH	True
27904	lAkuwika	kaH	lAkuwikaH	True
27906	lAkzaRika	kaH	lAkzaRikaH	True
27916	lANgalam	laH	lANgalaH	True
27916	lANgalam	lA	lANgalA	False
27917	lANgalika	kaH	lANgalikaH	True
27925	lAjaH	jAH	lAjAH	True
27925	lAjaH	jam	lAjam	True
27929	lAwa	waH	lAwaH	True
27949	lAlaka	kaH	lAlakaH	True
27950	lAlana	naH	lAlanaH	True
27950	lAlana	nam	lAlanam	True
27951	lAlasa	saH	lAlasaH	True
27956	lAlAwika	kaH	lAlAwikaH	True
27959	lAlikaH	kA	lAlikA	True
27960	lAlita	tam	lAlitam	True
27966	lAva	vaH	lAvaH	True
27969	lAvaRika	kaH	lAvaRikaH	True
27969	lAvaRika	kam	lAvaRikam	True
27977	lAsaka	kaH	lAsakaH	True
27977	lAsaka	kam	lAsakam	True
27982	lAsyam	syaH	lAsyaH	True
27982	lAsyam	syA	lAsyA	True
27991	liKita	taH	liKitaH	True
27991	liKita	tam	liKitam	True
28013	lipta	ptam	liptam	True
28021	limpawa	waH	limpawaH	True
28022	limpAkaH	kam	limpAkam	True
28038	lIlAvat	tI	lIlAvatI	True
28051	luWita	tam	luWitam	True
28055	luRwAka	kaH	luRwAkaH	True
28069	lupta	ptam	luptam	True
28071	lubDa	bDaH	lubDaH	True
28089	lUna	nam	lUnam	True
28090	lUnaka	kaH	lUnakaH	True
28097	leKakaH	kam	leKakam	True
28098	leKana	naH	leKanaH	True
28098	leKana	nam	leKanam	True
28098	leKana	nI	leKanI	True
28100	leKanIya	yam	leKanIyam	True
28108	leKya	Kyam	leKyam	True
28117	lepanaH	nam	lepanam	True
28119	lepya	pyam	lepyam	True
28126	lelihaH	hA	lelihA	True
28132	lehaH	hI	lehI	True
28135	lehya	hyam	lehyam	True
28139	lENgika	kaH	lENgikaH	True
28152	locana	nam	locanam	True
28169	lotaH	tam	lotam	True
28182	loBana	nam	loBanam	True
28191	lomaSa	SaH	lomaSaH	True
28191	lomaSa	SA	lomaSA	True
28195	lola	lA	lolA	True
28195	lola	lI	lolI	True
28200	lolupa	pA	lolupA	True
28203	lozwaH	zwam	lozwam	True
28207	loha	haH	lohaH	True
28207	loha	ham	loham	True
28207	loha	haH	lohaH	True
28207	loha	ham	loham	True
28210	lohita	taH	lohitaH	True
28210	lohita	tA	lohitA	True
28210	lohita	tam	lohitam	True
28211	lohitaka	kaH	lohitakaH	True
28211	lohitaka	kam	lohitakam	True
28218	lOkika	kAH	lOkikAH	False
28218	lOkika	kam	lOkikam	True
28222	lOha	ham	lOham	True
28222	lOha	hI	lOhI	True
28225	lOhityaH	tyam	lOhityam	True
28230	va	vaH	vaH	True
28230	va	vam	vam	True
28232	vaMSakaH	kam	vaMSakam	True
28233	vaMSika	kam	vaMSikam	True
28236	vaMSya	SyaH	vaMSyaH	True
28242	vaktavya	vyam	vaktavyam	True
28248	vakra	kraH	vakraH	True
28248	vakra	kram	vakram	True
28256	vakrIBU	vakrIBAvaH	vakrIBAvaH	True
28266	vaNkaH	NkA	vaNkA	True
28277	vaNgaH	Ngam	vaNgam	True
28283	vagnu	gnuH	vagnuH	True
28285	vacaH	cA	vacA	True
28285	vacaH	cam	vacam	True
28289	vacanIya	yam	vacanIyam	True
28297	ukta	ktam	uktam	True
28297	ukta	ktam	uktam	True
28297	ukta	ktA	uktA	True
28301	vajra	jraH	vajraH	True
28301	vajra	jram	vajram	True
28301	vajra	jraH	vajraH	True
28301	vajra	jram	vajram	True
28306	vaYcaka	kaH	vaYcakaH	True
28310	vaYcita	tA	vaYcitA	True
28311	vaYcuka	kaH	vaYcukaH	True
28313	vaYjula	laH	vaYjulaH	True
28313	vaYjula	lA	vaYjulA	True
28318	vawara	raH	vawaraH	True
28331	vaWara	raH	vaWaraH	True
28344	vaRwa	RwaH	vaRwaH	True
28349	vaRWa	RWaH	vaRWaH	True
28352	vaRqa	RqaH	vaRqaH	True
28352	vaRqa	RqA	vaRqA	True
28364	vatsaH	tsA	vatsA	True
28364	vatsaH	tsam	vatsam	True
28365	vatsakaH	kam	vatsakam	True
28366	vatsataraH	rI	vatsatarI	True
28369	vatsala	laH	vatsalaH	True
28369	vatsala	lA	vatsalA	True
28369	vatsala	lam	vatsalam	True
28383	vadAnya	nyaH	vadAnyaH	True
28385	vadya	dyam	vadyam	True
28388	vaDaka	kaH	vaDakaH	True
28399	vaDya	DyaH	vaDyaH	True
28401	vaDram	DrI	vaDrI	True
28419	vanecara	raH	vanecaraH	True
28433	vandanam	nA	vandanA	True
28433	vandanam	nI	vandanI	True
28435	vandanIya	yA	vandanIyA	True
28441	vandya	dyA	vandyA	True
28442	vandaH	ndam	vandam	True
28446	vanya	nyaH	vanyaH	True
28446	vanya	nyam	vanyam	True
28450	vapanam	nI	vapanI	True
28455	vapuza	zam	vapuzam	True
28459	vapraH	praH	vapraH	True
28459	vapraH	pram	vapram	True
28459	vapraH	prA	vaprA	True
28467	vamanam	naH	vamanaH	True
28467	vamanam	nI	vamanI	True
28469	vamiH	miH	vamiH	True
28479	vayasya	syaH	vayasyaH	True
28479	vayasya	syA	vayasyA	True
28483	vayoDA	DAH	vayoDAH	True
28486	vara	raH	varaH	True
28486	vara	ram	varam	True
28487	varakaH	kam	varakam	True
28488	varaRam	RaH	varaRaH	True
28489	varawaH	wA	varawA	True
28489	varawaH	wI	varawI	True
28489	varawaH	wam	varawam	True
28493	varaRqaka	kaH	varaRqakaH	True
28500	varalaH	lA	varalA	True
28504	varAka	kaH	varAkaH	True
28512	varAlaH	lA	varAlA	True
28528	varizWa	zWaH	varizWaH	True
28528	varizWa	zWam	varizWam	True
28542	varUtf	trI	varUtrI	True
28543	varUTam	TaH	varUTaH	True
28545	varUTin	nI	varUTinI	True
28546	vareRya	RyaH	vareRyaH	True
28546	vareRya	Ryam	vareRyam	True
28548	varowaH	wam	varowam	True
28560	vargIya	yaH	vargIyaH	True
28561	vargya	rgyaH	vargyaH	True
28572	varjya	rjyam	varjyam	True
28574	varRaH	rRA	varRA	True
28574	varRaH	rRam	varRam	True
28575	varRakaH	kA	varRakA	True
28575	varRakaH	kam	varRakam	True
28588	varRya	rRyam	varRyam	True
28590	vartaka	kaH	vartakaH	True
28590	vartaka	kam	vartakam	True
28592	vartana	naH	vartanaH	True
28592	vartana	nI	vartanI	True
28592	vartana	nam	vartanam	True
28593	vartaniH	niH	vartaniH	True
28594	vartamAna	naH	vartamAnaH	True
28594	vartamAna	nam	vartamAnam	True
28605	vartula	laH	vartulaH	True
28605	vartula	lam	vartulam	True
28605	vartula	lA	vartulA	True
28608	vartra	rtram	vartram	True
28611	varDaH	rDam	varDam	True
28612	varDaka	kaH	varDakaH	True
28615	varDana	naH	varDanaH	True
28615	varDana	nI	varDanI	True
28615	varDana	nam	varDanam	True
28618	varDamAna	naH	varDamAnaH	True
28618	varDamAna	naH	varDamAnaH	True
28618	varDamAna	nam	varDamAnam	True
28618	varDamAna	nA	varDamAnA	True
28636	varya	ryaH	varyaH	True
28636	varya	ryA	varyA	True
28639	varvara	raH	varvaraH	True
28639	varvara	rA	varvarA	True
28639	varvara	rI	varvarI	True
28639	varvara	ram	varvaram	True
28650	varzika	kam	varzikam	True
28662	valanam	nA	valanA	True
28663	valita	taH	valitaH	True
28663	valita	tam	valitam	True
28668	valajaH	jam	valajam	True
28668	valajaH	jA	valajA	True
28673	valayaH	yaH	valayaH	True
28673	valayaH	yam	valayam	True
28687	valUkaH	kam	valUkam	True
28700	valgita	tam	valgitam	True
28701	valgu	lguH	valguH	True
28702	valguka	kam	valgukam	True
28710	valmIkaH	kaH	valmIkaH	True
28716	vallaBa	BaH	vallaBaH	True
28716	vallaBa	BA	vallaBA	True
28724	vallUraH	ram	vallUram	True
28730	vaSa	SaH	vaSaH	True
28730	vaSa	Sam	vaSam	True
28730	vaSa	SaH	vaSaH	True
28735	vaSika	kA	vaSikA	True
28740	vaSiraH	ram	vaSiram	True
28745	vaSya	SyaH	vaSyaH	True
28745	vaSya	SyA	vaSyA	True
28745	vaSya	Syam	vaSyam	True
28756	vasanam	nA	vasanA	True
28761	vasita	tam	vasitam	True
28764	vasizWaH	zWam	vasizWam	True
28766	vasukaH	kam	vasukam	True
28768	vasumat	tI	vasumatI	True
28769	vasukaH	kam	vasukam	True
28778	vastam	staH	vastaH	True
28793	vasnika	kA	vasnikA	True
28798	UQa	QaH	UQaH	True
28798	UQa	QA	UQA	True
28798	UQa	Qam	UQam	True
28800	vahaH	hA	vahA	True
28809	vahala	laH	vahalaH	True
28819	vahyam	hyA	vahyA	True
28823	vAMSa	SI	vAMSI	True
28825	vAkam	kaH	vAkaH	True
28837	vAgya	gyaH	vAgyaH	True
28842	vANmaya	yam	vANmayam	True
28842	vANmaya	yI	vANmayI	True
28844	vAcaMyama	maH	vAcaMyamaH	True
28845	vAcaka	kaH	vAcakaH	True
28847	vAcanam	nA	vAcanA	True
28857	vAcika	kaH	vAcikaH	True
28857	vAcika	kam	vAcikam	True
28859	vAcoyukti	ktiH	vAcoyuktiH	True
28860	vAcya	cyam	vAcyam	True
28862	vAjaH	jam	vAjam	True
28864	vAjasaneyin	saMhitA	vAjasaneyisaMhitA	True
28866	vAjin	nI	vAjinI	True
28874	vAYCita	tam	vAYCitam	True
28875	vAYCin	nI	vAYCinI	True
28881	vAwya	wyaH	vAwyaH	True
28885	vAqavaH	vaH	vAqavaH	True
28885	vAqavaH	vam	vAqavam	True
28885	vAqavaH	vam	vAqavam	True
28886	vAqaveyaH	yO	vAqaveyO	True
28897	vAta	taH	vAtaH	True
28905	vAtala	laH	vAtalaH	True
28910	vAtika	kaH	vAtikaH	True
28911	vAtIya	yam	vAtIyam	True
28912	vAtula	laH	vAtulaH	True
28925	vAdanam	naH	vAdanaH	True
28928	vAdika	kaH	vAdikaH	True
28929	vAdita	tam	vAditam	True
28933	vAdyam	dyaH	vAdyaH	True
28933	vAdyam	dyam	vAdyam	True
28935	vAdara	rA	vAdarA	True
28935	vAdara	ram	vAdaram	True
28947	vAna	nam	vAnam	True
28951	vAnaraH	rI	vAnarI	True
28967	vApita	tam	vApitam	True
28971	vAma	maH	vAmaH	True
28971	vAma	mam	vAmam	True
28972	vAmaka	kaH	vAmakaH	True
28972	vAmaka	kam	vAmakam	True
28975	vAmana	naH	vAmanaH	True
28989	vAyava	vI	vAyavI	True
28990	vAyavIya	vAyavyA	vAyavyA	True
28991	vAyasaH	sam	vAyasam	True
28995	vAraH	ram	vAram	True
28996	vAraka	kaH	vArakaH	True
28996	vAraka	kam	vArakam	True
29000	vArawam	wA	vArawA	True
29001	vAraRa	Ram	vAraRam	True
29001	vAraRa	RaH	vAraRaH	True
29011	vArAha	haH	vArAhaH	True
29013	vAri	riH	vAriH	True
29013	vAri	rI	vArI	True
29018	vAruRa	RaH	vAruRaH	True
29018	vAruRa	Ram	vAruRam	True
29018	vAruRa	RaH	vAruRaH	True
29018	vAruRa	Ram	vAruRam	True
29022	vAruRqaH	RqaH	vAruRqaH	True
29022	vAruRqaH	Rqam	vAruRqam	True
29022	vAruRqaH	RqI	vAruRqI	True
29025	vArkza	rkzam	vArkzam	True
29026	vArkzya	rkzyam	vArkzyam	True
29031	vArtta	rttam	vArttam	True
29033	vArttika	kaH	vArttikaH	True
29033	vArttika	kA	vArttikA	True
29033	vArttika	kam	vArttikam	True
29037	vArdalam	laH	vArdalaH	True
29050	vArya	ryaH	vAryaH	True
29050	vArya	ryam	vAryam	True
29053	vArzika	kam	vArzikam	True
29053	vArzika	kI	vArzikI	True
29060	vAlaKilyaH	lyam	vAlaKilyam	True
29063	vAlukA	kA	vAlukA	True
29063	vAlukA	kI	vAlukI	True
29065	vAlka	lkam	vAlkam	True
29066	vAlkala	lam	vAlkalam	True
29066	vAlkala	lI	vAlkalI	True
29072	vAvAta	tA	vAvAtA	True
29084	vASra	SraH	vASraH	True
29084	vASra	SrA	vASrA	True
29084	vASra	Sram	vASram	True
29085	vAzkala	laH	vAzkalaH	True
29089	vAsaka	kaH	vAsakaH	True
29089	vAsaka	kA	vAsakA	True
29089	vAsaka	kam	vAsakam	True
29094	vAsita	tam	vAsitam	True
29097	vAsateya	yI	vAsateyI	True
29098	vAsanta	ntaH	vAsantaH	True
29098	vAsanta	ntI	vAsantI	True
29099	vAsantika	kaH	vAsantikaH	True
29101	vAsaraH	raH	vAsaraH	True
29102	vAsava	vaH	vAsavaH	True
29102	vAsava	vam	vAsavam	True
29109	vAsizWa	zWaH	vAsizWaH	True
29109	vAsizWa	zWI	vAsizWI	True
29113	vAsudevaH	vI	vAsudevI	True
29118	vAstava	vam	vAstavam	True
29120	vAstavika	kaH	vAstavikaH	True
29121	vAstavya	vyaH	vAstavyaH	True
29121	vAstavya	vyam	vAstavyam	True
29128	vAstra	straH	vAstraH	True
29131	vAsya	syaH	vAsyaH	True
29131	vAsya	syam	vAsyam	True
29132	vAsraH	srA	vAsrA	True
29134	vAha	haH	vAhaH	True
29136	vAhanam	nA	vAhanA	True
29149	vAhya	hyaH	vAhyaH	True
29149	vAhya	hyam	vAhyam	True
29151	vAhlikaH	kam	vAhlikam	True
29154	viMSa	SaH	viMSaH	True
29163	vikaca	caH	vikacaH	True
29166	vikawa	waH	vikawaH	True
29166	vikawa	wam	vikawam	True
29169	vikatTana	nam	vikatTanam	True
29175	vikampita	tam	vikampitam	True
29177	vikaraRaH	Ram	vikaraRam	True
29185	vikarmika	kaH	vikarmikaH	True
29187	vikala	lA	vikalA	True
29187	vikala	lI	vikalI	True
29211	vikuRWam	RWA	vikuRWA	True
29226	vikfta	tam	vikftam	True
29230	vikarzaRaH	Ram	vikarzaRam	True
29234	vikiraRam	RaH	vikiraRaH	True
29235	vikIrRa	rRam	vikIrRam	True
29242	vikeSa	SI	vikeSI	True
29251	vikrAnta	ntaH	vikrAntaH	True
29251	vikrAnta	ntam	vikrAntam	True
29260	vikrIta	tam	vikrItam	True
29264	vikruzwa	zwam	vikruzwam	True
29267	viklava	vam	viklavam	True
29271	viklizwa	zwam	viklizwam	True
29275	vikzata	tam	vikzatam	True
29279	vikzipta	ptam	vikziptam	True
29303	vigata	tA	vigatA	True
29303	vigata	tam	vigatam	True
29308	vigarhita	tam	vigarhitam	True
29334	viGasaH	sam	viGasam	True
29348	vicakzaRa	RaH	vicakzaRaH	True
29359	vicAraka	kaH	vicArakaH	True
29363	vicArita	tam	vicAritam	True
29373	vicAla	laH	vicAlaH	True
29384	vicitra	traH	vicitraH	True
29384	vicitra	trA	vicitrA	True
29384	vicitra	tram	vicitram	True
29385	vicitrakaH	kam	vicitrakam	True
29398	vicezwita	tam	vicezwitam	True
29404	vicCAya	yaH	vicCAyaH	True
29404	vicCAya	yam	vicCAyam	True
29424	vijana	nam	vijanam	True
29428	vijAta	tA	vijAtA	True
29433	vijara	ram	vijaram	True
29434	vijala	lam	vijalam	True
29440	vijayaH	yam	vijayam	True
29444	vijigIzu	zuH	vijigIzuH	True
29458	vijfmBita	tam	vijfmBitam	True
29463	vijYa	jYaH	vijYaH	True
29498	viqaNga	NgaH	viqaNgaH	True
29498	viqaNga	Ngam	viqaNgam	True
29503	viqambita	tam	viqambitam	True
29520	vitata	tam	vitatam	True
29522	vitanu	nuH	vitanuH	True
29535	vitAna	naH	vitAnaH	True
29535	vitAna	nam	vitAnam	True
29535	vitAna	nam	vitAnam	True
29541	vitAla	laH	vitAlaH	True
29541	vitAla	lI	vitAlI	True
29544	vitunnakam	kaH	vitunnakaH	True
29547	vitfzRa	zRA	vitfzRA	True
29552	vitta	tam	vittam	True
29560	viTuraH	rA	viTurA	False
29563	vidaH	dA	vidA	True
29565	vidita	taH	viditaH	True
29565	vidita	tam	viditam	True
29566	viduzaH	zI	viduzI	True
29568	vidagDa	gDaH	vidagDaH	True
29568	vidagDa	gDA	vidagDA	True
29571	vidaTaH	Tam	vidaTam	True
29572	vidaraH	ram	vidaram	True
29573	vidarBAH	rBaH	vidarBaH	True
29575	vidala	laH	vidalaH	True
29575	vidala	lam	vidalam	True
29589	vidura	raH	viduraH	True
29592	vidUra	raH	vidUraH	True
29593	vidUzaka	kaH	vidUzakaH	True
29597	vidAraH	rI	vidArI	True
29598	vidArakaH	kam	vidArakam	True
29599	vidAraRaH	RA	vidAraRA	True
29599	vidAraRaH	Ram	vidAraRam	True
29605	videha	hAH	videhAH	True
29605	videha	haH	videhaH	True
29605	videha	hA	videhA	True
29607	vidDa	dDaH	vidDaH	True
29607	vidDa	dDam	vidDam	True
29619	vidyotana	nam	vidyotanam	True
29628	vidruta	tam	vidrutam	True
29636	vidvezaRaH	RI	vidvezaRI	True
29636	vidvezaRaH	Ram	vidvezaRam	True
29640	viDana	tA	viDanatA	True
29641	viDarma	rmaH	viDarmaH	True
29657	viDitsita	tam	viDitsitam	True
29660	viDeya	yam	viDeyam	True
29660	viDeya	yaH	viDeyaH	True
29666	viDura	raH	viDuraH	True
29666	viDura	ram	viDuram	True
29672	viDUta	tam	viDUtam	True
29679	viDfta	tam	viDftam	True
29700	vinaSanam	naH	vinaSanaH	True
29704	vinASanam	naH	vinASanaH	True
29767	vinihata	taH	vinihataH	True
29771	vinaya	yaH	vinayaH	True
29773	vinIta	taH	vinItaH	True
29784	vinda	ndaH	vindaH	True
29785	vindu	nduH	vinduH	True
29786	vinDyaH	nDyA	vinDyA	True
29791	vinyasta	stam	vinyastam	True
29795	vipakza	kzaH	vipakzaH	True
29812	vipattiH	ttiH	vipattiH	True
29815	vipanna	nnaH	vipannaH	True
29825	viparIta	taH	viparItaH	True
29825	viparIta	tA	viparItA	True
29827	viparyaya	yaH	viparyayaH	True
29844	vipina	nam	vipinam	True
29847	vipula	laH	vipulaH	True
29888	vipralabDa	bDA	vipralabDA	True
29912	vipriya	yam	vipriyam	True
29915	viplava	vaH	viplavaH	True
29919	vipluta	tam	viplutam	True
29923	viPala	lA	viPalA	True
29923	viPala	lam	viPalam	True
29941	viBakta	ktaH	viBaktaH	True
29941	viBakta	ktam	viBaktam	True
29966	viBinna	nnaH	viBinnaH	True
29973	viBu	BuH	viBuH	True
29979	viBAvanam	nA	viBAvanA	True
29988	viBUzita	tam	viBUzitam	True
30009	vimata	taH	vimataH	True
30010	vimati	tiH	vimatiH	True
30022	vimala	laH	vimalaH	True
30022	vimala	lam	vimalam	True
30036	vimUQa	QaH	vimUQaH	True
30037	vimUrcCita	tam	vimUrcCitam	True
30047	vimfzwa	zwam	vimfzwam	True
30052	vimohana	naH	vimohanaH	True
30052	vimohana	nam	vimohanam	True
30052	vimohana	nam	vimohanam	True
30085	viraja	jaH	virajaH	True
30085	viraja	jA	virajA	True
30093	virakta	ktA	viraktA	True
30105	virala	lam	viralam	True
30105	virala	lam	viralam	True
30106	virasa	saH	virasaH	True
30114	virAja	jaH	virAjaH	True
30133	virAvin	RI	virAviRI	True
30134	viruta	tam	virutam	True
30134	viruta	tiH	virutiH	True
30143	virudDa	dDam	virudDam	True
30154	virUpa	paH	virUpaH	True
30154	virUpa	pA	virUpA	True
30154	virUpa	pam	virUpam	True
30155	virUpaka	kaH	virUpakaH	True
30161	virokaH	kaH	virokaH	True
30162	virocanaH	nam	virocanam	True
30168	vilakzaRa	Ram	vilakzaRam	True
30171	vilagna	gnam	vilagnam	True
30174	vilaNGita	tam	vilaNGitam	True
30187	vilambita	tam	vilambitam	True
30187	vilambita	tam	vilambitam	True
30196	vilasita	tam	vilasitam	True
30208	vileKaH	KA	vileKA	True
30226	viloqita	tam	viloqitam	True
30244	vilokita	tam	vilokitam	True
30247	viloma	maH	vilomaH	True
30247	viloma	mam	vilomam	True
30251	vilohita	taH	vilohitaH	True
30251	vilohita	tA	vilohitA	True
30255	vivakzita	tam	vivakzitam	True
30266	vivaram	raH	vivaraH	True
30267	vivarRa	rRaH	vivarRaH	True
30272	vivAsaH	vivAsakAle	vivAsakAle	True
30274	vivasana	naH	vivasanaH	True
30275	vivasvat	tI	vivasvatI	True
30285	vivikta	ktam	viviktam	True
30285	vivikta	ktA	viviktA	True
30287	viviDa	Dam	viviDam	True
30291	vivfta	tam	vivftam	True
30291	vivfta	tA	vivftA	True
30291	vivfta	tam	vivftam	True
30296	vivfkta	ktA	vivfktA	True
30319	viSaNka	NkA	viSaNkA	True
30321	viSaNkawa	wam	viSaNkawam	True
30322	viSada	daH	viSadaH	True
30325	viSalya	lyA	viSalyA	True
30327	viSasanam	naH	viSasanaH	True
30339	viSArada	daH	viSAradaH	True
30340	viSAla	laH	viSAlaH	True
30340	viSAla	lA	viSAlA	True
30342	viSiKa	KaH	viSiKaH	True
30347	viSizwa	zwaH	viSizwaH	True
30349	viSeza	zaH	viSezaH	True
30350	viSezaka	kaH	viSezakaH	True
30350	viSezaka	kam	viSezakam	True
30350	viSezaka	kaH	viSezakaH	True
30350	viSezaka	kam	viSezakam	True
30351	viSezaRa	Ram	viSezaRam	True
30354	viSezya	zyam	viSezyam	True
30357	viSudDa	dDam	viSudDam	True
30359	viSoDanam	nI, viSoDinI	viSoDanI	True
30360	viSoDya	Dyam	viSoDyam	True
30366	viSoka	kaH	viSokaH	True
30366	viSoka	kA	viSokA	True
30379	viSrabDa	bDam	viSrabDam	True
30381	viSramBaRa	Ram	viSramBaRam	True
30387	viSruta	tam	viSrutam	True
30394	viSlezaRa	Ram	viSlezaRam	True
30396	viSva	Svam	viSvam	True
30396	viSva	SvaH	viSvaH	True
30396	viSva	SvA	viSvA	True
30403	viSvaMBara	raH	viSvaMBaraH	True
30403	viSvaMBara	rA	viSvaMBarA	True
30405	viSvaha	hA	viSvahA	True
30409	viSvasta	stA	viSvastA	True
30432	vizama	maH	vizamaH	True
30432	vizama	mam	vizamam	True
30432	vizama	mam	vizamam	True
30452	vizuRa	RaH	vizuRaH	True
30505	visaMkawa	waH	visaMkawaH	True
30506	visaMkula	lam	visaMkulam	True
30519	visUritam	tA	visUritA	True
30522	visAraH	ram	visAram	True
30522	visAraH	rI	visArI	True
30532	visarjanIya	yaH	visarjanIyaH	True
30569	vismApana	naH	vismApanaH	True
30569	vismApana	nam	vismApanam	True
30580	visraMsana	nam	visraMsanam	True
30583	visrabDa	visrabDam	visrabDam	True
30589	visvara	raH	visvaraH	True
30589	visvara	ram	visvaram	True
30593	vihaMgama	maH	vihaMgamaH	True
30597	vihata	taH	vihataH	True
30603	vihasta	staH	vihastaH	True
30606	vihApita	tam	vihApitam	True
30612	vihita	tam	vihitam	True
30623	vihfta	tam	vihftam	True
30637	vIkzam	kzaH	vIkzaH	True
30637	vIkzam	kzA	vIkzA	True
30638	vIkzaRam	Ram	vIkzaRam	True
30640	vIkzya	kzyaH	vIkzyaH	True
30640	vIkzya	kzyam	vIkzyam	True
30644	vIjanaH	nam	vIjanam	True
30652	vIta	taH	vItaH	True
30652	vIta	tam	vItam	True
30655	vItiH	tiH	vItiH	True
30659	vIDra	Dram	vIDram	True
30666	vIra	raH	vIraH	True
30666	vIra	ram	vIram	True
30668	vIrataraH	ram	vIrataram	True
30670	vIravat	tI	vIravatI	True
30694	vftiMkara	raH	vftiMkaraH	True
30706	vfjana	naH	vfjanaH	True
30706	vfjana	nam	vfjanam	True
30707	vfjina	naH	vfjinaH	True
30707	vfjina	nam	vfjinam	True
30710	vftta	ttaH	vfttaH	True
30710	vftta	ttam	vfttam	True
30714	vftraH	tram	vftram	True
30718	vfdDa	dDaH	vfdDaH	True
30718	vfdDa	dDam	vfdDam	True
30727	vfnda	ndam	vfndam	True
30729	vfndAra	raH	vfndAraH	True
30730	vfndAraka	kaH	vfndArakaH	True
30735	vfSaH	SA	vfSA	True
30735	vfSaH	Sam	vfSam	True
30738	vfScikaH	kA	vfScikA	True
30738	vfScikaH	kI	vfScikI	True
30741	vfzaH	zam	vfzam	True
30743	vfzaRa	RaH	vfzaRaH	True
30747	vfzaBaH	BA	vfzaBA	True
30760	vfzya	zyaH	vfzyaH	True
30760	vfzya	zyam	vfzyam	True
30762	vfzalaH	lam	vfzalam	True
30776	vegin	nI	veginI	True
30790	veRukam	kaH	veRukaH	True
30796	vetasaH	amlaH	vetasAmlaH	True
30818	vediH	diH	vediH	True
30818	vediH	dI	vedI	True
30821	veDakaH	kam	veDakam	True
30826	veDin	nI	veDinI	True
30840	verawaH	wam	verawam	True
30842	velam	laH	velaH	True
30852	vellita	tam	vellitam	True
30857	veSanam	nI	veSanI	True
30870	vezwaH	zwam	vezwam	True
30871	vezwakaH	kam	vezwakam	True
30874	vezwita	tam	vezwitam	True
30897	vEkArika	kaH	vEkArikaH	True
30904	vEkuRWaH	RWam	vEkuRWam	True
30906	vEkfta	tam	vEkftam	True
30906	vEkfta	taH	vEkftaH	True
30912	vEKAnasa	saH	vEKAnasaH	True
30933	vERava	vaH	vERavaH	True
30933	vERava	vI	vERavI	True
30933	vERava	vam	vERavam	True
30936	vERukaH	kam	vERukam	True
30938	vEtaMsikaH	kam	vEtaMsikam	True
30942	vEtanika	kaH	vEtanikaH	True
30946	vEtAna	nam	vEtAnam	True
30947	vEtAnika	kam	vEtAnikam	True
30949	vEtAlikaH	kam	vEtAlikam	True
30953	vEdaH	dI	vEdI	True
30955	vEdarBaH	rBam	vEdarBam	True
30955	vEdarBaH	rBI	vEdarBI	True
30956	vEdala	laH	vEdalaH	True
30956	vEdala	lam	vEdalam	True
30957	vEdika	kaH	vEdikaH	True
30957	vEdika	kam	vEdikam	True
30960	vEdUrya	ryam	vEdUryam	True
30961	vEdeSika	kaH	vEdeSikaH	True
30963	vEdehaH	hAH	vEdehAH	False
30963	vEdehaH	hI	vEdehI	True
30966	vEdya	dyaH	vEdyaH	True
30967	vEdyakaH	kam	vEdyakam	True
30968	vEdyuta	tam	vEdyutam	True
30981	vEDeya	yaH	vEDeyaH	True
30986	vEnayika	kaH	vEnayikaH	True
30989	vEnASikaH	kam	vEnASikam	True
31008	vEmAnika	kaH	vEmAnikaH	True
31008	vEmAnika	kI	vEmAnikI	True
31017	vEyAkaraRa	RaH	vEyAkaraRaH	True
31019	vEyAGra	GraH	vEyAGraH	True
31034	vErAja	jaH	vErAjaH	True
31034	vErAja	jam	vErAjam	True
31036	vErAwa	waH	vErAwaH	True
31054	vEvasvataH	tam	vEvasvatam	True
31056	vEvAhika	kaH	vEvAhikaH	True
31056	vEvAhika	kam	vEvAhikam	True
31056	vEvAhika	kaH	vEvAhikaH	True
31057	vEvAhya	hyam	vEvAhyam	True
31062	vESasa	sam	vESasam	True
31065	vESAKaH	Kam	vESAKam	True
31065	vESAKaH	KI	vESAKI	True
31066	vESArada	dam	vESAradam	True
31068	vESika	kaH	vESikaH	True
31068	vESika	kam	vESikam	True
31071	vESezika	kaH	vESezikaH	True
31071	vESezika	kam	vESezikam	True
31077	vESvadeva	vam	vESvadevam	True
31077	vESvadeva	vI	vESvadevI	True
31078	vESvarUpa	pam	vESvarUpam	True
31081	vESvAnara	raH	vESvAnaraH	True
31081	vESvAnara	rI	vESvAnarI	True
31087	vEzayika	kaH	vEzayikaH	True
31088	vEzuvat	tam	vEzuvatam	True
31091	vEzwraH	zwram	vEzwram	True
31092	vEzRava	vaH	vEzRavaH	True
31092	vEzRava	vI	vEzRavI	True
31092	vEzRava	vam	vEzRavam	True
31098	vEhAyasa	sam	vEhAyasam	True
31100	vEhArya	ryam	vEhAryam	True
31133	vyagra	graH	vyagraH	True
31134	vyaNga	NgaH	vyaNgaH	True
31139	vyaNgya	Ngyam	vyaNgyam	True
31145	vyakta	ktaH	vyaktaH	True
31145	vyakta	ktam	vyaktam	True
31145	vyakta	ktam	vyaktam	True
31149	vyaYjaka	kaH	vyaYjakaH	True
31155	vyatikara	raH	vyatikaraH	True
31166	vyatirikta	ktam	vyatiriktam	True
31181	vyatyayaH	yam	vyatyayam	True
31192	vyaDaH	DA	vyaDA	True
31244	vyaya	yaH	vyayaH	True
31249	vyalIka	kaH	vyalIkaH	True
31249	vyalIka	kam	vyalIkam	True
31269	vyavasita	tam	vyavasitam	True
31273	vyavasTAnam	naH	vyavasTAnaH	True
31288	vyavahArya	ryam	vyavahAryam	True
31292	vyavAyaH	yam	vyavAyam	True
31302	vyasta	stam	vyastam	True
31302	vyasta	stam	vyastam	True
31337	vyAGraH	GrI	vyAGrI	True
31346	vyAtta	ttam	vyAttam	True
31362	vyApaka	kaH	vyApakaH	True
31362	vyApaka	kam	vyApakam	True
31367	vyApya	pyam	vyApyam	True
31399	vyAla	laH	vyAlaH	True
31410	vyAvahArika	kaH	vyAvahArikaH	True
31410	vyAvahArika	kam	vyAvahArikam	True
31437	vyAhfta	tam	vyAhftam	True
31446	vyutkrAnta	tA	vyutkrAntA	True
31467	vyuzwa	zwam	vyuzwam	True
31484	vrajaH	jam	vrajam	True
31499	vraScanaH	nam	vraScanam	True
31502	vrAtaH	tam	vrAtam	True
31504	vrAtyaH	tyA	vrAtyA	True
31517	vrEheya	yam	vrEheyam	True
31522	SaH	Sam	Sam	True
31523	SaMyu	yuH	SaMyuH	True
31524	SaMva	vaH	SaMvaH	True
31535	SakaH	kAH	SakAH	True
31537	SakawaH	waH	SakawaH	True
31541	SakalaH	lam	Sakalam	True
31546	SakunaH	nam	Sakunam	True
31574	SakvaraH	rI	SakvarI	True
31582	SaMkara	raH	SaMkaraH	True
31582	SaMkara	rI	SaMkarI	True
31588	SaNKakaH	kaH	SaNKakaH	True
31588	SaNKakaH	kam	SaNKakam	True
31593	SaciH	cI	SacI	True
31601	SaWa	WaH	SaWaH	True
31601	SaWa	Wam	SaWam	True
31607	SaRqaH	Rqam	SaRqam	True
31611	Sataka	kam	Satakam	True
31629	SadriH	driH	SadriH	True
31650	SabaraH	rI	SabarI	True
31651	Sabala	laH	SabalaH	True
31651	Sabala	lA	SabalA	True
31651	Sabala	lI	SabalI	True
31651	Sabala	lam	Sabalam	True
31655	Sabdana	nam	Sabdanam	True
31657	Sabdita	tam	Sabditam	True
31662	Samana	nam	Samanam	True
31662	Samana	naH	SamanaH	True
31664	SamanIya	yam	SamanIyam	True
31667	Samita	tA	SamitA	True
31675	Samba	mbaH	SambaH	True
31676	Sambara	raH	SambaraH	True
31676	Sambara	ram	Sambaram	True
31682	SaMBu	BuH	SaMBuH	True
31684	Saya	yaH	SayaH	True
31687	SayaTa	TaH	SayaTaH	True
31691	SayAlu	luH	SayAluH	True
31692	Sayita	tam	Sayitam	True
31695	SaraH	ram	Saram	True
31700	SaraRya	RyaH	SaraRyaH	True
31700	SaraRya	Ryam	SaraRyam	True
31714	SarAru	ruH	SarAruH	True
31720	SarIrakam	kaH	SarIrakaH	True
31732	SarDaMjaha	haH	SarDaMjahaH	True
31740	Sarya	ryaH	SaryaH	True
31744	SarvaraH	ram	Sarvaram	True
31748	SarSarIka	kaH	SarSarIkaH	True
31750	SalaH	lam	Salam	True
31754	Salalam	lI	SalalI	True
31757	SalAwu	duH	SalAquH	False
31765	Salyam	lyaH	SalyaH	True
31765	Salyam	lyA	SalyA	True
31770	SallaH	llam	Sallam	True
31771	SallakaH	kam	Sallakam	True
31773	SalvaH	SalvAH	SalSalvAH	False
31775	SavaH	vam	Savam	True
31778	SavasAnaH	nam	SavasAnam	True
31788	SazpaH	zpam	Sazpam	True
31791	Sasta	stam	Sastam	True
31791	Sasta	staH	SastaH	True
31799	Sasya	syA	SasyA	False
31801	SAkaH	kaH	SAkaH	True
31802	SAkawa	waH	SAkawaH	True
31802	SAkawa	wam	SAkawam	True
31804	SAkawika	kaH	SAkawikaH	True
31809	SAkala	laH	SAkalaH	True
31809	SAkala	lam	SAkalam	True
31817	SAkunikaH	kam	SAkunikam	True
31820	SAkuntalaH	lam	SAkuntalam	True
31826	SAkta	ktaH	SAktaH	True
31831	SAkra	kram	SAkram	True
31850	SAwyAyanam	naH	SAwyAyanaH	True
31853	SARa	RaH	SARaH	True
31853	SARa	Ram	SARam	True
31859	SAta	taH	SAtaH	True
31859	SAta	tam	SAtam	True
31871	SAtrava	vaH	SAtravaH	True
31871	SAtrava	vam	SAtravam	True
31873	SAdaH	dA	SAdA	True
31874	SAdvala	laH	SAdvalaH	True
31874	SAdvala	lam	SAdvalam	True
31880	SAnta	ntaH	SAntaH	True
31880	SAnta	ntam	SAntam	True
31880	SAnta	ntam	SAntam	True
31886	SAntika	kam	SAntikam	True
31892	SAbara	raH	SAbaraH	True
31892	SAbara	rI	SAbarI	True
31895	SAbda	bdaH	SAbdaH	True
31895	SAbda	bdI	SAbdI	True
31896	SAbdika	kaH	SAbdikaH	True
31898	SAmanaH	nam	SAmanam	True
31898	SAmanaH	nI	SAmanI	True
31910	SAmBava	vaH	SAmBavaH	True
31910	SAmBava	vam	SAmBavam	True
31918	SAra	raH	SAraH	True
31924	SArada	daH	SAradaH	True
31924	SArada	dI	SAradI	True
31924	SArada	dam	SAradam	True
31924	SArada	dA	SAradA	True
31925	SAradikaH	kam	SAradikam	True
31928	SAradvataH	tI	SAradvatI	True
31929	SAriH	riH	SAriH	True
31933	SArIra	raH	SArIraH	True
31933	SArIra	ram	SArIram	True
31933	SArIra	ram	SArIram	True
31934	SArIraka	kam	SArIrakam	True
31940	SArkara	raH	SArkaraH	True
31944	SArNga	rNgaH	SArNgaH	True
31944	SArNga	rNgam	SArNgam	True
31944	SArNga	SArNgaH	SArNgaH	True
31944	SArNga	rNgam	SArNgam	True
31949	SArvara	ram	SArvaram	True
31949	SArvara	rI	SArvarI	True
31962	SAlAkyam	kyaH	SAlAkyaH	True
31969	SAlIna	naH	SAlInaH	True
31969	SAlIna	nam	SAlInam	True
31974	SAluH	lu	SAlu	True
31975	SAlukam	kaH	SAlukaH	True
31978	SAleyam	yaH	SAleyaH	True
31978	SAleyam	yam	SAleyam	True
31978	SAleyam	yaH	SAleyaH	True
31988	SAva	vaH	SAvaH	True
31988	SAva	vam	SAvam	True
31988	SAva	vaH	SAvaH	True
31988	SAva	vam	SAvam	True
31992	SASvata	taH	SASvataH	True
31992	SASvata	tam	SASvatam	True
31992	SASvata	tam	SASvatam	True
32001	SAsana	nam	SAsanam	True
32022	Sikzita	taH	SikzitaH	True
32025	SiKaRqaH	KaRqikA	SiKaRqikA	True
32032	SiKaraH	rA	SiKarA	True
32042	SiNGARaH	Ram	SiNGARam	True
32043	SiNGARakaH	kaH	SiNGARakaH	True
32051	SiYjita	tam	SiYjitam	True
32057	Siti	tiH	SitiH	True
32059	SiTila	lam	SiTilam	True
32065	SipraH	pram	Sipram	True
32074	SimbaH	mbA	SimbA	True
32077	Siram	raH	SiraH	True
32083	Sirasya	syaH	SirasyaH	True
32087	SirIzaH	zam	SirIzam	True
32092	SiliH	liH	SiliH	True
32096	SilInDraH	nDram	SilInDram	True
32101	Sileya	yam	Sileyam	True
32105	Silpika	kam	Silpikam	True
32107	Siva	vaH	SivaH	True
32107	Siva	vO	SivO	False
32107	Siva	vam	Sivam	True
32116	SiSira	raH	SiSiraH	True
32116	SiSira	ram	SiSiram	True
32125	Sizwa	zwaH	SizwaH	True
32125	Sizwa	zwam	Sizwam	True
32134	SIkaraH	ram	SIkaram	True
32136	SIGra	Gram	SIGram	True
32136	SIGra	Gram	SIGram	True
32136	SIGra	GrA	SIGrA	True
32139	SIGriya	yaH	SIGriyaH	True
32143	SIta	taH	SItaH	True
32143	SIta	tam	SItam	True
32144	SItaka	kaH	SItakaH	True
32145	SItala	laH	SItalaH	True
32145	SItala	lam	SItalam	True
32155	SIna	naH	SInaH	True
32155	SIna	nam	SInam	True
32162	SIrRa	rRam	SIrRam	True
32166	SIrzakaH	kam	SIrzakam	True
32168	SIrzaRyaH	Ryam	SIrzaRyam	True
32171	SIlaH	lam	SIlam	True
32173	SIlita	tam	SIlitam	True
32181	SukaH	kam	Sukam	True
32182	Sukta	ktam	Suktam	True
32186	Sukra	kraH	SukraH	True
32186	Sukra	kram	Sukram	True
32188	Sukla	klaH	SuklaH	True
32188	Sukla	klam	Suklam	True
32189	Suklaka	kaH	SuklakaH	True
32194	SuNgaH	Ngam	SuNgam	True
32199	Suci	ciH	SuciH	True
32222	SudDa	dDaH	SudDaH	True
32222	SudDa	dDam	SudDam	True
32234	Sunya	nyam	Sunyam	True
32238	SuBa	BaH	SuBaH	True
32238	SuBa	Bam	SuBam	True
32240	SuBaMkara	rI	SuBaMkarI	True
32244	SuBra	BraH	SuBraH	True
32244	SuBra	Bram	SuBram	True
32254	Sulvam	lvA	SulvA	True
32254	Sulvam	lvI	SulvI	True
32257	SuSrUzaka	kaH	SuSrUzakaH	True
32264	Suzira	raH	SuziraH	True
32264	Suzira	ram	Suziram	True
32267	Suzka	zkam	Suzkam	True
32268	SuzkalaH	lI	SuzkalI	True
32270	SuzmaH	zmam	Suzmam	True
32273	SUkaH	kA	SUkA	True
32286	SUnya	nyam	SUnyam	True
32290	SUra	raH	SUraH	True
32294	SUrpaH	rpaH	SUrpaH	True
32303	SUlika	kaH	SUlikaH	True
32303	SUlika	kam	SUlikam	True
32306	SUlya	lyam	SUlyam	True
32308	SUza	zaH	SUzaH	True
32308	SUza	zam	SUzam	True
32318	SfNgAwaH	wam	SfNgAwam	True
32319	SfNgAwakaH	kam	SfNgAwakam	True
32321	SfNgAraH	ram	SfNgAram	True
32322	SfNgArakaH	kam	SfNgArakam	True
32326	SfNgikam	kA	SfNgikA	True
32340	SeKaraH	ram	SeKaram	True
32350	SevaH	vam	Sevam	True
32354	Seza	zaH	SezaH	True
32354	Seza	zam	Sezam	True
32354	Seza	zaH	SezaH	True
32354	Seza	zA	SezA	True
32354	Seza	zam	Sezam	True
32356	SEkya	kyaH	SEkyaH	True
32356	SEkya	ayasam	SEkyAyasam	True
32372	SEla	laH	SElaH	True
32372	SEla	lam	SElam	True
32379	SElUzaH	zI	SElUzI	True
32380	SElUzikaH	kI	SElUzikI	True
32381	SEleya	yaH	SEleyaH	True
32381	SEleya	yam	SEleyam	True
32381	SEleya	yI	SEleyI	True
32382	SElya	lyam	SElyam	True
32383	SEva	vaH	SEvaH	True
32383	SEva	vam	SEvam	True
32384	SEvalaH	lam	SEvalam	True
32389	SESira	raH	SESiraH	True
32404	SoWa	WaH	SoWaH	True
32406	SoRa	RaH	SoRaH	True
32406	SoRa	Ram	SoRam	True
32407	SoRita	Ram	SoRam	True
32411	SoDaka	kaH	SoDakaH	True
32411	SoDaka	kam	SoDakam	True
32412	SoDana	nam	SoDanam	True
32412	SoDana	naH	SoDanaH	True
32416	SoDya	DyaH	SoDyaH	True
32418	SoBana	naH	SoBanaH	True
32418	SoBana	nA	SoBanA	True
32418	SoBana	nam	SoBanam	True
32427	SozaRa	RaH	SozaRaH	True
32427	SozaRa	Ram	SozaRam	True
32445	SOwIra	raH	SOwIraH	True
32445	SOwIra	ram	SOwIram	True
32450	SORqikaH	kI	SORqikI	True
32450	SORqikaH	nI	SORqinI	True
32453	SORqira	ram	SORqiram	True
32456	SOdra	draH	SOdraH	True
32460	SOBaH	Bam	SOBam	True
32471	SOva	vam	SOvam	True
32472	SOvana	nam	SOvanam	True
32476	SOzkalaH	lam	SOzkalam	True
32490	SyAna	nam	SyAnam	True
32491	SyAma	maH	SyAmaH	True
32491	SyAma	mam	SyAmam	True
32492	SyAmakaH	kam	SyAmakam	True
32493	SyAmala	laH	SyAmalaH	True
32493	SyAmala	lA	SyAmalA	True
32504	SyAva	vaH	SyAvaH	True
32504	SyAva	vA	SyAvA	True
32505	Syeta	taH	SyetaH	True
32523	SradDAlu	luH	SradDAluH	True
32529	SrapaRam	RaH	SrapaRaH	True
32530	Srapita	tam	Srapitam	True
32530	Srapita	tA	SrapitA	True
32533	SramaRa	RaH	SramaRaH	True
32533	SramaRa	RA	SramaRA	True
32533	SramaRa	RI	SramaRI	True
32533	SramaRa	Ram	SramaRam	True
32539	SravaRaH	RaH	SravaRaH	True
32539	SravaRaH	RA	SravaRA	True
32539	SravaRaH	Ram	SravaRam	True
32547	SrARa	Ram	SrARam	True
32549	SrAdDa	dDam	SrAdDam	True
32550	SrAdDika	kaH	SrAdDikaH	True
32550	SrAdDika	kam	SrAdDikam	True
32553	SrAnta	taH	SrAntaH	True
32559	SrAvaRa	RaH	SrAvaRaH	True
32559	SrAvaRa	Ram	SrAvaRam	True
32560	SrAvaRika	kaH	SrAvaRikaH	True
32562	SrAvita	tam	SrAvitam	True
32577	Sruta	tam	Srutam	True
32594	SrezWa	zWaH	SrezWaH	True
32594	SrezWa	zWam	SrezWam	True
32599	SroRa	RaH	SroRaH	True
32605	Srotriya	yaH	SrotriyaH	True
32606	SrOta	tam	SrOtam	True
32610	SlakzRaka	kam	SlakzRakam	True
32664	SvaSuraH	rO	SvaSurO	True
32669	SvasanaH	nam	Svasanam	True
32671	Svasita	tam	Svasitam	True
32675	Svastana	nam	Svastanam	True
32682	SvApada	daH	SvApadaH	True
32687	Svita	tam	Svitam	True
32693	Sveta	taH	SvetaH	True
32693	Sveta	tam	Svetam	True
32694	SvetakaH	kam	Svetakam	True
32702	za	zaH	zaH	True
32704	zaRqaH	RqaH	zaRqaH	True
32704	zaRqaH	Rqam	zaRqam	True
32709	zawka	kaH	zawkaH	True
32709	zawka	kam	zawkam	True
32712	zazwika	kaH	zazwikaH	True
32712	zazwika	kA	zazwikA	True
32742	sa	sA	sA	True
32742	sa	sam	sam	True
32750	saMyata	taH	saMyataH	True
32755	saMyamanam	naH	saMyamanaH	True
32755	saMyamanam	nI	saMyamanI	True
32756	saMyamita	tam	saMyamitam	True
32760	saMyAnaH	nam	saMyAnam	True
32764	saMyukta	tam	saMyuktam	True
32766	saMyuj	jA	saMyujA	False
32832	saMvalgita	tam	saMvalgitam	True
32855	saMvidita	tam	saMviditam	True
32877	saMvaraH	ram	saMvaram	True
32880	saMvfta	tam	saMvftam	True
32885	saMvartakaH	kam	saMvartakam	True
32889	saMvftta	ttaH	saMvfttaH	True
32915	saMSayita	tam	saMSayitam	True
32928	saMSrita	taH	saMSritaH	True
32935	saMSlizwa	zwaH	saMSlizwaH	True
32935	saMSlizwa	zwam	saMSlizwam	True
32966	saMsfzwa	zwam	saMsfzwam	True
32983	saMskfta	taH	saMskftaH	True
32983	saMskfta	tam	saMskftam	True
32992	saMstavAna	naH	saMstavAnaH	True
33002	saMsTa	sTaH	saMsTaH	True
33006	saMsTApanam	nA	saMsTApanA	True
33008	saMsTita	tam	saMsTitam	True
33050	sakawa	waH	sakawaH	True
33051	sakaRwaka	kaH	sakaRwakaH	True
33058	sakala	lam	sakalam	True
33059	sakalpa	lpaH	sakalpaH	True
33061	sakAma	mam	sakAmam	True
33063	sakAla	lam	sakAlam	True
33064	sakASa	SaH	sakASaH	True
33067	sakula	laH	sakulaH	True
33072	sakEtava	vaH	sakEtavaH	True
33073	sakopa	pam	sakopam	True
33087	saKyam	saKyaH	saKyaH	True
33089	sagaRa	RaH	sagaRaH	True
33091	saganDa	nDaH	saganDaH	True
33092	sagara	raH	sagaraH	True
33095	sagotra	traH	sagotraH	True
33095	sagotra	tam	sagotram	True
33099	saMkawa	wam	saMkawam	True
33108	saMkalita	tA	saMkalitA	True
33108	saMkalita	tam	saMkalitam	True
33115	saMkASa	SaH	saMkASaH	True
33119	saMkocaH	cam	saMkocam	True
33120	saMkocanam	nI	saMkocanI	True
33121	saMkula	lam	saMkulam	True
33125	saMkarzaRam	RaH	saMkarzaRaH	True
33131	saMkIrRa	rRaH	saMkIrRaH	True
33131	saMkIrRa	rRam	saMkIrRam	True
33131	saMkIrRa	rRA	saMkIrRA	True
33146	saMkrandanaH	nam	saMkrandanam	True
33148	saMkramaH	maH	saMkramaH	True
33148	saMkramaH	mam	saMkramam	True
33149	saMkramaRam	kA	saMkramaRikA	False
33150	saMkrAnta	tam	saMkrAntam	True
33174	saMKyAta	tam	saMKyAtam	True
33174	saMKyAta	tA	saMKyAtA	True
33182	saMgata	tam	saMgatam	True
33186	saMgamanam	naH	saMgamanaH	True
33187	saMgaraH	ram	saMgaram	True
33197	saMgIta	tam	saMgItam	True
33204	saMgrahaRam	RI	saMgrahaRI	True
33215	saMGawwaH	wwA	saMGawwA	True
33224	saMGuzwa	zwaH	saMGuzwaH	True
33226	saMGarzaH	rzA	saMGarzA	True
33230	sacakita	tam	sacakitam	True
33231	sacarAcara	ram	sacarAcaram	True
33243	sajana	naH	sajanaH	True
33247	sajAta	taH	sajAtaH	True
33254	sajjanam	naH	sajjanaH	True
33254	sajjanam	nA	sajjanA	True
33267	saMcaraRam	RI	saMcaraRI	False
33269	saMcAraka	kaH	saMcArakaH	True
33304	saMjanana	nam	saMjananam	True
33315	saMjIvanam	nI	saMjIvanI	True
33317	saMjYa	jYam	saMjYam	True
33353	satata	tam	satatam	True
33377	sattvavat	tI	sattvavatI	True
33378	satya	tyaH	satyaH	True
33378	satya	tyam	satyam	True
33378	satya	tyam	satyam	True
33379	satyaka	kam	satyakam	True
33381	satyavat	tI	satyavatI	True
33387	satra	tram	satram	True
33391	satvara	ram	satvaram	True
33392	saTUtkAra	raH	saTUtkAraH	True
33400	sadaya	yam	sadayam	True
33405	sadAtana	naH	sadAtanaH	True
33427	sanaH	nam	sanam	True
33435	sanAtana	taH	sanAtanaH	True
33435	sanAtana	nI	sanAtanI	True
33436	sanATa	TA	sanATA	True
33439	sanABi	BiH	sanABiH	True
33450	sanIqa	nIqaH	sanIqaH	True
33450	sanIqa	qam	sanIqam	True
33456	saMtata	tam	saMtatam	True
33463	saMtapta	ptam	saMtaptam	True
33465	saMtApana	naH	saMtApanaH	True
33465	saMtApana	nam	saMtApanam	True
33494	saMdazwa	zwam	saMdazwam	True
33498	saMdAnam	naH	saMdAnaH	True
33507	saMdizwa	zwaH	saMdizwaH	True
33507	saMdizwa	zwam	saMdizwam	True
33511	saMdigDa	gDam	saMdigDam	True
33515	saMdehya	hyaH	saMdehyaH	True
33518	saMdIpana	naH	saMdIpanaH	True
33518	saMdIpana	nam	saMdIpanam	True
33518	saMdIpana	nI	saMdIpanI	True
33547	saMDita	tam	saMDitam	True
33559	sanna	nnaH	sannaH	True
33559	sanna	nnam	sannam	True
33560	sannaka	kaH	sannakaH	True
33574	saMnikfzwa	zwam	saMnikfzwam	True
33608	saMnihita	tam	saMnihitam	True
33617	sapakza	kzaH	sapakzaH	True
33619	sapatna	tnaH	sapatnaH	True
33642	saptaka	kam	saptakam	True
33642	saptaka	kI	saptakI	True
33645	saptama	mI	saptamI	True
33669	sabanDu	nDuH	sabanDuH	True
33684	saBya	ByaH	saByaH	True
33688	sama	maH	samaH	True
33688	sama	mam	samam	True
33688	sama	mam	samam	True
33690	samakza	kzam	samakzam	True
33695	samajaH	jam	samajam	True
33697	samaYjasa	sam	samaYjasam	True
33700	samatikrAnta	ntam	samatikrAntam	True
33704	samaDika	kam	samaDikam	True
33714	samanta	ntaH	samantaH	True
33715	samanyu	nyuH	samanyuH	True
33719	samaBidruta	tam	samaBidrutam	True
33735	samarTa	rTaH	samarTaH	True
33735	samarTa	rTam	samarTam	True
33743	samaryAda	daH	samaryAdaH	True
33743	samaryAda	dam	samaryAdam	True
33745	samala	lam	samalam	True
33788	samAgata	tA	samAgatA	True
33788	samAgata	tam	samAgatam	True
33817	samAna	naH	samAnaH	True
33817	samAna	nam	samAnam	True
33830	samAptika	kaH	samAptikaH	True
33834	samApanna	nnam	samApannam	True
33873	samAlambin	nI	samAlambinI	False
33898	samASrita	taH	samASritaH	True
33924	samAhita	taH	samAhitaH	True
33924	samAhita	tam	samAhitam	True
33954	samIkzaH	kzam	samIkzam	True
33962	samIcIna	nam	samIcInam	True
33966	samIpa	pam	samIpam	True
33971	samIraRaH	Ram	samIraRam	True
33976	samIhita	tam	samIhitam	True
33994	samujJita	tam	samujJitam	True
34014	samutpiYja	jaH	samutpiYjaH	True
34014	samutpiYja	laH	samutpiYjalaH	True
34014	samutpiYja	lakaH	samutpiYjalakaH	True
34024	samudayaH	yam	samudayam	True
34037	samudga	dgaH	samudgaH	True
34054	samudra	draH	samudraH	True
34054	samudra	drA	samudrA	True
34115	saMpaH	pA	saMpA	True
34128	saMpanna	nnaH	saMpannaH	True
34128	saMpanna	nnam	saMpannam	True
34135	saMpAka	kaH	saMpAkaH	True
34141	saMpIqaH	qA	saMpIqA	False
34236	saMbadDa	dDam	saMbadDam	True
34237	saMbanDa	nDaH	saMbanDaH	True
34238	saMbanDaka	kaH	saMbanDakaH	True
34238	saMbanDaka	kam	saMbanDakam	True
34239	saMbanDin	SabdaH	saMbanDiSabdaH	True
34240	saMbaraH	ram	saMbaram	True
34241	saMbalaH	lam	saMbalam	True
34243	saMbADa	DaH	saMbADaH	True
34245	saMbADanam	nA	saMbADanA	False
34247	saMbudDa	dDaH	saMbudDaH	True
34256	saMBagna	gnaH	saMBagnaH	True
34263	saMBAzita	tam	saMBAzitam	True
34265	saMBinna	nnaH	saMBinnaH	True
34281	saMBAvita	tam	saMBAvitam	True
34282	saMBAvya	vyam	saMBAvyam	True
34297	saMmada	daH	saMmadaH	True
34300	saMmata	tam	saMmatam	True
34302	saMmAnaH	nam	saMmAnam	True
34310	saMmita	tam	saMmitam	True
34320	saMmuKa	Kam	saMmuKam	True
34320	saMmuKa	Ke	saMmuKe	False
34328	saMmugDa	gDam	saMmugDam	True
34329	saMmUQa	QA	saMmUQA	False
34332	saMmohanam	naH	saMmohanaH	True
34332	saMmohanam	nI	saMmohanI	False
34351	sayoni	niH	sayoniH	True
34353	sara	raH	saraH	True
34353	sara	ram	saram	True
34353	sara	rA	sarA	True
34353	sara	rI	sarI	True
34354	sarakaH	kam	sarakam	True
34362	saraRa	Ram	saraRam	True
34369	saraTa	TaH	saraTaH	True
34371	saraBasa	sam	saraBasam	True
34373	sarayuH	yuH	sarayuH	True
34373	sarayuH	yUH	sarayUH	True
34374	sarala	laH	saralaH	True
34378	sarasa	sam	sarasam	True
34386	sarAva	vaH	sarAvaH	True
34395	saru	ruH	saruH	True
34403	sarjakaH	kam	sarjakam	True
34404	sarjanam	nI	sarjanI	True
34419	sarmaH	sarman	sarman	False
34421	sarva	rvaH	sarvaH	True
34421	sarva	rvam	sarvam	True
34422	sarvaka	ke	sarvake	True
34423	sarvaMkaza	zaH	sarvaMkazaH	True
34441	salajja	jjaH	salajjaH	True
34444	salIla	lam	salIlam	True
34448	savaH	vam	savam	True
34453	savarRa	rRaH	savarRaH	True
34460	savitarka	rkam	savitarkam	True
34460	savitarka	rSam	savimarSam	True
34466	saviDa	Dam	saviDam	True
34466	saviDa	Dam	saviDam	True
34467	savinaya	yam	savinayam	True
34472	saviSezaka	kam	saviSezakam	True
34473	savistara	ram	savistaram	True
34474	savismaya	yam	savismayam	True
34482	savya	vyaH	savyaH	True
34482	savya	vyam	savyam	True
34486	savyAja	jam	savyAjam	True
34491	saSabda	bdam	saSabdam	True
34494	saSasya	syA	saSasyA	True
34501	sasattva	ttvA	sasattvA	True
34502	sasaMdeha	haH	sasaMdehaH	True
34507	sasaMBrama	mam	sasaMBramam	True
34510	saspfha	ham	saspfham	True
34513	sasyaka	kaH	sasyakaH	True
34514	sasveda	dA	sasvedA	True
34516	saha	haH	sahaH	True
34516	saha	haH	sahaH	True
34516	saha	ham	saham	True
34516	saha	ham	saham	True
34518	sahana	nam	sahanam	True
34525	saharza	zam	saharzam	True
34528	sahasAna	naH	sahasAnaH	True
34532	sahasrataya	yam	sahasratayam	True
34545	sahita	tam	sahitam	True
34545	sahita	tam	sahitam	True
34549	sahfdaya	yaH	sahfdayaH	True
34550	sahflleKa	Kam	sahflleKam	True
34555	sahora	raH	sahoraH	True
34556	sahya	hyaH	sahyaH	True
34556	sahya	hyam	sahyam	True
34558	sAMyAtrikaH	kam	sAMyAtrikam	True
34559	sAMyugIna	naH	sAMyugInaH	True
34561	sAMvatsara	raH	sAMvatsaraH	True
34561	sAMvatsara	rakaH	sAMvatsrakaH	False
34561	sAMvatsara	rikaH	sAMvatsarikaH	True
34562	sAMvartaka	kaH	sAMvartakaH	True
34563	sAMvAdika	kaH	sAMvAdikaH	True
34568	sAMSayika	kam	sAMSayikam	True
34587	sAkUta	tam	sAkUtam	True
34588	sAketam	tAH	sAketAH	True
34589	sAketakaH	kam	sAketakam	True
34590	sAktukam	kaH	sAktukaH	True
34604	sAgnika	kaH	sAgnikaH	True
34605	sAgra	gram	sAgram	True
34615	sAMKya	KyaH	sAMKyaH	True
34615	sAMKya	Kyam	sAMKyam	True
34615	sAMKya	KyaH	sAMKyaH	True
34617	sAMgatika	kaH	sAMgatikaH	True
34620	sAMgrAmika	kaH	sAMgrAmikaH	True
34620	sAMgrAmika	kam	sAMgrAmikam	True
34630	sAwopa	pam	sAwopam	True
34633	sAta	tam	sAtam	True
34642	sAtmya	tmyaH	sAtmyaH	True
34642	sAtmya	tmyam	sAtmyam	True
34643	sAttvika	kaH	sAttvikaH	True
34643	sAttvika	kam	sAttvikam	True
34643	sAttvika	kI	sAttvikI	True
34647	sAtvataH	tAH	sAtvatAH	True
34650	sAdanam	nI	sAdanI	True
34660	sADaka	kaH	sADakaH	True
34660	sADaka	kA	sADakA	True
34661	sADana	nam	sADanam	True
34669	sADya	DyaH	sADyaH	True
34669	sADya	Dyam	sADyam	True
34675	sADAraRa	Ram	sADAraRam	True
34682	sADu	DuH	sADuH	True
34692	sAnanda	ndam	sAnandam	True
34699	sAnumat	tI	sAnumatI	True
34713	sAntAnika	kaH	sAntAnikaH	True
34717	sAMdfzwika	kam	sAMdfzwikam	True
34718	sAndra	dram	sAndram	True
34724	sAMnahanika	kaH	sAMnahanikaH	True
34731	sApatna	tnAH	sApattnAH	False
34733	sApatnyam	tnyaH	sApatnyaH	True
34734	sApatya	tyaH	sApatyaH	True
34737	sApavAda	dam	sApavAdam	True
34743	sAptapada	dam	sAptapadam	True
34743	sAptapada	dInam	sAptapadInam	True
34755	sAmakam	kaH	sAmakaH	True
34759	sAman	sAmnA	sAmnA	False
34765	sAmanta	taH	sAmantaH	True
34765	sAmanta	tam	sAmantam	True
34767	sAmayika	kaH	sAmayikaH	True
34771	sAmavAyika	kaH	sAmavAyikaH	True
34773	sAmAjika	kaH	sAmAjikaH	True
34777	sAmAnya	nyam	sAmAnyam	True
34777	sAmAnya	nyam	sAmAnyam	True
34777	sAmAnya	nyA	sAmAnyA	True
34780	sAmAsika	kam	sAmAsikam	True
34788	sAmIpyam	pyaH	sAmIpyaH	True
34789	sAmudgaH	dgam	sAmudgam	True
34791	sAmudra	draH	sAmudraH	True
34791	sAmudra	dram	sAmudram	True
34792	sAmudrakam	kaH	sAmudrakaH	True
34793	sAmudrika	kaH	sAmudrikaH	True
34793	sAmudrika	kam	sAmudrikam	True
34797	sAmUhika	kaH	sAmUhikaH	True
34799	sAMparAya	yaH	sAMparAyaH	True
34799	sAMparAya	yam	sAMparAyam	True
34800	sAMparAyika	kam	sAMparAyikam	True
34800	sAMparAyika	kaH	sAMparAyikaH	True
34801	sAMprata	tam	sAMpratam	True
34806	sAMbanDika	kam	sAMbanDikam	True
34825	sAra	raH	sAraH	True
34825	sAra	ram	sAram	True
34825	sAra	rA	sArA	True
34825	sAra	ram	sAram	True
34831	sAraNga	NgaH	sAraNgaH	True
34834	sAraRa	RaH	sAraRaH	True
34834	sAraRa	Ram	sAraRam	True
34837	sAraRika	kaH	sAraRikaH	True
34841	sArameyaH	yI	sArameyI	True
34844	sArasa	saH	sArasaH	True
34844	sArasa	sam	sArasam	True
34844	sArasa	sI	sArasI	True
34845	sArasa	sArasyam	sArasyam	True
34849	sArasvata	taH	sArasvataH	True
34849	sArasvata	tAH	sArasvatAH	True
34849	sArasvata	tam	sArasvatam	True
34864	sArTa	rTaH	sArTaH	True
34867	sArTika	kaH	sArTikaH	True
34874	sArva	rvaH	sArvaH	True
34882	sArvaDAtuka	kam	sArvaDAtukam	True
34884	sArvaBOma	maH	sArvaBOmaH	True
34892	sArvavedasaH	sam	sArvavedasam	True
34893	sArvavEdyaH	dyam	sArvavEdyam	False
34895	sArzapa	pam	sArzapam	True
34913	sAvaka	kaH	sAvakaH	True
34914	sAvakASa	Sam	sAvakASam	True
34918	sAvaDAna	nam	sAvaDAnam	True
34921	sAvana	naH	sAvanaH	True
34921	sAvana	nam	sAvanam	True
34926	sAvarRa	rRaH	sAvarRaH	True
34930	sAvalepa	pam	sAvalepam	True
34932	sAvazwamBa	mBam	sAvazwamBam	True
34933	sAvahela	lam	sAvahelam	True
34935	sAvitra	traH	sAvitraH	True
34935	sAvitra	tram	sAvitram	True
34940	sASaMsa	sam	sASaMsam	True
34945	sAScarya	ryam	sAScaryam	True
34956	sAsUya	yam	sAsUyam	True
34962	sAhasika	kaH	sAhasikaH	True
34962	sAhasika	kam	sAhasikam	True
34965	sAhasra	sraH	sAhasraH	True
34965	sAhasra	sram	sAhasram	True
34978	siMhalam	lAH	siMhalAH	True
34978	siMhalam	dvIpaH	siMhaladvIpaH	True
34978	siMhalam	sTA	siMhalasTA	True
34985	sikatAmaya	yam	sikatAmayam	True
34987	sikTaH	kTam	sikTam	True
35004	sita	taH	sitaH	True
35004	sita	tam	sitam	True
35006	siti	tiH	sitiH	True
35009	sidDa	dDaH	sidDaH	True
35009	sidDa	dDam	sidDam	True
35013	sidDArTakaH	kam	sidDArTakam	True
35016	siDmala	lA	siDmalA	True
35019	siDra	DraH	siDraH	True
35021	sina	naH	sinaH	True
35021	sina	nam	sinam	True
35025	sindUraH	ram	sindUram	True
35060	sItya	tyam	sItyam	True
35069	sImantakaH	kam	sImantakam	True
35074	sImikaH	kA	sImikA	True
35091	suKa	KA	suKA	True
35091	suKa	Kam	suKam	True
35091	suKa	Kam	suKam	True
35097	suKita	tam	suKitam	True
35105	suta	taH	sutaH	True
35105	suta	taH	sutaH	True
35105	suta	tam	sutam	True
35127	sundara	raH	sundaraH	True
35127	sundara	rI	sundarI	True
35129	supta	ptam	suptam	True
35131	sumaH	mam	sumam	True
35137	suraBi	BiH	suraBiH	True
35147	suvanaH	nam	suvanam	True
35148	suvarRa	rRaH	suvarRaH	True
35148	suvarRa	rRA	suvarRA	True
35148	suvarRa	rRam	suvarRam	True
35151	suvidatra	tram	suvidatram	True
35152	suzama	mA	suzamA	True
35156	suzima	maH	suzimaH	True
35157	suzira	ram	suziram	True
35160	suzumRaH	mRA	suzumRA	True
35160	suzumRaH	mnA	suzumnA	True
35171	sUkaraH	rI	sUkarI	True
35172	sUkzma	kzmaH	sUkzmaH	True
35172	sUkzma	kzmA	sUkzmA	True
35172	sUkzma	kzmam	sUkzmam	True
35176	sUcaka	kaH	sUcakaH	True
35191	sUta	taH	sUtaH	True
35191	sUta	taH	sUtaH	True
35191	sUta	tam	sUtam	True
35192	sUtakam	kaH	sUtakaH	True
35192	sUtakam	kam	sUtakam	True
35209	sUdana	nam	sUdanam	True
35210	sUna	nam	sUnam	True
35212	sUnA	nAH	sUnAH	True
35217	sUnfta	tA	sUnftA	True
35217	sUnfta	tam	sUnftam	True
35227	sUrata	tA	sUratA	True
35240	sUrata	tA	sUratA	True
35248	sfkaH	kA	sfkA	False
35269	sfRiH	RiH	sfRiH	True
35271	sfRikA	kaH	sfRikaH	True
35275	sftvara	rI	sftvarI	True
35283	sfpraH	pram	sfpram	True
35285	sfmara	raH	sfmaraH	True
35293	secaka	kaH	secakaH	True
35304	seDaH	DA	seDA	True
35305	sena	nam	senam	True
35318	sevaka	kaH	sevakaH	True
35325	sevita	tam	sevitam	True
35325	sevita	tA	sevitA	True
35328	sevya	vyaH	sevyaH	True
35328	sevya	vyA	sevyA	True
35328	sevya	vyam	sevyam	True
35334	sEMhala	lI	sEMhalI	True
35338	sEkata	tam	sEkatam	True
35339	sEkatika	kaH	sEkatikaH	True
35339	sEkatika	kam	sEkatikam	True
35346	sEnika	kaH	sEnikaH	True
35348	sEnDava	vaH	sEnDavaH	True
35348	sEnDava	vaH	sEnDavaH	True
35348	sEnDava	vam	sEnDavam	True
35348	sEnDava	vAH	sEnDavAH	False
35349	sEnDavaka	kaH	sEnDavakaH	True
35351	sEnyaH	nyam	sEnyam	True
35356	sErika	kaH	sErikaH	True
35365	sotka	RWam	sotkaRWam	True
35368	sotprAsa	saH	sotprAsaH	True
35368	sotprAsa	saH	sotprAsaH	True
35368	sotprAsa	sam	sotprAsam	True
35368	sotprAsa	sam	sotprAsam	True
35372	sotsAha	ham	sotsAham	True
35377	sodara	raH	sodaraH	True
35377	sodara	rIyaH	sodarIyaH	True
35377	sodara	rA	sodarA	True
35380	sodvega	gam	sodvegam	True
35395	soparoDa	Dam	soparoDam	True
35398	sopahAsa	sam	sopahAsam	True
35404	somaH	mA	somA	True
35404	somaH	mam	somam	True
35414	solluRWaH	RWam	solluRWam	True
35414	solluRWaH	nam	solluRWanam	True
35432	sOgatikaH	kam	sOgatikam	True
35433	sOganDa	nDam	sOganDam	True
35433	sOganDa	nDaH	sOganDaH	True
35434	sOganDika	kaH	sOganDikaH	True
35434	sOganDika	kam	sOganDikam	True
35444	sOtra	traH	sOtraH	True
35450	sOdAyika	kam	sOdAyikam	True
35451	sODa	Dam	sODam	True
35454	sOna	nam	sOnam	True
35454	sOna	naH	sOnaH	True
35464	sOptika	kam	sOptikam	True
35475	sOBAgyavat	tI	sOBAgyavatI	True
35483	sOmanasa	sam	sOmanasam	True
35495	sOmerava	ravam	sOmeravam	True
35495	sOmerava	rukam	sOmerukam	True
35496	sOmya	myaH	sOmyaH	True
35496	sOmya	myam	sOmyam	True
35496	sOmya	myA	sOmyA	True
35496	sOmya	myI	sOmyI	True
35498	sOra	raH	sOraH	True
35498	sOra	ram	sOram	True
35499	sOrata	tam	sOratam	True
35499	sOrata	taH	sOrataH	True
35501	sOraBa	Bam	sOraBam	True
35502	sOraBeya	yaH	sOraBeyaH	True
35506	sOrasaH	sA	sOrasA	True
35507	sOrasenAH	nI	sOrasenI	True
35509	sOrasEnDava	vaH	sOrasEnDavaH	True
35513	sOrAzwra	zwraH	sOrAzwraH	True
35513	sOrAzwra	zwram	sOrAzwram	True
35513	sOrAzwra	zwrI	sOrAzwrI	True
35517	sOrika	kaH	sOrikaH	True
35525	sOva	vam	sOvam	True
35528	sOvarcala	lam	sOvarcalam	True
35529	sOvarRa	rRaH	sOvarRaH	True
35529	sOvarRa	rRam	sOvarRam	True
35530	sOvarRika	kaH	sOvarRikaH	True
35531	sOvastika	kaH	sOvastikaH	True
35531	sOvastika	kam	sOvastikam	True
35535	sOvIram	raH	sOvIraH	True
35536	sOvIrakaH	kam	sOvIrakam	True
35544	sOziraH	ram	sOziram	True
35550	sOhArdaH	rdam	sOhArdam	True
35563	skanDaH	nDA	skanDA	True
35571	skAnda	ndam	skAndam	True
35580	sKalita	tam	sKalitam	True
35588	stanaMDaya	yaH	stanaMDayaH	True
35590	stanita	tam	stanitam	True
35608	stamBanam	naH	stamBanaH	True
35614	stara	raH	staraH	True
35620	stavaka	kaH	stavakaH	True
35636	stimita	tam	stimitam	True
35640	stuta	taH	stutaH	True
35662	stenaH	nam	stenam	True
35666	stEnyam	nyaH	stEnyaH	True
35671	stoka	kaH	stokaH	True
35671	stoka	kam	stokam	True
35680	stomaH	mam	stomam	True
35687	styAna	nam	styAnam	True
35692	strERa	Ram	strERam	True
35696	sTaga	gaH	sTagaH	True
35705	sTapati	tiH	sTapatiH	True
35713	sTaleSaya	yaH	sTaleSayaH	True
35715	sTavira	raH	sTaviraH	True
35715	sTavira	rA	sTavirA	True
35719	sTa	sTaH	sTaH	True
35721	sTARu	RuH	sTARuH	True
35726	sTAnika	kaH	sTAnikaH	True
35729	sTAnIya	yam	sTAnIyam	True
35731	sTApaka	kaH	sTApakaH	True
35737	sTApya	pyam	sTApyam	True
35737	sTApya	pyaH	sTApyaH	True
35740	sTAyaH	yA	sTAyA	True
35744	sTAyuka	kaH	sTAyukaH	True
35745	sTAvara	raH	sTAvaraH	True
35745	sTAvara	ram	sTAvaram	True
35749	sTAsnu	snuH	sTAsnuH	True
35750	sTita	tam	sTitam	True
35754	sTApatyaH	tyam	sTApatyam	True
35760	sTAvira	ram	sTAviram	True
35762	sTira	raH	sTiraH	True
35762	sTira	rA	sTirA	True
35762	sTira	ram	sTiram	True
35763	sTiratara	raH	sTirataraH	True
35775	sTUla	laH	sTUlaH	True
35775	sTUla	lA	sTUlA	True
35775	sTUla	lam	sTUlam	True
35776	sTUlaka	kaH	sTUlakaH	True
35782	sTeya	yaH	sTeyaH	True
35796	snapana	nam	snapanam	True
35799	snAta	taH	snAtaH	True
35799	snAta	tA	snAtA	False
35803	snAnIya	yam	snAnIyam	True
35814	snigDa	gDaH	snigDaH	True
35814	snigDa	gDam	snigDam	True
35828	snehana	nam	snehanam	True
35830	snehita	taH	snehitaH	True
35838	spandita	tam	spanditam	True
35848	sparSaH	rSA	sparSA	True
35849	sparSana	naH	sparSanaH	True
35849	sparSana	nam	sparSanam	True
35858	spazwa	zwam	spazwam	True
35870	spfzwa	zwam	spfzwam	True
35880	spfhya	spfhyaH	spfhyaH	True
35885	sPawaH	wI	sPawI	True
35887	sPawikaH	kA	sPawikA	True
35896	sPAwakaH	kam	sPAwakam	True
35896	sPAwakaH	kI	sPAwakI	True
35897	sPAwika	kam	sPAwikam	True
35905	sPAra	raH	sPAraH	True
35905	sPAra	ram	sPAram	True
35916	sPuwa	wA	sPuwA	True
35916	sPuwa	waH	sPuwaH	True
35916	sPuwa	wam	sPuwam	True
35932	sPurita	tam	sPuritam	True
35952	sPowana	naH	sPowanaH	True
35952	sPowana	nam	sPowanam	True
35963	smaraRam	RI	smaraRI	True
35966	smAra	ram	smAram	True
35967	smAraka	kam	smArakam	True
35969	smArta	rtaH	smArtaH	True
35969	smArta	tam	smArtam	True
35976	smita	tam	smitam	True
35981	smfta	tam	smftam	True
35984	smera	raH	smeraH	True
35988	syandana	naH	syandanaH	True
35988	syandana	nam	syandanam	True
35988	syandana	nI	syandanI	True
35999	syUta	taH	syUtaH	True
36001	syUnaH	nA	syUnA	True
36003	syUmaH	mam	syUmam	True
36004	syona	naH	syonaH	True
36004	syona	nam	syonam	True
36032	srAvaka	kam	srAvakam	True
36044	srOGna	GnaH	srOGnaH	True
36044	srOGna	Gnam	srOGnam	True
36054	sva	svaH	svaH	True
36054	sva	svA	svA	True
36054	sva	svaH	svaH	True
36054	sva	svam	svam	True
36055	svaka	kaH	svakaH	True
36055	svaka	kam	svakam	True
36056	svakIya	yA	svakIyA	True
36061	svacCa	cCaH	svacCaH	True
36061	svacCa	cCA	svacCA	True
36061	svacCa	cCam	svacCam	True
36070	svadita	tam	svaditam	True
36078	svanita	tam	svanitam	True
36091	svaraH	rA	svarA	True
36093	svarita	taH	svaritaH	True
36116	svastikaH	kaH	svastikaH	True
36116	svastikaH	kam	svastikam	True
36134	svAdu	duH	svAduH	True
36143	svABAvika	kAH	svABAvikAH	False
36153	svAyaMBuva	vaH	svAyaMBuvaH	True
36161	svAlpa	lpam	svAlpam	True
36187	svEra	ram	svEram	True
36187	svEra	ram	svEram	True
36195	ha	haH	haH	True
36195	ha	ham	ham	True
36196	haMsaH	sAH	haMsAH	True
36201	hakkaH	kkA	hakkA	True
36214	haWika	kA	haWikA	True
36226	hata	tam	hatam	True
36226	hata	tA	hatA	True
36227	hataka	kaH	hatakaH	True
36235	hananam	naH	hananaH	True
36240	hanu	nu	hanu	True
36253	hayanaH	nam	hayanam	True
36255	hara	raH	haraH	True
36258	hari	riH	hariH	True
36260	hariRa	RaH	hariRaH	True
36264	harita	taH	haritaH	True
36276	hareRuH	RuH	hareRuH	True
36288	harzaRa	RaH	harzaRaH	True
36288	harzaRa	Ram	harzaRam	True
36290	harzita	tam	harzitam	True
36291	harzulaH	lA	harzulA	True
36306	halya	lyam	halyam	True
36316	havanam	naH	havanaH	True
36318	havanIya	yam	havanIyam	True
36324	havya	vyam	havyam	True
36324	havya	vyA	havyA	True
36333	hasita	tam	hasitam	True
36334	hastaH	stam	hastam	True
36357	hAwaka	kam	hAwakam	True
36358	hAtram	traH	hAtraH	True
36359	hAntraH	ntram	hAntram	True
36364	hAyanaH	naH	hAyanaH	True
36367	hAri	riH	hAriH	True
36368	hArita	taH	hAritaH	True
36370	hArahUraH	rA	hArahUrA	True
36371	hAriRa	Ram	hAriRam	True
36374	hAridraH	dram	hAridram	True
36380	hArya	ryaH	hAryaH	True
36380	hArya	ryA	hAryA	True
36381	hAlaH	lA	hAlA	True
36381	hAlaH	lI	hAlI	True
36385	hAlAhalaH	lA	hAlAhalA	True
36385	hAlAhalaH	lI	hAlAhalI	True
36385	hAlAhalaH	lam	hAlAhalam	True
36399	hAsya	syam	hAsyam	True
36399	hAsya	syaH	hAsyaH	True
36401	hAstikaH	kam	hAstikam	True
36410	hiMsaka	kaH	hiMsakaH	True
36416	hiMsita	tam	hiMsitam	True
36420	hiMsra	sraH	hiMsraH	True
36420	hiMsra	sram	hiMsram	True
36436	hiqimbaH	mbA	hiqimbA	True
36440	hiRqiraH	ram	hiRqiram	True
36443	hita	taH	hitaH	True
36443	hita	tA	hitA	True
36443	hita	tam	hitam	True
36450	hima	maH	himaH	True
36450	hima	mam	himam	True
36464	hiraRmaya	yaH	hiraRmayaH	True
36464	hiraRmaya	yam	hiraRmayam	True
36465	hiraRyam	RyA	hiraRyA	True
36478	hIna	naH	hInaH	True
36478	hIna	nA	hInA	True
36478	hIna	nam	hInam	True
36482	hIraH	raH	hIraH	True
36482	hIraH	ram	hIram	True
36490	huta	taH	hutaH	True
36490	huta	tam	hutam	True
36516	hURaH	RAH	hURAH	False
36524	hfta	tam	hftam	True
36532	hfdayaMgama	mam	hfdayaMgamam	True
36537	hfdya	dyA	hfdyA	True
36537	hfdya	dyam	hfdyam	True
36543	hfzu	zuH	hfzuH	True
36555	hetuka	kaH	hetukaH	True
36559	hemam	maH	hemaH	True
36559	hemam	mA	hemA	True
36589	hEtuka	kaH	hEtukaH	True
36590	hEma	mA	hEmA	True
36590	hEma	mI	hEmI	True
36590	hEma	mam	hEmam	True
36590	hEma	maH	hEmaH	True
36591	hEmana	naH	hEmanaH	True
36592	hEmantika	kam	hEmantikam	True
36594	hEmavata	taH	hEmavataH	True
36594	hEmavata	tam	hEmavatam	True
36601	hEhaya	yaH	hEhayaH	True
36614	hotrIya	yaH	hotrIyaH	True
36614	hotrIya	yam	hotrIyam	True
36620	homIya	myam	homyam	True
36652	hrasva	svaH	hrasvaH	True
36652	hrasva	svam	hrasvam	True
36667	hrIkA	kaH	hrIkaH	True
36668	hrIku	kuH	hrIkuH	True
