BaseL	AssignedL
5.XYZ	5.002
13.XYZ	13.002
15.XYZ	15.002
22.XYZ	22.002
29.XYZ	29.002
29.XYZ	29.004
29.XYZ	29.006
Lbody:29.XYZ	Lbody:29.004
34.XYZ	34.002
39.XYZ	39.002
41.XYZ	41.002
42.XYZ	42.002
43.XYZ	43.002
44.XYZ	44.002
46.XYZ	46.002
55.XYZ	55.002
56.XYZ	56.002
59.XYZ	59.002
63.XYZ	63.002
64.XYZ	64.002
73.XYZ	73.002
74.XYZ	74.002
75.XYZ	75.002
75.XYZ	75.004
75.XYZ	75.006
Lbody:75.XYZ	Lbody:75.004
75.XYZ	75.008
Lbody:75.XYZ	Lbody:75.004
78.XYZ	78.002
79.XYZ	79.002
82.XYZ	82.002
94.XYZ	94.002
94.XYZ	94.004
Lbody:94.XYZ	Lbody:94.002
94.XYZ	94.006
96.XYZ	96.002
99.XYZ	99.002
101.XYZ	101.002
102.XYZ	102.002
103.XYZ	103.002
103.XYZ	103.004
105.XYZ	105.002
113.XYZ	113.002
123.XYZ	123.002
125.XYZ	125.002
126.XYZ	126.002
127.XYZ	127.002
128.XYZ	128.002
129.XYZ	129.002
130.XYZ	130.002
135.XYZ	135.002
136.XYZ	136.002
138.XYZ	138.002
145.XYZ	145.002
145.XYZ	145.004
148.XYZ	148.002
149.XYZ	149.002
149.XYZ	149.004
153.XYZ	153.002
153.XYZ	153.004
153.XYZ	153.006
160.XYZ	160.002
164.XYZ	164.002
166.XYZ	166.002
168.XYZ	168.002
170.XYZ	170.004
170.XYZ	170.006
173.XYZ	173.002
176.XYZ	176.002
180.XYZ	180.002
181.XYZ	181.002
184.XYZ	184.002
190.XYZ	190.002
191.XYZ	191.002
191.XYZ	191.004
195.XYZ	195.002
195.XYZ	195.004
Lbody:195.XYZ	Lbody:195.002
206.XYZ	206.002
207.XYZ	207.002
212.XYZ	212.002
212.XYZ	212.004
226.XYZ	226.002
226.XYZ	226.004
Lbody:226.XYZ	Lbody:226.002
226.XYZ	226.006
229.XYZ	229.002
230.XYZ	230.002
230.XYZ	230.004
231.XYZ	231.002
236.XYZ	236.002
255.XYZ	255.002
255.XYZ	255.004
257.XYZ	257.002
257.XYZ	257.004
258.XYZ	258.002
258.XYZ	258.004
261.XYZ	261.002
261.XYZ	261.004
261.XYZ	261.006
265.XYZ	265.002
268.XYZ	268.002
268.XYZ	268.004
268.XYZ	268.006
269.XYZ	269.002
275.XYZ	275.002
275.XYZ	275.004
276.XYZ	276.002
278.XYZ	278.002
278.XYZ	278.004
279.XYZ	279.002
284.XYZ	284.002
285.XYZ	285.002
286.XYZ	286.002
286.XYZ	286.004
Lbody:286.XYZ	Lbody:286.002
294.XYZ	294.002
305.XYZ	305.002
313.XYZ	313.002
313.XYZ	313.004
319.XYZ	319.004
319.XYZ	319.006
320.XYZ	320.004
325.XYZ	325.002
325.XYZ	325.004
Lbody:325.XYZ	Lbody:325.002
325.XYZ	325.006
353.XYZ	353.002
356.XYZ	356.002
360.XYZ	360.002
360.XYZ	360.004
360.XYZ	360.006
361.XYZ	361.004
361.XYZ	361.006
Lbody:361.XYZ	Lbody:361.004
366.XYZ	366.004
369.XYZ	369.002
379.XYZ	379.002
382.XYZ	382.002
385.XYZ	385.002
392.XYZ	392.002
394.XYZ	394.002
396.XYZ	396.002
402.XYZ	402.002
407.XYZ	407.002
409.XYZ	409.002
414.XYZ	414.002
415.XYZ	415.002
416.XYZ	416.002
417.XYZ	417.002
417.XYZ	417.004
419.XYZ	419.002
421.XYZ	421.002
425.XYZ	425.002
430.XYZ	430.002
433.XYZ	433.002
437.XYZ	437.002
440.XYZ	440.002
441.XYZ	441.002
443.XYZ	443.002
443.XYZ	443.004
443.XYZ	443.006
443.XYZ	443.008
445.XYZ	445.002
451.XYZ	451.002
451.XYZ	451.004
Lbody:451.XYZ	Lbody:451.002
452.XYZ	452.002
453.XYZ	453.002
457.XYZ	457.002
467.XYZ	467.002
467.XYZ	467.004
472.XYZ	472.002
472.XYZ	472.004
479.XYZ	479.002
481.XYZ	481.002
488.XYZ	488.002
488.XYZ	488.004
493.XYZ	493.002
493.XYZ	493.004
493.XYZ	493.006
Lbody:493.XYZ	Lbody:493.004
498.XYZ	498.002
511.XYZ	511.002
511.XYZ	511.004
Lbody:511.XYZ	Lbody:511.002
511.XYZ	511.006
514.XYZ	514.002
528.XYZ	528.004
531.XYZ	531.002
531.XYZ	531.004
533.XYZ	533.002
542.XYZ	542.002
547.XYZ	547.002
549.XYZ	549.002
553.XYZ	553.002
556.XYZ	556.002
559.XYZ	559.002
560.XYZ	560.002
562.XYZ	562.002
562.XYZ	562.004
570.XYZ	570.002
576.XYZ	576.002
577.XYZ	577.002
577.XYZ	577.004
Lbody:577.XYZ	Lbody:577.002
584.XYZ	584.002
589.XYZ	589.002
590.XYZ	590.002
591.XYZ	591.002
596.XYZ	596.002
601.XYZ	601.002
602.XYZ	602.002
606.XYZ	606.002
606.XYZ	606.004
Lbody:606.XYZ	Lbody:606.002
607.XYZ	607.002
609.XYZ	609.002
612.XYZ	612.002
619.XYZ	619.004
622.XYZ	622.002
629.XYZ	629.004
629.XYZ	629.006
629.XYZ	629.008
630.XYZ	630.002
637.XYZ	637.002
653.XYZ	653.002
653.XYZ	653.004
660.XYZ	660.002
669.XYZ	669.002
681.XYZ	681.002
681.XYZ	681.004
681.XYZ	681.006
682.XYZ	682.002
685.XYZ	685.002
695.XYZ	695.002
702.XYZ	702.002
702.XYZ	702.004
Lbody:702.XYZ	Lbody:702.002
704.XYZ	704.002
704.XYZ	704.004
Lbody:704.XYZ	Lbody:704.002
707.XYZ	707.002
707.XYZ	707.004
Lbody:707.XYZ	Lbody:707.002
709.XYZ	709.002
716.XYZ	716.002
722.XYZ	722.002
726.XYZ	726.002
727.XYZ	727.002
728.XYZ	728.002
729.XYZ	729.002
729.XYZ	729.004
734.XYZ	734.004
734.XYZ	734.006
741.XYZ	741.002
745.XYZ	745.002
751.XYZ	751.002
751.XYZ	751.004
755.XYZ	755.002
756.XYZ	756.002
763.XYZ	763.002
763.XYZ	763.004
768.XYZ	768.002
778.XYZ	778.002
778.XYZ	778.004
783.XYZ	783.002
786.XYZ	786.002
786.XYZ	786.004
789.XYZ	789.002
795.XYZ	795.002
800.XYZ	800.002
807.XYZ	807.002
807.XYZ	807.004
809.XYZ	809.002
813.XYZ	813.002
818.XYZ	818.002
818.XYZ	818.004
822.XYZ	822.002
826.XYZ	826.002
830.XYZ	830.002
840.XYZ	840.002
845.XYZ	845.002
847.XYZ	847.002
849.XYZ	849.002
849.XYZ	849.004
851.XYZ	851.002
858.XYZ	858.002
862.XYZ	862.002
864.XYZ	864.002
864.XYZ	864.004
Lbody:864.XYZ	Lbody:864.002
872.XYZ	872.002
876.XYZ	876.002
879.XYZ	879.002
879.XYZ	879.004
884.XYZ	884.002
884.XYZ	884.004
896.XYZ	896.002
896.XYZ	896.004
Lbody:896.XYZ	Lbody:896.002
899.XYZ	899.002
899.XYZ	899.004
900.XYZ	900.002
900.XYZ	900.004
Lbody:900.XYZ	Lbody:900.002
907.XYZ	907.002
914.XYZ	914.002
914.XYZ	914.004
917.XYZ	917.002
921.XYZ	921.002
922.XYZ	922.002
925.XYZ	925.002
925.XYZ	925.004
933.XYZ	933.002
942.XYZ	942.002
942.XYZ	942.004
942.XYZ	942.006
951.XYZ	951.002
956.XYZ	956.002
956.XYZ	956.004
958.XYZ	958.002
959.XYZ	959.002
969.XYZ	969.002
973.XYZ	973.002
973.XYZ	973.004
974.XYZ	974.002
977.XYZ	977.002
979.XYZ	979.002
979.XYZ	979.004
983.XYZ	983.002
984.XYZ	984.002
990.XYZ	990.002
993.XYZ	993.002
993.XYZ	993.004
999.XYZ	999.002
1001.XYZ	1001.002
1003.XYZ	1003.002
1009.XYZ	1009.002
1009.XYZ	1009.004
1010.XYZ	1010.002
1010.XYZ	1010.004
1010.XYZ	1010.006
1016.XYZ	1016.002
1016.XYZ	1016.004
1018.XYZ	1018.002
1018.XYZ	1018.004
1034.XYZ	1034.002
1035.XYZ	1035.002
1037.XYZ	1037.002
1045.XYZ	1045.002
1059.XYZ	1059.002
1063.XYZ	1063.002
1063.XYZ	1063.004
Lbody:1063.XYZ	Lbody:1063.002
1087.XYZ	1087.002
1088.XYZ	1088.002
1100.XYZ	1100.002
1106.XYZ	1106.002
1106.XYZ	1106.004
1111.XYZ	1111.002
1111.XYZ	1111.004
1121.XYZ	1121.002
1122.XYZ	1122.002
1141.XYZ	1141.002
1147.XYZ	1147.004
1155.XYZ	1155.002
1168.XYZ	1168.002
1174.XYZ	1174.002
1178.XYZ	1178.002
1181.XYZ	1181.002
1183.XYZ	1183.002
1189.XYZ	1189.002
1191.XYZ	1191.002
1192.XYZ	1192.002
1200.XYZ	1200.002
1217.XYZ	1217.002
1217.XYZ	1217.004
1217.XYZ	1217.006
1230.XYZ	1230.002
1238.XYZ	1238.002
1238.XYZ	1238.004
1242.XYZ	1242.002
1245.XYZ	1245.002
1248.XYZ	1248.004
1248.XYZ	1248.006
Lbody:1248.XYZ	Lbody:1248.004
1249.XYZ	1249.002
1249.XYZ	1249.004
1249.XYZ	1249.006
Lbody:1249.XYZ	Lbody:1249.004
1254.XYZ	1254.002
1267.XYZ	1267.002
1269.XYZ	1269.002
1272.XYZ	1272.002
1274.XYZ	1274.002
1274.XYZ	1274.004
1279.XYZ	1279.002
1280.XYZ	1280.002
1283.XYZ	1283.002
1287.XYZ	1287.002
1292.XYZ	1292.002
1292.XYZ	1292.004
Lbody:1292.XYZ	Lbody:1292.002
1297.XYZ	1297.002
1297.XYZ	1297.004
1297.XYZ	1297.006
1297.XYZ	1297.008
1298.XYZ	1298.002
1299.XYZ	1299.002
1301.XYZ	1301.002
1301.XYZ	1301.004
1306.XYZ	1306.002
1315.XYZ	1315.002
1324.XYZ	1324.004
1328.XYZ	1328.002
1331.XYZ	1331.002
1335.XYZ	1335.004
1335.XYZ	1335.006
1345.XYZ	1345.002
1349.XYZ	1349.002
1357.XYZ	1357.002
1358.XYZ	1358.002
1359.XYZ	1359.002
1366.XYZ	1366.002
1370.XYZ	1370.002
1371.XYZ	1371.004
1381.XYZ	1381.002
1387.XYZ	1387.002
1389.XYZ	1389.002
1398.XYZ	1398.002
1400.XYZ	1400.004
1400.XYZ	1400.006
Lbody:1400.XYZ	Lbody:1400.004
1403.XYZ	1403.002
1405.XYZ	1405.002
1407.XYZ	1407.002
1408.XYZ	1408.002
1408.XYZ	1408.004
1409.XYZ	1409.002
1417.XYZ	1417.002
1421.XYZ	1421.002
1425.XYZ	1425.004
1427.XYZ	1427.004
1433.XYZ	1433.002
1433.XYZ	1433.004
Lbody:1433.XYZ	Lbody:1433.002
1437.XYZ	1437.002
1439.XYZ	1439.002
1440.XYZ	1440.002
1442.XYZ	1442.002
1448.XYZ	1448.002
1448.XYZ	1448.004
Lbody:1448.XYZ	Lbody:1448.002
1450.XYZ	1450.002
1456.XYZ	1456.002
1458.XYZ	1458.002
1459.XYZ	1459.002
1466.XYZ	1466.002
1480.XYZ	1480.002
1486.XYZ	1486.002
1486.XYZ	1486.004
Lbody:1486.XYZ	Lbody:1486.002
1488.XYZ	1488.002
1488.XYZ	1488.004
Lbody:1488.XYZ	Lbody:1488.002
1488.XYZ	1488.006
1498.XYZ	1498.002
1501.XYZ	1501.002
1505.XYZ	1505.002
1506.XYZ	1506.002
1507.XYZ	1507.002
1508.XYZ	1508.002
1512.XYZ	1512.002
1512.XYZ	1512.004
1514.XYZ	1514.002
1528.XYZ	1528.002
1534.XYZ	1534.002
1544.XYZ	1544.002
1547.XYZ	1547.002
1547.XYZ	1547.004
Lbody:1547.XYZ	Lbody:1547.002
1548.XYZ	1548.002
1557.XYZ	1557.002
1562.XYZ	1562.002
1564.XYZ	1564.002
1572.XYZ	1572.002
1578.XYZ	1578.002
1580.XYZ	1580.004
1585.XYZ	1585.002
1586.XYZ	1586.002
1592.XYZ	1592.002
1592.XYZ	1592.004
1597.XYZ	1597.002
1602.XYZ	1602.002
1620.XYZ	1620.002
1624.XYZ	1624.002
1645.XYZ	1645.002
1645.XYZ	1645.004
1646.XYZ	1646.002
1647.XYZ	1647.002
1647.XYZ	1647.004
1648.XYZ	1648.002
1658.XYZ	1658.002
1662.XYZ	1662.002
1665.XYZ	1665.002
1665.XYZ	1665.004
1667.XYZ	1667.002
1669.XYZ	1669.002
1669.XYZ	1669.004
1669.XYZ	1669.006
1674.XYZ	1674.002
1680.XYZ	1680.006
1680.XYZ	1680.008
Lbody:1680.XYZ	Lbody:1680.006
1683.XYZ	1683.002
1697.XYZ	1697.002
1698.XYZ	1698.002
1698.XYZ	1698.004
Lbody:1698.XYZ	Lbody:1698.002
1709.XYZ	1709.002
1710.XYZ	1710.002
1716.XYZ	1716.002
1723.XYZ	1723.002
1723.XYZ	1723.004
1739.XYZ	1739.002
1739.XYZ	1739.004
Lbody:1739.XYZ	Lbody:1739.002
1740.XYZ	1740.002
1741.XYZ	1741.002
1743.XYZ	1743.002
1750.XYZ	1750.004
1750.XYZ	1750.006
Lbody:1750.XYZ	Lbody:1750.004
1750.XYZ	1750.008
1750.XYZ	1750.010
Lbody:1750.XYZ	Lbody:1750.008
1750.XYZ	1750.012
1761.XYZ	1761.002
1770.XYZ	1770.002
1779.XYZ	1779.002
1780.XYZ	1780.002
1780.XYZ	1780.004
1780.XYZ	1780.006
1780.XYZ	1780.008
1784.XYZ	1784.002
1787.XYZ	1787.002
1798.XYZ	1798.002
1803.XYZ	1803.002
1808.XYZ	1808.002
1820.XYZ	1820.002
1822.XYZ	1822.002
1825.XYZ	1825.002
1831.XYZ	1831.002
1831.XYZ	1831.004
Lbody:1831.XYZ	Lbody:1831.002
1839.XYZ	1839.002
1845.XYZ	1845.002
1845.XYZ	1845.004
1849.XYZ	1849.002
1856.XYZ	1856.002
1863.XYZ	1863.004
1865.XYZ	1865.002
1865.XYZ	1865.004
1868.XYZ	1868.002
1868.XYZ	1868.004
1879.XYZ	1879.002
1879.XYZ	1879.004
1883.XYZ	1883.002
1901.XYZ	1901.002
1906.XYZ	1906.002
1924.XYZ	1924.002
1957.XYZ	1957.002
1983.XYZ	1983.002
1992.XYZ	1992.002
1992.XYZ	1992.004
2013.XYZ	2013.002
2021.XYZ	2021.002
2023.XYZ	2023.004
2036.XYZ	2036.002
2044.XYZ	2044.002
2045.XYZ	2045.004
2053.XYZ	2053.002
2054.XYZ	2054.002
2056.XYZ	2056.002
2056.XYZ	2056.004
2065.XYZ	2065.002
2065.XYZ	2065.004
2075.XYZ	2075.002
2075.XYZ	2075.004
2075.XYZ	2075.006
2079.XYZ	2079.002
2089.XYZ	2089.002
2089.XYZ	2089.004
Lbody:2089.XYZ	Lbody:2089.002
2094.XYZ	2094.004
2098.XYZ	2098.002
2130.XYZ	2130.002
2134.XYZ	2134.002
2147.XYZ	2147.002
2147.XYZ	2147.004
2162.XYZ	2162.002
2163.XYZ	2163.002
2193.XYZ	2193.002
2200.XYZ	2200.002
2200.XYZ	2200.004
2200.XYZ	2200.006
2201.XYZ	2201.002
2211.XYZ	2211.002
2243.XYZ	2243.002
2248.XYZ	2248.002
2255.XYZ	2255.002
2261.XYZ	2261.002
2263.XYZ	2263.004
2263.XYZ	2263.006
2270.XYZ	2270.002
2276.XYZ	2276.002
2276.XYZ	2276.004
Lbody:2276.XYZ	Lbody:2276.002
2280.XYZ	2280.002
2295.XYZ	2295.002
2319.XYZ	2319.002
2328.XYZ	2328.002
2329.XYZ	2329.002
2335.XYZ	2335.002
2337.XYZ	2337.002
2368.XYZ	2368.002
2370.XYZ	2370.002
2370.XYZ	2370.004
2374.XYZ	2374.002
2374.XYZ	2374.004
2374.XYZ	2374.006
2376.XYZ	2376.002
2385.XYZ	2385.002
2385.XYZ	2385.004
2385.XYZ	2385.006
2388.XYZ	2388.002
2396.XYZ	2396.002
2397.XYZ	2397.002
2419.XYZ	2419.002
2420.XYZ	2420.002
2420.XYZ	2420.004
2423.XYZ	2423.002
2428.XYZ	2428.002
2464.XYZ	2464.002
2488.XYZ	2488.002
2503.XYZ	2503.002
2511.XYZ	2511.004
2511.XYZ	2511.006
Lbody:2511.XYZ	Lbody:2511.004
2512.XYZ	2512.002
2518.XYZ	2518.002
2519.XYZ	2519.002
2540.XYZ	2540.002
2559.XYZ	2559.002
2567.XYZ	2567.002
2572.XYZ	2572.002
2572.XYZ	2572.004
2594.XYZ	2594.004
2601.XYZ	2601.002
2601.XYZ	2601.004
2603.XYZ	2603.002
2603.XYZ	2603.004
Lbody:2603.XYZ	Lbody:2603.002
2607.XYZ	2607.002
2607.XYZ	2607.004
Lbody:2607.XYZ	Lbody:2607.002
2607.XYZ	2607.006
2607.XYZ	2607.008
2610.XYZ	2610.002
2610.XYZ	2610.004
2636.XYZ	2636.002
2637.XYZ	2637.002
2644.XYZ	2644.002
2655.XYZ	2655.002
2671.XYZ	2671.002
2679.XYZ	2679.002
2679.XYZ	2679.004
Lbody:2679.XYZ	Lbody:2679.002
2680.XYZ	2680.002
2690.XYZ	2690.002
2690.XYZ	2690.004
2690.XYZ	2690.006
2690.XYZ	2690.008
2690.XYZ	2690.010
2705.XYZ	2705.002
2705.XYZ	2705.004
2708.XYZ	2708.002
2717.XYZ	2717.002
2729.XYZ	2729.002
2733.XYZ	2733.002
2737.XYZ	2737.002
2744.XYZ	2744.002
2746.XYZ	2746.002
2747.XYZ	2747.002
2751.XYZ	2751.002
2752.XYZ	2752.002
2757.XYZ	2757.002
2760.XYZ	2760.002
2776.XYZ	2776.002
2790.XYZ	2790.002
2791.XYZ	2791.002
2797.XYZ	2797.002
2797.XYZ	2797.004
2809.XYZ	2809.002
2812.XYZ	2812.002
2818.XYZ	2818.002
2824.XYZ	2824.002
2827.XYZ	2827.002
2834.XYZ	2834.002
2834.XYZ	2834.004
2838.XYZ	2838.002
2847.XYZ	2847.004
2901.XYZ	2901.004
2908.XYZ	2908.002
2918.XYZ	2918.004
2918.XYZ	2918.006
Lbody:2918.XYZ	Lbody:2918.004
2919.XYZ	2919.004
2923.XYZ	2923.002
2934.XYZ	2934.002
2934.XYZ	2934.004
Lbody:2934.XYZ	Lbody:2934.002
2943.XYZ	2943.002
2943.XYZ	2943.004
2943.XYZ	2943.006
2943.XYZ	2943.008
2947.XYZ	2947.004
2956.XYZ	2956.002
2959.XYZ	2959.002
2962.XYZ	2962.002
2972.XYZ	2972.002
2977.XYZ	2977.002
2985.XYZ	2985.002
2986.XYZ	2986.004
2992.XYZ	2992.002
3008.XYZ	3008.002
3010.XYZ	3010.002
3011.XYZ	3011.002
3017.XYZ	3017.002
3021.XYZ	3021.002
3022.XYZ	3022.004
3025.XYZ	3025.002
3027.XYZ	3027.002
3027.XYZ	3027.004
3034.XYZ	3034.002
3045.XYZ	3045.002
3051.XYZ	3051.002
3052.XYZ	3052.004
3058.XYZ	3058.004
3058.XYZ	3058.006
Lbody:3058.XYZ	Lbody:3058.004
3061.XYZ	3061.002
3067.XYZ	3067.002
3080.XYZ	3080.002
3081.XYZ	3081.002
3081.XYZ	3081.004
Lbody:3081.XYZ	Lbody:3081.002
3081.XYZ	3081.006
3084.XYZ	3084.002
3084.XYZ	3084.004
3086.XYZ	3086.002
3098.XYZ	3098.002
3099.XYZ	3099.004
3102.XYZ	3102.002
3109.XYZ	3109.004
3121.XYZ	3121.002
3122.XYZ	3122.002
3127.XYZ	3127.004
3127.XYZ	3127.006
3127.XYZ	3127.008
Lbody:3127.XYZ	Lbody:3127.006
3133.XYZ	3133.002
3133.XYZ	3133.004
3133.XYZ	3133.006
3134.XYZ	3134.002
3135.XYZ	3135.002
3143.XYZ	3143.004
3145.XYZ	3145.002
3149.XYZ	3149.002
3157.XYZ	3157.002
3157.XYZ	3157.004
3157.XYZ	3157.006
3157.XYZ	3157.008
3160.XYZ	3160.002
3165.XYZ	3165.002
3167.XYZ	3167.002
3179.XYZ	3179.002
3185.XYZ	3185.002
3187.XYZ	3187.002
3202.XYZ	3202.002
3205.XYZ	3205.002
3213.XYZ	3213.002
3213.XYZ	3213.004
3213.XYZ	3213.006
3219.XYZ	3219.002
3222.XYZ	3222.002
3223.XYZ	3223.004
3229.XYZ	3229.002
3229.XYZ	3229.004
3229.XYZ	3229.006
3229.XYZ	3229.008
Lbody:3229.XYZ	Lbody:3229.006
3229.XYZ	3229.010
3229.XYZ	3229.012
3229.XYZ	3229.014
3230.XYZ	3230.002
3230.XYZ	3230.004
3232.XYZ	3232.002
3234.XYZ	3234.004
3242.XYZ	3242.002
3242.XYZ	3242.004
3242.XYZ	3242.006
3245.XYZ	3245.002
3245.XYZ	3245.004
3251.XYZ	3251.004
3251.XYZ	3251.006
3251.XYZ	3251.008
3252.XYZ	3252.002
3252.XYZ	3252.004
3256.XYZ	3256.002
3258.XYZ	3258.002
3259.XYZ	3259.002
3259.XYZ	3259.004
3264.XYZ	3264.002
3271.XYZ	3271.002
3274.XYZ	3274.002
3274.XYZ	3274.004
Lbody:3274.XYZ	Lbody:3274.002
3275.XYZ	3275.002
3278.XYZ	3278.002
3282.XYZ	3282.002
3285.XYZ	3285.002
3287.XYZ	3287.002
3289.XYZ	3289.002
3290.XYZ	3290.002
3290.XYZ	3290.004
3290.XYZ	3290.006
3301.XYZ	3301.002
3309.XYZ	3309.004
3311.XYZ	3311.002
3311.XYZ	3311.004
3338.XYZ	3338.002
3367.XYZ	3367.002
3376.XYZ	3376.002
3383.XYZ	3383.004
3383.XYZ	3383.006
Lbody:3383.XYZ	Lbody:3383.004
3384.XYZ	3384.002
3391.XYZ	3391.002
3401.XYZ	3401.002
3401.XYZ	3401.004
3424.XYZ	3424.002
3439.XYZ	3439.002
3440.XYZ	3440.002
3443.XYZ	3443.002
3450.XYZ	3450.002
3450.XYZ	3450.004
3457.XYZ	3457.002
3460.XYZ	3460.002
3469.XYZ	3469.002
3487.XYZ	3487.002
3501.XYZ	3501.002
3525.XYZ	3525.002
3526.XYZ	3526.002
3547.XYZ	3547.002
3554.XYZ	3554.002
3554.XYZ	3554.004
3560.XYZ	3560.002
3568.XYZ	3568.002
3570.XYZ	3570.002
3574.XYZ	3574.002
3574.XYZ	3574.004
3574.XYZ	3574.006
3574.XYZ	3574.008
Lbody:3574.XYZ	Lbody:3574.006
3581.XYZ	3581.002
3586.XYZ	3586.002
3592.XYZ	3592.006
3615.XYZ	3615.002
3615.XYZ	3615.004
3624.XYZ	3624.002
3626.XYZ	3626.002
3627.XYZ	3627.002
3631.XYZ	3631.002
3639.XYZ	3639.002
3643.XYZ	3643.002
3643.XYZ	3643.004
Lbody:3643.XYZ	Lbody:3643.002
3655.XYZ	3655.004
3663.XYZ	3663.002
3687.XYZ	3687.002
3696.XYZ	3696.002
3698.XYZ	3698.002
3705.XYZ	3705.002
3749.XYZ	3749.006
3751.XYZ	3751.002
3755.XYZ	3755.002
3761.XYZ	3761.004
3775.XYZ	3775.002
3814.XYZ	3814.002
3821.XYZ	3821.002
3824.XYZ	3824.002
3829.XYZ	3829.002
3835.XYZ	3835.002
3840.XYZ	3840.002
3841.XYZ	3841.002
3857.XYZ	3857.002
3858.XYZ	3858.004
3864.XYZ	3864.002
3864.XYZ	3864.004
3865.XYZ	3865.002
3868.XYZ	3868.002
3869.XYZ	3869.004
3872.XYZ	3872.002
3874.XYZ	3874.002
3876.XYZ	3876.002
3877.XYZ	3877.002
3877.XYZ	3877.004
3880.XYZ	3880.002
3880.XYZ	3880.004
3880.XYZ	3880.006
3881.XYZ	3881.002
3893.XYZ	3893.002
3893.XYZ	3893.004
3893.XYZ	3893.006
3911.XYZ	3911.002
3912.XYZ	3912.004
3921.XYZ	3921.002
3928.XYZ	3928.002
3929.XYZ	3929.002
3934.XYZ	3934.002
3934.XYZ	3934.004
3934.XYZ	3934.006
Lbody:3934.XYZ	Lbody:3934.004
3947.XYZ	3947.002
3952.XYZ	3952.002
3955.XYZ	3955.002
3973.XYZ	3973.002
3974.XYZ	3974.002
3979.XYZ	3979.002
3983.XYZ	3983.002
4001.XYZ	4001.002
4013.XYZ	4013.002
4031.XYZ	4031.002
4033.XYZ	4033.002
4060.XYZ	4060.002
4062.XYZ	4062.002
4062.XYZ	4062.004
4067.XYZ	4067.002
4076.XYZ	4076.002
4090.XYZ	4090.002
4097.XYZ	4097.002
4099.XYZ	4099.002
4103.XYZ	4103.002
4103.XYZ	4103.004
4105.XYZ	4105.002
4112.XYZ	4112.002
4115.XYZ	4115.002
4115.XYZ	4115.004
4118.XYZ	4118.002
4119.XYZ	4119.004
4119.XYZ	4119.006
4120.XYZ	4120.002
4123.XYZ	4123.002
4123.XYZ	4123.004
4124.XYZ	4124.002
4124.XYZ	4124.004
Lbody:4124.XYZ	Lbody:4124.002
4135.XYZ	4135.002
4135.XYZ	4135.004
4138.XYZ	4138.002
4141.XYZ	4141.002
4144.XYZ	4144.002
4144.XYZ	4144.004
4144.XYZ	4144.006
4149.XYZ	4149.002
4154.XYZ	4154.002
4155.XYZ	4155.002
4155.XYZ	4155.004
4157.XYZ	4157.002
4157.XYZ	4157.004
4167.XYZ	4167.002
4171.XYZ	4171.002
4172.XYZ	4172.002
4172.XYZ	4172.004
4179.XYZ	4179.002
4179.XYZ	4179.004
Lbody:4179.XYZ	Lbody:4179.002
4180.XYZ	4180.002
4182.XYZ	4182.002
4182.XYZ	4182.004
4185.XYZ	4185.002
4190.XYZ	4190.002
4203.XYZ	4203.002
4205.XYZ	4205.002
4205.XYZ	4205.004
4207.XYZ	4207.002
4221.XYZ	4221.002
4222.XYZ	4222.002
4222.XYZ	4222.004
4224.XYZ	4224.004
4229.XYZ	4229.002
4229.XYZ	4229.004
4229.XYZ	4229.006
4236.XYZ	4236.002
4243.XYZ	4243.002
4250.XYZ	4250.002
4252.XYZ	4252.002
4252.XYZ	4252.004
4258.XYZ	4258.002
4258.XYZ	4258.004
4258.XYZ	4258.006
4265.XYZ	4265.002
4265.XYZ	4265.004
4265.XYZ	4265.006
Lbody:4265.XYZ	Lbody:4265.004
4276.XYZ	4276.002
4277.XYZ	4277.002
4279.XYZ	4279.002
4284.XYZ	4284.002
4289.XYZ	4289.002
4289.XYZ	4289.004
4289.XYZ	4289.006
4290.XYZ	4290.002
4294.XYZ	4294.002
4294.XYZ	4294.004
4295.XYZ	4295.002
4296.XYZ	4296.002
4298.XYZ	4298.002
4300.XYZ	4300.002
4302.XYZ	4302.002
4311.XYZ	4311.002
4313.XYZ	4313.002
4319.XYZ	4319.002
4324.XYZ	4324.004
4329.XYZ	4329.002
4329.XYZ	4329.004
4332.XYZ	4332.002
4337.XYZ	4337.002
4339.XYZ	4339.002
4343.XYZ	4343.002
4344.XYZ	4344.002
4349.XYZ	4349.004
4356.XYZ	4356.002
4357.XYZ	4357.002
4364.XYZ	4364.002
4370.XYZ	4370.002
4371.XYZ	4371.002
4371.XYZ	4371.004
4376.XYZ	4376.002
4385.XYZ	4385.002
4386.XYZ	4386.004
4386.XYZ	4386.006
4386.XYZ	4386.008
4388.XYZ	4388.002
4394.XYZ	4394.002
4395.XYZ	4395.002
4395.XYZ	4395.004
4414.XYZ	4414.002
4418.XYZ	4418.002
4423.XYZ	4423.002
4427.XYZ	4427.002
4429.XYZ	4429.002
4448.XYZ	4448.002
4448.XYZ	4448.004
Lbody:4448.XYZ	Lbody:4448.002
4449.XYZ	4449.002
4449.XYZ	4449.004
4452.XYZ	4452.002
4458.XYZ	4458.002
4458.XYZ	4458.004
4462.XYZ	4462.002
4465.XYZ	4465.002
4465.XYZ	4465.004
4465.XYZ	4465.006
4477.XYZ	4477.002
4478.XYZ	4478.002
4478.XYZ	4478.004
4478.XYZ	4478.006
4478.XYZ	4478.008
4487.XYZ	4487.002
4487.XYZ	4487.004
4495.XYZ	4495.002
4501.XYZ	4501.002
4505.XYZ	4505.002
4509.XYZ	4509.002
4516.XYZ	4516.002
4526.XYZ	4526.002
4528.XYZ	4528.002
4532.XYZ	4532.002
4535.XYZ	4535.002
4535.XYZ	4535.004
Lbody:4535.XYZ	Lbody:4535.002
4546.XYZ	4546.002
4548.XYZ	4548.002
4551.XYZ	4551.002
4551.XYZ	4551.004
4551.XYZ	4551.006
4551.XYZ	4551.008
4552.XYZ	4552.002
4554.XYZ	4554.002
4554.XYZ	4554.004
4554.XYZ	4554.006
4555.XYZ	4555.002
4559.XYZ	4559.002
4569.XYZ	4569.002
4572.XYZ	4572.002
4576.XYZ	4576.002
4578.XYZ	4578.002
4578.XYZ	4578.004
4578.XYZ	4578.006
4578.XYZ	4578.008
Lbody:4578.XYZ	Lbody:4578.006
4582.XYZ	4582.004
4582.XYZ	4582.006
4582.XYZ	4582.008
Lbody:4582.XYZ	Lbody:4582.006
4585.XYZ	4585.002
4594.XYZ	4594.006
4597.XYZ	4597.002
4598.XYZ	4598.002
4601.XYZ	4601.002
4604.XYZ	4604.002
4604.XYZ	4604.004
4604.XYZ	4604.006
4611.XYZ	4611.002
4613.XYZ	4613.002
4615.XYZ	4615.002
4619.XYZ	4619.002
4623.XYZ	4623.002
4624.XYZ	4624.002
4624.XYZ	4624.004
4626.XYZ	4626.002
4626.XYZ	4626.004
4630.XYZ	4630.002
4631.XYZ	4631.002
4637.XYZ	4637.002
4640.XYZ	4640.002
4645.XYZ	4645.002
4656.XYZ	4656.002
4665.XYZ	4665.002
4672.XYZ	4672.002
4673.XYZ	4673.002
4675.XYZ	4675.002
4682.XYZ	4682.002
4682.XYZ	4682.004
4683.XYZ	4683.002
4690.XYZ	4690.002
4691.XYZ	4691.004
4693.XYZ	4693.002
4699.XYZ	4699.002
4704.XYZ	4704.002
4704.XYZ	4704.004
4707.XYZ	4707.002
4713.XYZ	4713.002
4724.XYZ	4724.002
4725.XYZ	4725.002
4727.XYZ	4727.002
4727.XYZ	4727.004
Lbody:4727.XYZ	Lbody:4727.002
4727.XYZ	4727.006
4739.XYZ	4739.002
4742.XYZ	4742.002
4742.XYZ	4742.004
4742.XYZ	4742.006
4742.XYZ	4742.008
Lbody:4742.XYZ	Lbody:4742.006
4742.XYZ	4742.010
Lbody:4742.XYZ	Lbody:4742.006
4743.XYZ	4743.002
4743.XYZ	4743.004
4745.XYZ	4745.002
4752.XYZ	4752.002
4753.XYZ	4753.002
4756.XYZ	4756.002
4759.XYZ	4759.002
4760.XYZ	4760.002
4775.XYZ	4775.002
4780.XYZ	4780.002
4789.XYZ	4789.002
4804.XYZ	4804.002
4825.XYZ	4825.002
4829.XYZ	4829.002
4867.XYZ	4867.002
4870.XYZ	4870.002
4881.XYZ	4881.004
4894.XYZ	4894.002
4895.XYZ	4895.002
4901.XYZ	4901.002
4902.XYZ	4902.002
4910.XYZ	4910.004
4922.XYZ	4922.002
4925.XYZ	4925.002
4936.XYZ	4936.002
4939.XYZ	4939.002
4939.XYZ	4939.004
4965.XYZ	4965.002
4972.XYZ	4972.002
4984.XYZ	4984.002
4999.XYZ	4999.002
5004.XYZ	5004.002
5014.XYZ	5014.002
5025.XYZ	5025.002
5033.XYZ	5033.002
5033.XYZ	5033.004
Lbody:5033.XYZ	Lbody:5033.002
5055.XYZ	5055.002
5057.XYZ	5057.002
5086.XYZ	5086.002
5094.XYZ	5094.002
5095.XYZ	5095.002
5110.XYZ	5110.002
5115.XYZ	5115.002
5120.XYZ	5120.002
5122.XYZ	5122.002
5130.XYZ	5130.002
5131.XYZ	5131.002
5131.XYZ	5131.004
5134.XYZ	5134.002
5140.XYZ	5140.002
5151.XYZ	5151.002
5170.XYZ	5170.002
5170.XYZ	5170.004
5170.XYZ	5170.006
5186.XYZ	5186.002
5188.XYZ	5188.002
5188.XYZ	5188.004
5190.XYZ	5190.002
5190.XYZ	5190.004
5201.XYZ	5201.002
5206.XYZ	5206.002
5210.XYZ	5210.002
5217.XYZ	5217.004
5219.XYZ	5219.002
5222.XYZ	5222.002
5232.XYZ	5232.002
5255.XYZ	5255.002
5255.XYZ	5255.004
5259.XYZ	5259.002
5285.XYZ	5285.002
5285.XYZ	5285.004
Lbody:5285.XYZ	Lbody:5285.002
5289.XYZ	5289.004
5306.XYZ	5306.002
5309.XYZ	5309.002
5313.XYZ	5313.002
5328.XYZ	5328.002
5350.XYZ	5350.002
5359.XYZ	5359.002
5360.XYZ	5360.002
5370.XYZ	5370.002
5390.XYZ	5390.002
5409.XYZ	5409.002
5414.XYZ	5414.002
5415.XYZ	5415.002
5426.XYZ	5426.002
5433.XYZ	5433.002
5453.XYZ	5453.002
5455.XYZ	5455.002
5465.XYZ	5465.002
5465.XYZ	5465.004
5466.XYZ	5466.002
5466.XYZ	5466.004
5472.XYZ	5472.002
5472.XYZ	5472.004
5473.XYZ	5473.002
5478.XYZ	5478.002
5478.XYZ	5478.004
5480.XYZ	5480.002
5491.XYZ	5491.002
5494.XYZ	5494.002
5495.XYZ	5495.002
5496.XYZ	5496.002
5499.XYZ	5499.002
5507.XYZ	5507.002
5514.XYZ	5514.002
5516.XYZ	5516.002
5516.XYZ	5516.004
5516.XYZ	5516.006
5522.XYZ	5522.002
5532.XYZ	5532.002
5534.XYZ	5534.002
5534.XYZ	5534.004
5537.XYZ	5537.002
5538.XYZ	5538.002
5543.XYZ	5543.002
5545.XYZ	5545.002
5548.XYZ	5548.002
5549.XYZ	5549.002
5551.XYZ	5551.002
5558.XYZ	5558.002
5559.XYZ	5559.002
5559.XYZ	5559.004
5560.XYZ	5560.002
5564.XYZ	5564.002
5570.XYZ	5570.002
5572.XYZ	5572.002
5573.XYZ	5573.002
5577.XYZ	5577.002
5577.XYZ	5577.004
5577.XYZ	5577.006
5581.XYZ	5581.002
5582.XYZ	5582.002
5583.XYZ	5583.002
5584.XYZ	5584.002
5584.XYZ	5584.004
5585.XYZ	5585.002
5597.XYZ	5597.002
5597.XYZ	5597.004
5597.XYZ	5597.006
Lbody:5597.XYZ	Lbody:5597.004
5598.XYZ	5598.002
5600.XYZ	5600.002
5603.XYZ	5603.002
5608.XYZ	5608.002
5612.XYZ	5612.002
5613.XYZ	5613.002
5613.XYZ	5613.004
5618.XYZ	5618.002
5618.XYZ	5618.004
Lbody:5618.XYZ	Lbody:5618.002
5618.XYZ	5618.006
5621.XYZ	5621.002
5622.XYZ	5622.002
5622.XYZ	5622.004
5625.XYZ	5625.002
5625.XYZ	5625.004
5625.XYZ	5625.006
5627.XYZ	5627.002
5643.XYZ	5643.002
5652.XYZ	5652.002
5652.XYZ	5652.004
5653.XYZ	5653.006
5653.XYZ	5653.008
5653.XYZ	5653.010
5655.XYZ	5655.002
5657.XYZ	5657.002
5661.XYZ	5661.002
5663.XYZ	5663.002
5665.XYZ	5665.002
5681.XYZ	5681.002
5681.XYZ	5681.004
5683.XYZ	5683.002
5683.XYZ	5683.004
5685.XYZ	5685.002
5694.XYZ	5694.002
5697.XYZ	5697.002
5697.XYZ	5697.004
Lbody:5697.XYZ	Lbody:5697.002
5698.XYZ	5698.002
5698.XYZ	5698.004
5698.XYZ	5698.006
5700.XYZ	5700.002
5701.XYZ	5701.002
5704.XYZ	5704.002
5709.XYZ	5709.002
5709.XYZ	5709.004
5711.XYZ	5711.002
5713.XYZ	5713.002
5721.XYZ	5721.002
5721.XYZ	5721.004
5729.XYZ	5729.002
5733.XYZ	5733.002
5738.XYZ	5738.002
5740.XYZ	5740.002
5745.XYZ	5745.002
5745.XYZ	5745.004
Lbody:5745.XYZ	Lbody:5745.002
5751.XYZ	5751.002
5752.XYZ	5752.002
5754.XYZ	5754.002
5757.XYZ	5757.002
5758.XYZ	5758.002
5762.XYZ	5762.002
5762.XYZ	5762.004
5766.XYZ	5766.004
5767.XYZ	5767.002
5779.XYZ	5779.002
5779.XYZ	5779.004
5782.XYZ	5782.002
5782.XYZ	5782.004
5785.XYZ	5785.002
5791.XYZ	5791.002
5797.XYZ	5797.002
5803.XYZ	5803.002
5803.XYZ	5803.004
5806.XYZ	5806.002
5806.XYZ	5806.004
5806.XYZ	5806.006
5809.XYZ	5809.002
5809.XYZ	5809.004
5809.XYZ	5809.006
Lbody:5809.XYZ	Lbody:5809.004
5812.XYZ	5812.002
5819.XYZ	5819.002
5820.XYZ	5820.002
5820.XYZ	5820.004
5821.XYZ	5821.002
5822.XYZ	5822.002
5823.XYZ	5823.004
5824.XYZ	5824.002
5827.XYZ	5827.002
5832.XYZ	5832.002
5832.XYZ	5832.004
5838.XYZ	5838.002
5838.XYZ	5838.004
5838.XYZ	5838.006
5845.XYZ	5845.002
5855.XYZ	5855.002
5855.XYZ	5855.004
5856.XYZ	5856.004
5858.XYZ	5858.002
5860.XYZ	5860.002
5863.XYZ	5863.002
5864.XYZ	5864.002
5865.XYZ	5865.002
5865.XYZ	5865.004
5866.XYZ	5866.002
5866.XYZ	5866.004
5869.XYZ	5869.002
5881.XYZ	5881.002
5881.XYZ	5881.004
5887.XYZ	5887.002
5890.XYZ	5890.002
5890.XYZ	5890.004
5892.XYZ	5892.002
5894.XYZ	5894.002
5894.XYZ	5894.004
5896.XYZ	5896.002
5896.XYZ	5896.004
5897.XYZ	5897.002
5908.XYZ	5908.002
5911.XYZ	5911.002
5913.XYZ	5913.002
5914.XYZ	5914.002
5914.XYZ	5914.004
5915.XYZ	5915.002
5919.XYZ	5919.002
5921.XYZ	5921.002
5921.XYZ	5921.004
5924.XYZ	5924.002
5924.XYZ	5924.004
5924.XYZ	5924.006
5925.XYZ	5925.004
5927.XYZ	5927.002
5929.XYZ	5929.002
5929.XYZ	5929.004
5933.XYZ	5933.002
5939.XYZ	5939.002
5945.XYZ	5945.002
5947.XYZ	5947.002
5947.XYZ	5947.004
5948.XYZ	5948.002
5953.XYZ	5953.002
5959.XYZ	5959.002
5962.XYZ	5962.002
5963.XYZ	5963.002
5969.XYZ	5969.002
5974.XYZ	5974.002
5976.XYZ	5976.002
5982.XYZ	5982.002
5987.XYZ	5987.002
5987.XYZ	5987.004
5991.XYZ	5991.002
6000.XYZ	6000.002
6004.XYZ	6004.002
6004.XYZ	6004.004
6005.XYZ	6005.002
6005.XYZ	6005.004
6008.XYZ	6008.002
6013.XYZ	6013.002
6014.XYZ	6014.002
6019.XYZ	6019.002
6021.XYZ	6021.002
6022.XYZ	6022.002
6022.XYZ	6022.004
6026.XYZ	6026.002
6026.XYZ	6026.004
6028.XYZ	6028.004
6028.XYZ	6028.006
Lbody:6028.XYZ	Lbody:6028.004
6031.XYZ	6031.002
6035.XYZ	6035.002
6042.XYZ	6042.002
6042.XYZ	6042.004
6045.XYZ	6045.002
6046.XYZ	6046.002
6047.XYZ	6047.002
6055.XYZ	6055.002
6063.XYZ	6063.002
6069.XYZ	6069.002
6070.XYZ	6070.002
6073.XYZ	6073.002
6073.XYZ	6073.004
6074.XYZ	6074.002
6075.XYZ	6075.002
6075.XYZ	6075.004
6077.XYZ	6077.002
6077.XYZ	6077.004
6077.XYZ	6077.006
Lbody:6077.XYZ	Lbody:6077.004
6079.XYZ	6079.004
6081.XYZ	6081.004
6082.XYZ	6082.002
6088.XYZ	6088.002
6088.XYZ	6088.004
6089.XYZ	6089.002
6105.XYZ	6105.002
6106.XYZ	6106.002
6106.XYZ	6106.004
6117.XYZ	6117.002
6119.XYZ	6119.002
6119.XYZ	6119.004
6120.XYZ	6120.002
6124.XYZ	6124.002
6125.XYZ	6125.002
6126.XYZ	6126.002
6130.XYZ	6130.002
6130.XYZ	6130.004
Lbody:6130.XYZ	Lbody:6130.002
6135.XYZ	6135.002
6139.XYZ	6139.002
6139.XYZ	6139.004
6140.XYZ	6140.002
6147.XYZ	6147.002
6149.XYZ	6149.002
6153.XYZ	6153.002
6157.XYZ	6157.002
6157.XYZ	6157.004
6157.XYZ	6157.006
6158.XYZ	6158.002
6158.XYZ	6158.004
6176.XYZ	6176.002
6181.XYZ	6181.002
6184.XYZ	6184.002
6191.XYZ	6191.002
6197.XYZ	6197.002
6217.XYZ	6217.002
6220.XYZ	6220.002
6228.XYZ	6228.002
6230.XYZ	6230.002
6236.XYZ	6236.002
6239.XYZ	6239.002
6247.XYZ	6247.002
6252.XYZ	6252.002
6259.XYZ	6259.002
6265.XYZ	6265.002
6276.XYZ	6276.002
6276.XYZ	6276.004
6277.XYZ	6277.002
6279.XYZ	6279.002
6280.XYZ	6280.002
6280.XYZ	6280.004
6288.XYZ	6288.002
6290.XYZ	6290.002
6295.XYZ	6295.002
6298.XYZ	6298.002
6301.XYZ	6301.002
6302.XYZ	6302.002
6303.XYZ	6303.004
6305.XYZ	6305.002
6305.XYZ	6305.004
6310.XYZ	6310.002
6310.XYZ	6310.004
6311.XYZ	6311.002
6315.XYZ	6315.002
6315.XYZ	6315.004
Lbody:6315.XYZ	Lbody:6315.002
6315.XYZ	6315.006
6317.XYZ	6317.002
6317.XYZ	6317.004
6319.XYZ	6319.002
6324.XYZ	6324.002
6330.XYZ	6330.002
6331.XYZ	6331.004
6335.XYZ	6335.002
6340.XYZ	6340.002
6340.XYZ	6340.004
6354.XYZ	6354.002
6373.XYZ	6373.002
6376.XYZ	6376.002
6380.XYZ	6380.002
6389.XYZ	6389.002
6411.XYZ	6411.002
6412.XYZ	6412.002
6412.XYZ	6412.004
6414.XYZ	6414.002
6420.XYZ	6420.002
6431.XYZ	6431.002
6441.XYZ	6441.002
6441.XYZ	6441.004
Lbody:6441.XYZ	Lbody:6441.002
6445.XYZ	6445.002
6455.XYZ	6455.002
6455.XYZ	6455.004
6463.XYZ	6463.002
6463.XYZ	6463.004
6463.XYZ	6463.006
6468.XYZ	6468.002
6471.XYZ	6471.002
6489.XYZ	6489.002
6489.XYZ	6489.004
6490.XYZ	6490.002
6495.XYZ	6495.002
6496.XYZ	6496.002
6500.XYZ	6500.002
6501.XYZ	6501.002
6507.XYZ	6507.002
6510.XYZ	6510.002
6527.XYZ	6527.002
6527.XYZ	6527.004
Lbody:6527.XYZ	Lbody:6527.002
6534.XYZ	6534.004
6534.XYZ	6534.006
Lbody:6534.XYZ	Lbody:6534.004
6549.XYZ	6549.002
6549.XYZ	6549.004
6549.XYZ	6549.006
6550.XYZ	6550.002
6551.XYZ	6551.002
6553.XYZ	6553.002
6553.XYZ	6553.004
6553.XYZ	6553.006
6556.XYZ	6556.002
6556.XYZ	6556.004
Lbody:6556.XYZ	Lbody:6556.002
6556.XYZ	6556.006
6560.XYZ	6560.002
6561.XYZ	6561.004
6564.XYZ	6564.002
6566.XYZ	6566.004
6577.XYZ	6577.002
6579.XYZ	6579.002
6580.XYZ	6580.002
6583.XYZ	6583.002
6583.XYZ	6583.004
6584.XYZ	6584.002
6585.XYZ	6585.002
6586.XYZ	6586.002
6589.XYZ	6589.002
6601.XYZ	6601.002
6601.XYZ	6601.004
Lbody:6601.XYZ	Lbody:6601.002
6602.XYZ	6602.002
6606.XYZ	6606.002
6612.XYZ	6612.002
6615.XYZ	6615.002
6618.XYZ	6618.002
6619.XYZ	6619.002
6625.XYZ	6625.002
6639.XYZ	6639.002
6644.XYZ	6644.002
6644.XYZ	6644.004
6654.XYZ	6654.002
6656.XYZ	6656.002
6659.XYZ	6659.002
6667.XYZ	6667.002
6671.XYZ	6671.004
6677.XYZ	6677.002
6692.XYZ	6692.002
6692.XYZ	6692.004
6704.XYZ	6704.004
6708.XYZ	6708.002
6712.XYZ	6712.004
6715.XYZ	6715.002
6718.XYZ	6718.002
6719.XYZ	6719.002
6722.XYZ	6722.002
6722.XYZ	6722.004
6722.XYZ	6722.006
6727.XYZ	6727.002
6729.XYZ	6729.002
6740.XYZ	6740.002
6752.XYZ	6752.002
6752.XYZ	6752.004
6753.XYZ	6753.002
6753.XYZ	6753.004
6756.XYZ	6756.002
6768.XYZ	6768.002
6772.XYZ	6772.002
6775.XYZ	6775.002
6784.XYZ	6784.002
6785.XYZ	6785.002
6787.XYZ	6787.002
6796.XYZ	6796.002
6797.XYZ	6797.002
6797.XYZ	6797.004
6799.XYZ	6799.002
6799.XYZ	6799.004
6799.XYZ	6799.006
6800.XYZ	6800.002
6812.XYZ	6812.002
6821.XYZ	6821.002
6827.XYZ	6827.002
6827.XYZ	6827.004
6827.XYZ	6827.006
6829.XYZ	6829.002
6829.XYZ	6829.004
6834.XYZ	6834.002
6880.XYZ	6880.002
6916.XYZ	6916.002
6917.XYZ	6917.002
6926.XYZ	6926.002
6929.XYZ	6929.002
6931.XYZ	6931.002
6932.XYZ	6932.002
6933.XYZ	6933.002
6940.XYZ	6940.002
6940.XYZ	6940.004
Lbody:6940.XYZ	Lbody:6940.002
6940.XYZ	6940.006
6943.XYZ	6943.002
6944.XYZ	6944.002
6945.XYZ	6945.002
6945.XYZ	6945.004
6956.XYZ	6956.002
6960.XYZ	6960.002
6963.XYZ	6963.002
6967.XYZ	6967.002
6968.XYZ	6968.002
6968.XYZ	6968.004
Lbody:6968.XYZ	Lbody:6968.002
6973.XYZ	6973.002
6979.XYZ	6979.002
6992.XYZ	6992.006
6994.XYZ	6994.002
7001.XYZ	7001.002
7008.XYZ	7008.004
7013.XYZ	7013.002
7016.XYZ	7016.002
7021.XYZ	7021.004
7021.XYZ	7021.006
Lbody:7021.XYZ	Lbody:7021.004
7024.XYZ	7024.002
7026.XYZ	7026.002
7027.XYZ	7027.002
7028.XYZ	7028.004
7028.XYZ	7028.006
7030.XYZ	7030.004
7035.XYZ	7035.002
7043.XYZ	7043.002
7043.XYZ	7043.004
7045.XYZ	7045.002
7052.XYZ	7052.002
7057.XYZ	7057.002
7057.XYZ	7057.004
7057.XYZ	7057.006
7059.XYZ	7059.002
7059.XYZ	7059.004
7061.XYZ	7061.002
7065.XYZ	7065.004
7068.XYZ	7068.002
7069.XYZ	7069.002
7071.XYZ	7071.002
7076.XYZ	7076.002
7076.XYZ	7076.004
Lbody:7076.XYZ	Lbody:7076.002
7076.XYZ	7076.006
Lbody:7076.XYZ	Lbody:7076.002
7087.XYZ	7087.002
7103.XYZ	7103.002
7106.XYZ	7106.002
7106.XYZ	7106.004
7112.XYZ	7112.002
7112.XYZ	7112.004
7113.XYZ	7113.002
7113.XYZ	7113.004
7119.XYZ	7119.002
7120.XYZ	7120.002
7128.XYZ	7128.002
7133.XYZ	7133.002
7134.XYZ	7134.002
7134.XYZ	7134.004
7135.XYZ	7135.002
7137.XYZ	7137.002
7137.XYZ	7137.004
Lbody:7137.XYZ	Lbody:7137.002
7156.XYZ	7156.002
7156.XYZ	7156.004
7164.XYZ	7164.002
7168.XYZ	7168.004
7168.XYZ	7168.006
Lbody:7168.XYZ	Lbody:7168.004
7172.XYZ	7172.002
7195.XYZ	7195.002
7200.XYZ	7200.004
7201.XYZ	7201.006
7202.XYZ	7202.002
7206.XYZ	7206.002
7207.XYZ	7207.002
7215.XYZ	7215.002
7216.XYZ	7216.002
7220.XYZ	7220.002
7221.XYZ	7221.002
7235.XYZ	7235.002
7237.XYZ	7237.002
7237.XYZ	7237.004
7243.XYZ	7243.002
7247.XYZ	7247.002
7247.XYZ	7247.004
7258.XYZ	7258.002
7260.XYZ	7260.002
7261.XYZ	7261.002
7266.XYZ	7266.004
7271.XYZ	7271.002
7286.XYZ	7286.002
7288.XYZ	7288.002
7289.XYZ	7289.002
7305.XYZ	7305.002
7306.XYZ	7306.002
7310.XYZ	7310.002
7314.XYZ	7314.002
7323.XYZ	7323.002
7324.XYZ	7324.002
7325.XYZ	7325.002
7331.XYZ	7331.002
7332.XYZ	7332.004
7332.XYZ	7332.006
7332.XYZ	7332.008
7340.XYZ	7340.002
7356.XYZ	7356.002
7356.XYZ	7356.004
7369.XYZ	7369.002
7373.XYZ	7373.002
7373.XYZ	7373.004
7376.XYZ	7376.002
7382.XYZ	7382.002
7384.XYZ	7384.002
7387.XYZ	7387.002
7389.XYZ	7389.004
7390.XYZ	7390.002
7391.XYZ	7391.004
7391.XYZ	7391.006
Lbody:7391.XYZ	Lbody:7391.004
7397.XYZ	7397.002
7399.XYZ	7399.002
7402.XYZ	7402.004
7402.XYZ	7402.006
7404.XYZ	7404.002
7404.XYZ	7404.004
Lbody:7404.XYZ	Lbody:7404.002
7407.XYZ	7407.002
7411.XYZ	7411.002
7413.XYZ	7413.002
7413.XYZ	7413.004
7414.XYZ	7414.002
7414.XYZ	7414.004
Lbody:7414.XYZ	Lbody:7414.002
7415.XYZ	7415.002
7415.XYZ	7415.004
7419.XYZ	7419.002
7421.XYZ	7421.002
7421.XYZ	7421.004
Lbody:7421.XYZ	Lbody:7421.002
7421.XYZ	7421.006
7431.XYZ	7431.002
7444.XYZ	7444.002
7444.XYZ	7444.004
7460.XYZ	7460.002
7467.XYZ	7467.002
7477.XYZ	7477.002
7478.XYZ	7478.002
7487.XYZ	7487.002
7491.XYZ	7491.002
7493.XYZ	7493.002
7499.XYZ	7499.002
7504.XYZ	7504.002
7507.XYZ	7507.002
7508.XYZ	7508.002
7510.XYZ	7510.002
7511.XYZ	7511.002
7519.XYZ	7519.002
7519.XYZ	7519.004
7519.XYZ	7519.006
7527.XYZ	7527.002
7529.XYZ	7529.002
7534.XYZ	7534.002
7538.XYZ	7538.002
7538.XYZ	7538.004
7538.XYZ	7538.006
7539.XYZ	7539.002
7544.XYZ	7544.002
7544.XYZ	7544.004
7544.XYZ	7544.006
7546.XYZ	7546.002
7550.XYZ	7550.002
7550.XYZ	7550.004
7553.XYZ	7553.002
7553.XYZ	7553.004
Lbody:7553.XYZ	Lbody:7553.002
7562.XYZ	7562.002
7563.XYZ	7563.002
7565.XYZ	7565.002
7574.XYZ	7574.002
7574.XYZ	7574.004
7582.XYZ	7582.002
7589.XYZ	7589.002
7589.XYZ	7589.004
7589.XYZ	7589.006
Lbody:7589.XYZ	Lbody:7589.004
7592.XYZ	7592.002
7592.XYZ	7592.004
7592.XYZ	7592.006
7593.XYZ	7593.002
7597.XYZ	7597.002
7597.XYZ	7597.004
7606.XYZ	7606.002
7606.XYZ	7606.004
Lbody:7606.XYZ	Lbody:7606.002
7610.XYZ	7610.004
7611.XYZ	7611.002
7611.XYZ	7611.004
Lbody:7611.XYZ	Lbody:7611.002
7612.XYZ	7612.002
7615.XYZ	7615.002
7615.XYZ	7615.004
7616.XYZ	7616.002
7631.XYZ	7631.002
7634.XYZ	7634.002
7636.XYZ	7636.002
7644.XYZ	7644.002
7645.XYZ	7645.002
7647.XYZ	7647.002
7649.XYZ	7649.002
7653.XYZ	7653.002
7653.XYZ	7653.004
Lbody:7653.XYZ	Lbody:7653.002
7653.XYZ	7653.006
7665.XYZ	7665.002
7670.XYZ	7670.002
7671.XYZ	7671.002
7671.XYZ	7671.004
7671.XYZ	7671.006
Lbody:7671.XYZ	Lbody:7671.004
7671.XYZ	7671.008
7675.XYZ	7675.002
7679.XYZ	7679.002
7683.XYZ	7683.002
7686.XYZ	7686.002
7688.XYZ	7688.002
7694.XYZ	7694.002
7697.XYZ	7697.002
7697.XYZ	7697.004
7708.XYZ	7708.002
7708.XYZ	7708.004
7722.XYZ	7722.002
7724.XYZ	7724.002
7728.XYZ	7728.002
7729.XYZ	7729.002
7735.XYZ	7735.002
7740.XYZ	7740.002
7742.XYZ	7742.002
7743.XYZ	7743.002
7743.XYZ	7743.004
7744.XYZ	7744.002
7744.XYZ	7744.004
7744.XYZ	7744.006
7745.XYZ	7745.002
7747.XYZ	7747.002
7751.XYZ	7751.002
7758.XYZ	7758.002
7760.XYZ	7760.002
7765.XYZ	7765.002
7769.XYZ	7769.002
7771.XYZ	7771.002
7788.XYZ	7788.002
7790.XYZ	7790.002
7802.XYZ	7802.002
7808.XYZ	7808.002
7812.XYZ	7812.002
7812.XYZ	7812.004
7816.XYZ	7816.002
7821.XYZ	7821.002
7823.XYZ	7823.002
7825.XYZ	7825.004
7826.XYZ	7826.002
7827.XYZ	7827.002
7828.XYZ	7828.002
7839.XYZ	7839.002
7841.XYZ	7841.002
7842.XYZ	7842.002
7842.XYZ	7842.004
7845.XYZ	7845.002
7847.XYZ	7847.002
7852.XYZ	7852.002
7854.XYZ	7854.002
7855.XYZ	7855.002
7855.XYZ	7855.004
7857.XYZ	7857.002
7858.XYZ	7858.002
7858.XYZ	7858.004
7861.XYZ	7861.002
7862.XYZ	7862.002
7863.XYZ	7863.002
7863.XYZ	7863.004
7863.XYZ	7863.006
7863.XYZ	7863.008
7865.XYZ	7865.002
7865.XYZ	7865.004
Lbody:7865.XYZ	Lbody:7865.002
7867.XYZ	7867.002
7870.XYZ	7870.002
7874.XYZ	7874.002
7874.XYZ	7874.004
7879.XYZ	7879.002
7883.XYZ	7883.002
7884.XYZ	7884.002
7884.XYZ	7884.004
7885.XYZ	7885.002
7889.XYZ	7889.004
7889.XYZ	7889.006
Lbody:7889.XYZ	Lbody:7889.004
7894.XYZ	7894.002
7895.XYZ	7895.002
7896.XYZ	7896.002
7896.XYZ	7896.004
7896.XYZ	7896.006
7903.XYZ	7903.002
7911.XYZ	7911.002
7926.XYZ	7926.002
7926.XYZ	7926.004
7937.XYZ	7937.002
7937.XYZ	7937.004
7937.XYZ	7937.006
7938.XYZ	7938.002
7944.XYZ	7944.002
7952.XYZ	7952.002
7954.XYZ	7954.002
7954.XYZ	7954.004
7958.XYZ	7958.002
7967.XYZ	7967.002
7985.XYZ	7985.002
7986.XYZ	7986.002
7987.XYZ	7987.002
7989.XYZ	7989.004
7989.XYZ	7989.006
Lbody:7989.XYZ	Lbody:7989.004
7991.XYZ	7991.002
7998.XYZ	7998.002
8000.XYZ	8000.002
8002.XYZ	8002.002
8012.XYZ	8012.002
8012.XYZ	8012.004
8014.XYZ	8014.002
8014.XYZ	8014.004
Lbody:8014.XYZ	Lbody:8014.002
8030.XYZ	8030.002
8031.XYZ	8031.002
8033.XYZ	8033.002
8036.XYZ	8036.002
8039.XYZ	8039.002
8040.XYZ	8040.002
8042.XYZ	8042.002
8045.XYZ	8045.002
8045.XYZ	8045.004
8045.XYZ	8045.006
8049.XYZ	8049.002
8049.XYZ	8049.004
8050.XYZ	8050.002
8050.XYZ	8050.004
8050.XYZ	8050.006
Lbody:8050.XYZ	Lbody:8050.004
8050.XYZ	8050.008
Lbody:8050.XYZ	Lbody:8050.004
8050.XYZ	8050.010
Lbody:8050.XYZ	Lbody:8050.004
8052.XYZ	8052.002
8061.XYZ	8061.002
8065.XYZ	8065.002
8067.XYZ	8067.002
8069.XYZ	8069.002
8073.XYZ	8073.002
8078.XYZ	8078.002
8080.XYZ	8080.002
8082.XYZ	8082.002
8082.XYZ	8082.004
8092.XYZ	8092.002
8096.XYZ	8096.002
8096.XYZ	8096.004
8096.XYZ	8096.006
8098.XYZ	8098.002
8101.XYZ	8101.006
8106.XYZ	8106.002
8106.XYZ	8106.004
8159.XYZ	8159.002
8176.XYZ	8176.002
8184.XYZ	8184.002
8184.XYZ	8184.004
8187.XYZ	8187.002
8188.XYZ	8188.002
8190.XYZ	8190.002
8191.XYZ	8191.002
8196.XYZ	8196.002
8199.XYZ	8199.002
8199.XYZ	8199.004
8205.XYZ	8205.002
8212.XYZ	8212.002
8216.XYZ	8216.002
8218.XYZ	8218.002
8226.XYZ	8226.004
8230.XYZ	8230.002
8232.XYZ	8232.002
8244.XYZ	8244.002
8259.XYZ	8259.002
8259.XYZ	8259.004
8260.XYZ	8260.002
8260.XYZ	8260.004
8260.XYZ	8260.006
8265.XYZ	8265.002
8271.XYZ	8271.002
8292.XYZ	8292.002
8293.XYZ	8293.002
8297.XYZ	8297.002
8311.XYZ	8311.002
8312.XYZ	8312.004
8316.XYZ	8316.002
8316.XYZ	8316.004
8321.XYZ	8321.002
8321.XYZ	8321.004
Lbody:8321.XYZ	Lbody:8321.002
8322.XYZ	8322.002
8322.XYZ	8322.004
8325.XYZ	8325.002
8326.XYZ	8326.002
8328.XYZ	8328.002
8328.XYZ	8328.004
8337.XYZ	8337.002
8341.XYZ	8341.002
8341.XYZ	8341.004
8344.XYZ	8344.002
8344.XYZ	8344.004
8344.XYZ	8344.006
8344.XYZ	8344.008
Lbody:8344.XYZ	Lbody:8344.006
8344.XYZ	8344.010
8349.XYZ	8349.002
8350.XYZ	8350.002
8350.XYZ	8350.004
8350.XYZ	8350.006
Lbody:8350.XYZ	Lbody:8350.004
8350.XYZ	8350.008
8354.XYZ	8354.004
8356.XYZ	8356.002
8365.XYZ	8365.002
8373.XYZ	8373.002
8373.XYZ	8373.004
8375.XYZ	8375.002
8382.XYZ	8382.002
8385.XYZ	8385.002
8386.XYZ	8386.002
8390.XYZ	8390.002
8390.XYZ	8390.004
8390.XYZ	8390.006
8390.XYZ	8390.008
8396.XYZ	8396.002
8399.XYZ	8399.002
8414.XYZ	8414.002
8421.XYZ	8421.002
8424.XYZ	8424.002
8452.XYZ	8452.002
8457.XYZ	8457.002
8459.XYZ	8459.002
8461.XYZ	8461.002
8464.XYZ	8464.002
8475.XYZ	8475.004
8476.XYZ	8476.002
8485.XYZ	8485.002
8497.XYZ	8497.002
8505.XYZ	8505.002
8507.XYZ	8507.002
8508.XYZ	8508.002
8510.XYZ	8510.002
8510.XYZ	8510.004
8510.XYZ	8510.006
8521.XYZ	8521.002
8527.XYZ	8527.002
8528.XYZ	8528.002
8529.XYZ	8529.002
8534.XYZ	8534.002
8545.XYZ	8545.002
8545.XYZ	8545.004
Lbody:8545.XYZ	Lbody:8545.002
8549.XYZ	8549.002
8558.XYZ	8558.002
8558.XYZ	8558.004
8558.XYZ	8558.006
8561.XYZ	8561.002
8561.XYZ	8561.004
Lbody:8561.XYZ	Lbody:8561.002
8564.XYZ	8564.002
8565.XYZ	8565.002
8567.XYZ	8567.002
8567.XYZ	8567.004
Lbody:8567.XYZ	Lbody:8567.002
8571.XYZ	8571.002
8572.XYZ	8572.002
8591.XYZ	8591.002
8598.XYZ	8598.002
8600.XYZ	8600.002
8605.XYZ	8605.002
8616.XYZ	8616.002
8629.XYZ	8629.002
8634.XYZ	8634.002
8640.XYZ	8640.002
8642.XYZ	8642.002
8643.XYZ	8643.002
8647.XYZ	8647.002
8665.XYZ	8665.002
8670.XYZ	8670.002
8670.XYZ	8670.004
8677.XYZ	8677.002
8677.XYZ	8677.004
8677.XYZ	8677.006
8677.XYZ	8677.008
8687.XYZ	8687.002
8692.XYZ	8692.002
8692.XYZ	8692.004
8697.XYZ	8697.002
8705.XYZ	8705.002
8706.XYZ	8706.002
8708.XYZ	8708.002
8708.XYZ	8708.004
8722.XYZ	8722.002
8724.XYZ	8724.002
8725.XYZ	8725.002
8726.XYZ	8726.002
8729.XYZ	8729.002
8749.XYZ	8749.002
8752.XYZ	8752.002
8756.XYZ	8756.002
8757.XYZ	8757.002
8757.XYZ	8757.004
8758.XYZ	8758.002
8763.XYZ	8763.002
8763.XYZ	8763.004
8764.XYZ	8764.002
8771.XYZ	8771.002
8773.XYZ	8773.002
8779.XYZ	8779.002
8785.XYZ	8785.002
8792.XYZ	8792.002
8795.XYZ	8795.002
8801.XYZ	8801.002
8807.XYZ	8807.002
8810.XYZ	8810.002
8819.XYZ	8819.002
8833.XYZ	8833.002
8856.XYZ	8856.002
8857.XYZ	8857.002
8857.XYZ	8857.004
8865.XYZ	8865.002
8875.XYZ	8875.002
8884.XYZ	8884.004
8890.XYZ	8890.002
8899.XYZ	8899.002
8903.XYZ	8903.002
8915.XYZ	8915.002
8916.XYZ	8916.002
8935.XYZ	8935.002
8935.XYZ	8935.004
8942.XYZ	8942.002
8942.XYZ	8942.004
8944.XYZ	8944.002
8946.XYZ	8946.002
8949.XYZ	8949.004
8949.XYZ	8949.006
Lbody:8949.XYZ	Lbody:8949.004
8951.XYZ	8951.002
8952.XYZ	8952.002
8960.XYZ	8960.002
8961.XYZ	8961.002
8962.XYZ	8962.002
8964.XYZ	8964.002
8971.XYZ	8971.002
8974.XYZ	8974.002
8977.XYZ	8977.002
8983.XYZ	8983.002
8988.XYZ	8988.002
8992.XYZ	8992.002
8994.XYZ	8994.002
9001.XYZ	9001.002
9012.XYZ	9012.002
9029.XYZ	9029.002
9038.XYZ	9038.002
9045.XYZ	9045.002
9052.XYZ	9052.002
9052.XYZ	9052.004
9054.XYZ	9054.002
9056.XYZ	9056.002
9063.XYZ	9063.002
9065.XYZ	9065.002
9069.XYZ	9069.002
9070.XYZ	9070.002
9070.XYZ	9070.004
9073.XYZ	9073.002
9073.XYZ	9073.004
Lbody:9073.XYZ	Lbody:9073.002
9080.XYZ	9080.002
9082.XYZ	9082.002
9084.XYZ	9084.002
9088.XYZ	9088.002
9089.XYZ	9089.002
9095.XYZ	9095.002
9098.XYZ	9098.002
9101.XYZ	9101.002
9112.XYZ	9112.002
9112.XYZ	9112.004
9118.XYZ	9118.002
9124.XYZ	9124.002
9124.XYZ	9124.004
Lbody:9124.XYZ	Lbody:9124.002
9124.XYZ	9124.006
9134.XYZ	9134.002
9137.XYZ	9137.002
9137.XYZ	9137.004
9144.XYZ	9144.002
9157.XYZ	9157.002
9161.XYZ	9161.002
9184.XYZ	9184.002
9192.XYZ	9192.002
9213.XYZ	9213.002
9216.XYZ	9216.002
9216.XYZ	9216.004
9219.XYZ	9219.002
9219.XYZ	9219.004
9222.XYZ	9222.002
9226.XYZ	9226.002
9231.XYZ	9231.002
9232.XYZ	9232.002
9232.XYZ	9232.004
9234.XYZ	9234.002
9243.XYZ	9243.002
9244.XYZ	9244.002
9247.XYZ	9247.002
9247.XYZ	9247.004
9254.XYZ	9254.002
9256.XYZ	9256.002
9257.XYZ	9257.002
9258.XYZ	9258.002
9272.XYZ	9272.002
9272.XYZ	9272.004
9285.XYZ	9285.002
9286.XYZ	9286.002
9292.XYZ	9292.002
9298.XYZ	9298.002
9299.XYZ	9299.002
9303.XYZ	9303.002
9305.XYZ	9305.002
9307.XYZ	9307.002
9310.XYZ	9310.002
9312.XYZ	9312.002
9315.XYZ	9315.002
9317.XYZ	9317.002
9333.XYZ	9333.002
9334.XYZ	9334.002
9334.XYZ	9334.004
9339.XYZ	9339.002
9340.XYZ	9340.002
9345.XYZ	9345.002
9365.XYZ	9365.002
9366.XYZ	9366.002
9366.XYZ	9366.004
Lbody:9366.XYZ	Lbody:9366.002
9381.XYZ	9381.002
9385.XYZ	9385.002
9386.XYZ	9386.004
9392.XYZ	9392.002
9396.XYZ	9396.002
9397.XYZ	9397.002
9398.XYZ	9398.002
9414.XYZ	9414.002
9425.XYZ	9425.002
9425.XYZ	9425.004
9434.XYZ	9434.002
9438.XYZ	9438.002
9445.XYZ	9445.004
9446.XYZ	9446.002
9448.XYZ	9448.002
9450.XYZ	9450.002
9452.XYZ	9452.002
9468.XYZ	9468.002
9480.XYZ	9480.002
9482.XYZ	9482.002
9486.XYZ	9486.002
9486.XYZ	9486.004
9508.XYZ	9508.002
9510.XYZ	9510.002
9522.XYZ	9522.002
9524.XYZ	9524.002
9525.XYZ	9525.004
9527.XYZ	9527.002
9527.XYZ	9527.004
9529.XYZ	9529.004
9538.XYZ	9538.002
9557.XYZ	9557.002
9564.XYZ	9564.002
9574.XYZ	9574.002
9576.XYZ	9576.002
9578.XYZ	9578.002
9585.XYZ	9585.002
9596.XYZ	9596.002
9602.XYZ	9602.002
9602.XYZ	9602.004
9604.XYZ	9604.002
9612.XYZ	9612.002
9614.XYZ	9614.002
9614.XYZ	9614.004
9620.XYZ	9620.002
9673.XYZ	9673.002
9675.XYZ	9675.002
9684.XYZ	9684.002
9697.XYZ	9697.002
9700.XYZ	9700.004
9712.XYZ	9712.002
9728.XYZ	9728.002
9736.XYZ	9736.004
9744.XYZ	9744.006
9765.XYZ	9765.002
9766.XYZ	9766.002
9769.XYZ	9769.002
9771.XYZ	9771.002
9775.XYZ	9775.002
9786.XYZ	9786.002
9789.XYZ	9789.002
9795.XYZ	9795.002
9799.XYZ	9799.002
9805.XYZ	9805.002
9808.XYZ	9808.002
9830.XYZ	9830.002
9832.XYZ	9832.002
9836.XYZ	9836.002
9842.XYZ	9842.002
9886.XYZ	9886.002
9887.XYZ	9887.002
9890.XYZ	9890.002
9892.XYZ	9892.002
9907.XYZ	9907.002
9912.XYZ	9912.004
9940.XYZ	9940.002
9944.XYZ	9944.002
9950.XYZ	9950.002
9950.XYZ	9950.004
9950.XYZ	9950.006
9969.XYZ	9969.002
10001.XYZ	10001.002
10017.XYZ	10017.002
10026.XYZ	10026.002
10028.XYZ	10028.002
10035.XYZ	10035.002
10035.XYZ	10035.004
10041.XYZ	10041.002
10041.XYZ	10041.004
10056.XYZ	10056.002
10068.XYZ	10068.002
10068.XYZ	10068.004
10068.XYZ	10068.006
Lbody:10068.XYZ	Lbody:10068.004
10073.XYZ	10073.002
10076.XYZ	10076.002
10076.XYZ	10076.004
10078.XYZ	10078.002
10099.XYZ	10099.002
10101.XYZ	10101.002
10101.XYZ	10101.004
10115.XYZ	10115.002
10122.XYZ	10122.002
10122.XYZ	10122.004
10123.XYZ	10123.002
10127.XYZ	10127.002
10127.XYZ	10127.004
10140.XYZ	10140.002
10142.XYZ	10142.002
10149.XYZ	10149.002
10152.XYZ	10152.002
10156.XYZ	10156.002
10157.XYZ	10157.002
10157.XYZ	10157.004
10163.XYZ	10163.002
10164.XYZ	10164.002
10166.XYZ	10166.002
10166.XYZ	10166.004
10170.XYZ	10170.002
10194.XYZ	10194.002
10208.XYZ	10208.002
10208.XYZ	10208.004
Lbody:10208.XYZ	Lbody:10208.002
10226.XYZ	10226.002
10239.XYZ	10239.002
10240.XYZ	10240.002
10240.XYZ	10240.004
10240.XYZ	10240.006
10240.XYZ	10240.008
Lbody:10240.XYZ	Lbody:10240.006
10240.XYZ	10240.010
Lbody:10240.XYZ	Lbody:10240.006
10270.XYZ	10270.002
10271.XYZ	10271.002
10271.XYZ	10271.004
10273.XYZ	10273.002
10286.XYZ	10286.002
10327.XYZ	10327.002
10333.XYZ	10333.002
10333.XYZ	10333.004
10333.XYZ	10333.006
10334.XYZ	10334.002
10347.XYZ	10347.004
10347.XYZ	10347.006
10365.XYZ	10365.002
10365.XYZ	10365.004
10368.XYZ	10368.002
10372.XYZ	10372.002
10388.XYZ	10388.002
10402.XYZ	10402.010
10405.XYZ	10405.002
10406.XYZ	10406.002
10408.XYZ	10408.002
10409.XYZ	10409.002
10409.XYZ	10409.004
Lbody:10409.XYZ	Lbody:10409.002
10409.XYZ	10409.006
10409.XYZ	10409.008
10410.XYZ	10410.002
10419.XYZ	10419.002
10426.XYZ	10426.002
10433.XYZ	10433.002
10433.XYZ	10433.004
10435.XYZ	10435.002
10436.XYZ	10436.002
10436.XYZ	10436.004
10458.XYZ	10458.002
10468.XYZ	10468.002
10468.XYZ	10468.004
10474.XYZ	10474.002
10475.XYZ	10475.002
10479.XYZ	10479.002
10482.XYZ	10482.002
10483.XYZ	10483.002
10483.XYZ	10483.004
10490.XYZ	10490.002
10491.XYZ	10491.002
10492.XYZ	10492.002
10499.XYZ	10499.002
10501.XYZ	10501.002
10501.XYZ	10501.004
Lbody:10501.XYZ	Lbody:10501.002
10502.XYZ	10502.002
10502.XYZ	10502.004
Lbody:10502.XYZ	Lbody:10502.002
10506.XYZ	10506.002
10513.XYZ	10513.002
10517.XYZ	10517.002
10519.XYZ	10519.002
10525.XYZ	10525.002
10525.XYZ	10525.004
Lbody:10525.XYZ	Lbody:10525.002
10525.XYZ	10525.006
10525.XYZ	10525.008
10525.XYZ	10525.010
10527.XYZ	10527.002
10528.XYZ	10528.002
10528.XYZ	10528.004
Lbody:10528.XYZ	Lbody:10528.002
10539.XYZ	10539.002
10546.XYZ	10546.002
10546.XYZ	10546.004
10548.XYZ	10548.002
10561.XYZ	10561.002
10563.XYZ	10563.002
10568.XYZ	10568.002
10568.XYZ	10568.004
10568.XYZ	10568.006
10569.XYZ	10569.002
10583.XYZ	10583.002
10591.XYZ	10591.002
10591.XYZ	10591.004
10599.XYZ	10599.002
10608.XYZ	10608.002
10608.XYZ	10608.004
10610.XYZ	10610.002
10610.XYZ	10610.004
10619.XYZ	10619.002
10622.XYZ	10622.002
10624.XYZ	10624.002
10632.XYZ	10632.002
10632.XYZ	10632.004
10634.XYZ	10634.002
10637.XYZ	10637.002
10646.XYZ	10646.002
10646.XYZ	10646.004
10666.XYZ	10666.002
10667.XYZ	10667.002
10671.XYZ	10671.002
10671.XYZ	10671.004
10673.XYZ	10673.002
10674.XYZ	10674.002
10689.XYZ	10689.002
10698.XYZ	10698.002
10699.XYZ	10699.002
10701.XYZ	10701.002
10713.XYZ	10713.002
10716.XYZ	10716.002
10718.XYZ	10718.002
10718.XYZ	10718.004
10719.XYZ	10719.002
10719.XYZ	10719.004
10719.XYZ	10719.006
10719.XYZ	10719.008
10726.XYZ	10726.002
10741.XYZ	10741.002
10758.XYZ	10758.002
10764.XYZ	10764.002
10766.XYZ	10766.002
10768.XYZ	10768.002
10768.XYZ	10768.004
Lbody:10768.XYZ	Lbody:10768.002
10769.XYZ	10769.002
10771.XYZ	10771.002
10772.XYZ	10772.002
10777.XYZ	10777.002
10777.XYZ	10777.004
10779.XYZ	10779.002
10779.XYZ	10779.004
Lbody:10779.XYZ	Lbody:10779.002
10782.XYZ	10782.002
10788.XYZ	10788.002
10788.XYZ	10788.004
10788.XYZ	10788.006
10790.XYZ	10790.002
10790.XYZ	10790.004
10790.XYZ	10790.006
10791.XYZ	10791.002
10797.XYZ	10797.004
10799.XYZ	10799.002
10800.XYZ	10800.002
10802.XYZ	10802.002
10806.XYZ	10806.002
10806.XYZ	10806.004
10810.XYZ	10810.002
10817.XYZ	10817.002
10818.XYZ	10818.002
10819.XYZ	10819.002
10819.XYZ	10819.004
10829.XYZ	10829.002
10834.XYZ	10834.002
10837.XYZ	10837.002
10844.XYZ	10844.002
10855.XYZ	10855.004
10855.XYZ	10855.006
10857.XYZ	10857.002
10861.XYZ	10861.004
10869.XYZ	10869.002
10875.XYZ	10875.002
10878.XYZ	10878.002
10880.XYZ	10880.002
10884.XYZ	10884.002
10885.XYZ	10885.002
10903.XYZ	10903.002
10904.XYZ	10904.002
10907.XYZ	10907.002
10907.XYZ	10907.004
10909.XYZ	10909.002
10925.XYZ	10925.002
10927.XYZ	10927.002
10935.XYZ	10935.002
10942.XYZ	10942.002
10943.XYZ	10943.004
10949.XYZ	10949.002
10949.XYZ	10949.004
10949.XYZ	10949.006
10956.XYZ	10956.002
10958.XYZ	10958.002
10959.XYZ	10959.002
10962.XYZ	10962.002
10972.XYZ	10972.002
10979.XYZ	10979.002
10980.XYZ	10980.002
10984.XYZ	10984.002
10987.XYZ	10987.002
10992.XYZ	10992.002
10998.XYZ	10998.004
10998.XYZ	10998.006
Lbody:10998.XYZ	Lbody:10998.004
11001.XYZ	11001.002
11003.XYZ	11003.004
11010.XYZ	11010.002
11019.XYZ	11019.002
11025.XYZ	11025.002
11030.XYZ	11030.002
11036.XYZ	11036.002
11037.XYZ	11037.002
11039.XYZ	11039.002
11040.XYZ	11040.002
11040.XYZ	11040.004
Lbody:11040.XYZ	Lbody:11040.002
11047.XYZ	11047.004
11049.XYZ	11049.002
11049.XYZ	11049.004
11058.XYZ	11058.004
11058.XYZ	11058.006
11058.XYZ	11058.008
11060.XYZ	11060.002
11064.XYZ	11064.002
11065.XYZ	11065.004
11065.XYZ	11065.006
11069.XYZ	11069.002
11072.XYZ	11072.002
11073.XYZ	11073.002
11075.XYZ	11075.002
11080.XYZ	11080.002
11086.XYZ	11086.004
11086.XYZ	11086.006
11090.XYZ	11090.002
11102.XYZ	11102.002
11107.XYZ	11107.002
11107.XYZ	11107.004
11107.XYZ	11107.006
11108.XYZ	11108.002
11113.XYZ	11113.004
11113.XYZ	11113.006
Lbody:11113.XYZ	Lbody:11113.004
11117.XYZ	11117.002
11117.XYZ	11117.004
11121.XYZ	11121.002
11121.XYZ	11121.004
11126.XYZ	11126.002
11129.XYZ	11129.004
11129.XYZ	11129.006
11131.XYZ	11131.008
11132.XYZ	11132.002
11135.XYZ	11135.004
11149.XYZ	11149.002
11153.XYZ	11153.002
11158.XYZ	11158.002
11166.XYZ	11166.002
11172.XYZ	11172.002
11172.XYZ	11172.004
11188.XYZ	11188.002
11197.XYZ	11197.002
11197.XYZ	11197.004
11198.XYZ	11198.002
11205.XYZ	11205.002
11219.XYZ	11219.004
11225.XYZ	11225.004
11227.XYZ	11227.002
11227.XYZ	11227.004
11227.XYZ	11227.006
11228.XYZ	11228.002
11228.XYZ	11228.004
11228.XYZ	11228.006
11228.XYZ	11228.008
11235.XYZ	11235.002
11241.XYZ	11241.002
11243.XYZ	11243.002
11243.XYZ	11243.004
11251.XYZ	11251.002
11251.XYZ	11251.004
11251.XYZ	11251.006
11251.XYZ	11251.008
11257.XYZ	11257.002
11268.XYZ	11268.004
11274.XYZ	11274.002
11281.XYZ	11281.002
11281.XYZ	11281.004
11283.XYZ	11283.004
11293.XYZ	11293.004
11293.XYZ	11293.006
Lbody:11293.XYZ	Lbody:11293.004
11296.XYZ	11296.004
11296.XYZ	11296.006
11296.XYZ	11296.008
11297.XYZ	11297.002
11318.XYZ	11318.002
11319.XYZ	11319.002
11319.XYZ	11319.004
Lbody:11319.XYZ	Lbody:11319.002
11321.XYZ	11321.002
11328.XYZ	11328.002
11332.XYZ	11332.004
11332.XYZ	11332.006
11332.XYZ	11332.008
11337.XYZ	11337.002
11339.XYZ	11339.002
11342.XYZ	11342.002
11342.XYZ	11342.004
11345.XYZ	11345.004
11345.XYZ	11345.006
Lbody:11345.XYZ	Lbody:11345.004
11360.XYZ	11360.002
11360.XYZ	11360.004
Lbody:11360.XYZ	Lbody:11360.002
11361.XYZ	11361.002
11365.XYZ	11365.002
11367.XYZ	11367.002
11375.XYZ	11375.002
11375.XYZ	11375.004
11383.XYZ	11383.002
11386.XYZ	11386.004
11386.XYZ	11386.006
11386.XYZ	11386.008
11388.XYZ	11388.002
11388.XYZ	11388.004
Lbody:11388.XYZ	Lbody:11388.002
11388.XYZ	11388.006
11389.XYZ	11389.004
11389.XYZ	11389.006
11394.XYZ	11394.002
11394.XYZ	11394.004
11394.XYZ	11394.006
Lbody:11394.XYZ	Lbody:11394.004
11399.XYZ	11399.002
11409.XYZ	11409.002
11409.XYZ	11409.004
11410.XYZ	11410.002
11410.XYZ	11410.004
11413.XYZ	11413.002
11414.XYZ	11414.002
11414.XYZ	11414.004
11414.XYZ	11414.006
11416.XYZ	11416.002
11421.XYZ	11421.002
11424.XYZ	11424.004
11428.XYZ	11428.004
11428.XYZ	11428.006
11428.XYZ	11428.008
Lbody:11428.XYZ	Lbody:11428.006
11428.XYZ	11428.010
11431.XYZ	11431.004
11431.XYZ	11431.006
11436.XYZ	11436.004
11437.XYZ	11437.004
11440.XYZ	11440.002
11448.XYZ	11448.002
11448.XYZ	11448.004
11452.XYZ	11452.002
11456.XYZ	11456.004
11459.XYZ	11459.002
11459.XYZ	11459.004
Lbody:11459.XYZ	Lbody:11459.002
11466.XYZ	11466.004
11466.XYZ	11466.006
11469.XYZ	11469.002
11470.XYZ	11470.002
11472.XYZ	11472.002
11473.XYZ	11473.002
11473.XYZ	11473.004
11474.XYZ	11474.002
11474.XYZ	11474.004
11474.XYZ	11474.006
11474.XYZ	11474.008
Lbody:11474.XYZ	Lbody:11474.006
11474.XYZ	11474.010
Lbody:11474.XYZ	Lbody:11474.006
11482.XYZ	11482.002
11485.XYZ	11485.002
11493.XYZ	11493.004
11495.XYZ	11495.004
11498.XYZ	11498.002
11502.XYZ	11502.002
11508.XYZ	11508.002
11510.XYZ	11510.002
11510.XYZ	11510.004
11510.XYZ	11510.006
11516.XYZ	11516.002
11517.XYZ	11517.002
11517.XYZ	11517.004
11520.XYZ	11520.002
11523.XYZ	11523.002
11524.XYZ	11524.002
11529.XYZ	11529.002
11529.XYZ	11529.004
Lbody:11529.XYZ	Lbody:11529.002
11529.XYZ	11529.006
11537.XYZ	11537.002
11538.XYZ	11538.004
11538.XYZ	11538.006
11538.XYZ	11538.008
Lbody:11538.XYZ	Lbody:11538.006
11538.XYZ	11538.010
Lbody:11538.XYZ	Lbody:11538.006
11542.XYZ	11542.002
11542.XYZ	11542.004
11542.XYZ	11542.006
11546.XYZ	11546.002
11546.XYZ	11546.004
11546.XYZ	11546.006
11546.XYZ	11546.008
11552.XYZ	11552.002
11560.XYZ	11560.004
11560.XYZ	11560.006
11562.XYZ	11562.002
11565.XYZ	11565.002
11565.XYZ	11565.004
11565.XYZ	11565.006
11565.XYZ	11565.008
11566.XYZ	11566.002
11572.XYZ	11572.002
11572.XYZ	11572.004
Lbody:11572.XYZ	Lbody:11572.002
11579.XYZ	11579.002
11579.XYZ	11579.004
11585.XYZ	11585.002
11585.XYZ	11585.004
Lbody:11585.XYZ	Lbody:11585.002
11586.XYZ	11586.002
11591.XYZ	11591.002
11591.XYZ	11591.004
11592.XYZ	11592.002
11593.XYZ	11593.002
11593.XYZ	11593.004
11598.XYZ	11598.002
11604.XYZ	11604.002
11611.XYZ	11611.002
11615.XYZ	11615.002
11620.XYZ	11620.002
11620.XYZ	11620.004
11625.XYZ	11625.004
11626.XYZ	11626.002
11632.XYZ	11632.002
11634.XYZ	11634.002
11640.XYZ	11640.002
11645.XYZ	11645.002
11647.XYZ	11647.002
11649.XYZ	11649.002
11655.XYZ	11655.002
11664.XYZ	11664.004
11664.XYZ	11664.006
11664.XYZ	11664.008
11664.XYZ	11664.010
11666.XYZ	11666.004
11666.XYZ	11666.006
11666.XYZ	11666.008
11668.XYZ	11668.002
11669.XYZ	11669.002
11669.XYZ	11669.004
11678.XYZ	11678.002
11681.XYZ	11681.004
11681.XYZ	11681.006
11681.XYZ	11681.008
11682.XYZ	11682.002
11683.XYZ	11683.002
11683.XYZ	11683.004
Lbody:11683.XYZ	Lbody:11683.002
11684.XYZ	11684.002
11685.XYZ	11685.002
11688.XYZ	11688.002
11693.XYZ	11693.002
11693.XYZ	11693.004
11696.XYZ	11696.002
11696.XYZ	11696.004
11696.XYZ	11696.006
11702.XYZ	11702.002
11728.XYZ	11728.002
11729.XYZ	11729.002
11742.XYZ	11742.002
11742.XYZ	11742.004
11742.XYZ	11742.006
11742.XYZ	11742.008
11743.XYZ	11743.002
11746.XYZ	11746.002
11747.XYZ	11747.002
11748.XYZ	11748.002
11748.XYZ	11748.004
11752.XYZ	11752.002
11752.XYZ	11752.004
Lbody:11752.XYZ	Lbody:11752.002
11756.XYZ	11756.002
11756.XYZ	11756.004
11756.XYZ	11756.006
Lbody:11756.XYZ	Lbody:11756.004
11758.XYZ	11758.002
11762.XYZ	11762.002
11766.XYZ	11766.002
11766.XYZ	11766.004
Lbody:11766.XYZ	Lbody:11766.002
11766.XYZ	11766.006
11767.XYZ	11767.002
11767.XYZ	11767.004
11767.XYZ	11767.006
11769.XYZ	11769.002
11769.XYZ	11769.004
11771.XYZ	11771.002
11771.XYZ	11771.004
11771.XYZ	11771.006
11772.XYZ	11772.002
11777.XYZ	11777.002
11782.XYZ	11782.002
11789.XYZ	11789.004
11789.XYZ	11789.006
Lbody:11789.XYZ	Lbody:11789.004
11789.XYZ	11789.008
11789.XYZ	11789.010
11789.XYZ	11789.012
Lbody:11789.XYZ	Lbody:11789.010
11796.XYZ	11796.004
11801.XYZ	11801.002
11808.XYZ	11808.002
11810.XYZ	11810.002
11811.XYZ	11811.002
11814.XYZ	11814.002
11815.XYZ	11815.004
11816.XYZ	11816.006
11817.XYZ	11817.002
11819.XYZ	11819.002
11821.XYZ	11821.002
11822.XYZ	11822.002
11829.XYZ	11829.002
11829.XYZ	11829.004
Lbody:11829.XYZ	Lbody:11829.002
11829.XYZ	11829.006
11836.XYZ	11836.002
11836.XYZ	11836.004
11858.XYZ	11858.002
11858.XYZ	11858.004
11858.XYZ	11858.006
Lbody:11858.XYZ	Lbody:11858.004
11859.XYZ	11859.002
11860.XYZ	11860.002
11860.XYZ	11860.004
11860.XYZ	11860.006
11860.XYZ	11860.008
11863.XYZ	11863.004
11864.XYZ	11864.004
11865.XYZ	11865.002
11878.XYZ	11878.002
11879.XYZ	11879.002
11885.XYZ	11885.002
11885.XYZ	11885.004
Lbody:11885.XYZ	Lbody:11885.002
11888.XYZ	11888.002
11902.XYZ	11902.002
11902.XYZ	11902.004
11902.XYZ	11902.006
11903.XYZ	11903.002
11906.XYZ	11906.002
11915.XYZ	11915.002
11919.XYZ	11919.004
11928.XYZ	11928.002
11931.XYZ	11931.002
11935.XYZ	11935.002
11938.XYZ	11938.002
11942.XYZ	11942.002
11945.XYZ	11945.002
11950.XYZ	11950.002
11957.XYZ	11957.002
11957.XYZ	11957.004
11959.XYZ	11959.004
11959.XYZ	11959.006
11959.XYZ	11959.008
11969.XYZ	11969.004
11971.XYZ	11971.002
11972.XYZ	11972.004
11972.XYZ	11972.006
Lbody:11972.XYZ	Lbody:11972.004
11972.XYZ	11972.008
11972.XYZ	11972.010
11976.XYZ	11976.002
11981.XYZ	11981.002
11982.XYZ	11982.002
11982.XYZ	11982.004
11989.XYZ	11989.002
11989.XYZ	11989.004
11991.XYZ	11991.002
11991.XYZ	11991.004
11996.XYZ	11996.002
12001.XYZ	12001.002
12002.XYZ	12002.002
12003.XYZ	12003.002
12004.XYZ	12004.002
12004.XYZ	12004.004
12004.XYZ	12004.006
12005.XYZ	12005.002
12005.XYZ	12005.004
12024.XYZ	12024.004
12024.XYZ	12024.006
12025.XYZ	12025.008
12030.XYZ	12030.002
12031.XYZ	12031.002
12035.XYZ	12035.002
12043.XYZ	12043.002
12043.XYZ	12043.004
12061.XYZ	12061.002
12066.XYZ	12066.002
12074.XYZ	12074.002
12074.XYZ	12074.004
12080.XYZ	12080.002
12080.XYZ	12080.004
12090.XYZ	12090.002
12090.XYZ	12090.004
Lbody:12090.XYZ	Lbody:12090.002
12090.XYZ	12090.006
12094.XYZ	12094.002
12094.XYZ	12094.004
Lbody:12094.XYZ	Lbody:12094.002
12096.XYZ	12096.002
12102.XYZ	12102.002
12103.XYZ	12103.002
12111.XYZ	12111.006
12113.XYZ	12113.002
12117.XYZ	12117.002
12119.XYZ	12119.002
12123.XYZ	12123.002
12123.XYZ	12123.004
12123.XYZ	12123.006
12123.XYZ	12123.008
12124.XYZ	12124.002
12124.XYZ	12124.004
12124.XYZ	12124.006
12128.XYZ	12128.002
12128.XYZ	12128.004
12128.XYZ	12128.006
12132.XYZ	12132.002
12137.XYZ	12137.002
12137.XYZ	12137.004
12137.XYZ	12137.006
12139.XYZ	12139.002
12139.XYZ	12139.004
12141.XYZ	12141.002
12142.XYZ	12142.002
12149.XYZ	12149.002
12149.XYZ	12149.004
12150.XYZ	12150.002
12150.XYZ	12150.004
12156.XYZ	12156.002
12156.XYZ	12156.004
12158.XYZ	12158.002
12159.XYZ	12159.002
12163.XYZ	12163.002
12163.XYZ	12163.004
12163.XYZ	12163.006
12163.XYZ	12163.008
12165.XYZ	12165.006
12165.XYZ	12165.008
12170.XYZ	12170.004
12177.XYZ	12177.002
12177.XYZ	12177.004
12177.XYZ	12177.006
12182.XYZ	12182.002
12182.XYZ	12182.004
12188.XYZ	12188.002
12206.XYZ	12206.002
12206.XYZ	12206.004
12206.XYZ	12206.006
12206.XYZ	12206.008
12206.XYZ	12206.010
12206.XYZ	12206.012
12206.XYZ	12206.014
Lbody:12206.XYZ	Lbody:12206.012
12206.XYZ	12206.016
Lbody:12206.XYZ	Lbody:12206.012
12211.XYZ	12211.002
12218.XYZ	12218.002
12218.XYZ	12218.004
12233.XYZ	12233.002
12233.XYZ	12233.004
Lbody:12233.XYZ	Lbody:12233.002
12250.XYZ	12250.002
12260.XYZ	12260.002
12266.XYZ	12266.004
12272.XYZ	12272.002
12272.XYZ	12272.004
12277.XYZ	12277.002
12280.XYZ	12280.002
12281.XYZ	12281.004
12281.XYZ	12281.006
Lbody:12281.XYZ	Lbody:12281.004
12282.XYZ	12282.002
12284.XYZ	12284.002
12284.XYZ	12284.004
12285.XYZ	12285.002
12288.XYZ	12288.002
12290.XYZ	12290.002
12291.XYZ	12291.002
12297.XYZ	12297.002
12298.XYZ	12298.002
12298.XYZ	12298.004
12304.XYZ	12304.002
12311.XYZ	12311.002
12313.XYZ	12313.002
12314.XYZ	12314.002
12316.XYZ	12316.002
12330.XYZ	12330.004
12331.XYZ	12331.002
12335.XYZ	12335.002
12343.XYZ	12343.002
12347.XYZ	12347.002
12354.XYZ	12354.002
12357.XYZ	12357.002
12357.XYZ	12357.004
Lbody:12357.XYZ	Lbody:12357.002
12361.XYZ	12361.004
12362.XYZ	12362.002
12365.XYZ	12365.002
12372.XYZ	12372.002
12372.XYZ	12372.004
12376.XYZ	12376.006
12380.XYZ	12380.004
12380.XYZ	12380.006
Lbody:12380.XYZ	Lbody:12380.004
12381.XYZ	12381.004
12384.XYZ	12384.002
12389.XYZ	12389.002
12391.XYZ	12391.002
12392.XYZ	12392.002
12392.XYZ	12392.004
Lbody:12392.XYZ	Lbody:12392.002
12402.XYZ	12402.004
12419.XYZ	12419.004
12419.XYZ	12419.006
12421.XYZ	12421.002
12424.XYZ	12424.002
12424.XYZ	12424.004
Lbody:12424.XYZ	Lbody:12424.002
12424.XYZ	12424.006
12424.XYZ	12424.008
12434.XYZ	12434.006
12434.XYZ	12434.008
12439.XYZ	12439.002
12446.XYZ	12446.004
12447.XYZ	12447.002
12453.XYZ	12453.004
12454.XYZ	12454.002
12461.XYZ	12461.004
12462.XYZ	12462.002
12469.XYZ	12469.006
12477.XYZ	12477.002
12484.XYZ	12484.004
12484.XYZ	12484.006
12492.XYZ	12492.002
12492.XYZ	12492.004
12493.XYZ	12493.002
12506.XYZ	12506.002
12506.XYZ	12506.004
12514.XYZ	12514.002
12522.XYZ	12522.004
12522.XYZ	12522.006
12522.XYZ	12522.008
12523.XYZ	12523.002
12525.XYZ	12525.002
12529.XYZ	12529.002
12530.XYZ	12530.002
12530.XYZ	12530.004
12537.XYZ	12537.002
12553.XYZ	12553.008
12553.XYZ	12553.010
Lbody:12553.XYZ	Lbody:12553.008
12557.XYZ	12557.002
12560.XYZ	12560.002
12567.XYZ	12567.006
12576.XYZ	12576.002
12576.XYZ	12576.004
12577.XYZ	12577.002
12577.XYZ	12577.004
12583.XYZ	12583.002
12586.XYZ	12586.002
12586.XYZ	12586.004
12587.XYZ	12587.002
12587.XYZ	12587.004
12587.XYZ	12587.006
12589.XYZ	12589.002
12590.XYZ	12590.002
12598.XYZ	12598.002
12609.XYZ	12609.002
12616.XYZ	12616.004
12618.XYZ	12618.004
12638.XYZ	12638.002
12638.XYZ	12638.004
12638.XYZ	12638.006
12638.XYZ	12638.008
12642.XYZ	12642.002
12643.XYZ	12643.002
12643.XYZ	12643.004
12648.XYZ	12648.002
12650.XYZ	12650.002
12656.XYZ	12656.002
12658.XYZ	12658.002
12660.XYZ	12660.004
12664.XYZ	12664.002
12669.XYZ	12669.004
12669.XYZ	12669.006
12673.XYZ	12673.002
12680.XYZ	12680.004
12680.XYZ	12680.006
12690.XYZ	12690.002
12690.XYZ	12690.004
Lbody:12690.XYZ	Lbody:12690.002
12691.XYZ	12691.002
12691.XYZ	12691.004
12691.XYZ	12691.006
12693.XYZ	12693.002
12708.XYZ	12708.002
12708.XYZ	12708.004
Lbody:12708.XYZ	Lbody:12708.002
12708.XYZ	12708.006
12709.XYZ	12709.002
12709.XYZ	12709.004
12721.XYZ	12721.002
12722.XYZ	12722.002
12726.XYZ	12726.004
12726.XYZ	12726.006
Lbody:12726.XYZ	Lbody:12726.004
12726.XYZ	12726.008
12726.XYZ	12726.010
12730.XYZ	12730.004
12735.XYZ	12735.002
12739.XYZ	12739.002
12744.XYZ	12744.004
12748.XYZ	12748.002
12748.XYZ	12748.004
12754.XYZ	12754.002
12759.XYZ	12759.002
12760.XYZ	12760.002
12760.XYZ	12760.004
12766.XYZ	12766.002
12767.XYZ	12767.002
12767.XYZ	12767.004
12767.XYZ	12767.006
12779.XYZ	12779.002
12779.XYZ	12779.004
Lbody:12779.XYZ	Lbody:12779.002
12779.XYZ	12779.006
12779.XYZ	12779.008
12779.XYZ	12779.010
12790.XYZ	12790.002
12790.XYZ	12790.004
12795.XYZ	12795.002
12796.XYZ	12796.002
12797.XYZ	12797.002
12801.XYZ	12801.002
12801.XYZ	12801.004
12806.XYZ	12806.002
12812.XYZ	12812.002
12827.XYZ	12827.002
12827.XYZ	12827.004
12834.XYZ	12834.002
12834.XYZ	12834.004
12834.XYZ	12834.006
12834.XYZ	12834.008
12836.XYZ	12836.002
12850.XYZ	12850.002
12851.XYZ	12851.002
12856.XYZ	12856.002
12857.XYZ	12857.002
12857.XYZ	12857.004
12874.XYZ	12874.004
12876.XYZ	12876.002
12882.XYZ	12882.002
12888.XYZ	12888.002
12888.XYZ	12888.004
Lbody:12888.XYZ	Lbody:12888.002
12888.XYZ	12888.006
12888.XYZ	12888.008
12892.XYZ	12892.002
12895.XYZ	12895.002
12900.XYZ	12900.002
12900.XYZ	12900.004
12901.XYZ	12901.006
12905.XYZ	12905.004
12910.XYZ	12910.002
12914.XYZ	12914.002
12914.XYZ	12914.004
Lbody:12914.XYZ	Lbody:12914.002
12917.XYZ	12917.002
12919.XYZ	12919.002
12919.XYZ	12919.004
12919.XYZ	12919.006
Lbody:12919.XYZ	Lbody:12919.004
12919.XYZ	12919.008
Lbody:12919.XYZ	Lbody:12919.004
12919.XYZ	12919.010
Lbody:12919.XYZ	Lbody:12919.004
12919.XYZ	12919.012
Lbody:12919.XYZ	Lbody:12919.004
12925.XYZ	12925.002
12925.XYZ	12925.004
12929.XYZ	12929.002
12929.XYZ	12929.004
12938.XYZ	12938.002
12938.XYZ	12938.004
12938.XYZ	12938.006
12945.XYZ	12945.002
12950.XYZ	12950.004
12953.XYZ	12953.002
12956.XYZ	12956.002
12975.XYZ	12975.002
12976.XYZ	12976.004
12983.XYZ	12983.002
12983.XYZ	12983.004
12993.XYZ	12993.002
13002.XYZ	13002.008
13010.XYZ	13010.002
13010.XYZ	13010.004
13011.XYZ	13011.002
13015.XYZ	13015.002
13018.XYZ	13018.002
13019.XYZ	13019.002
13029.XYZ	13029.002
13030.XYZ	13030.002
13037.XYZ	13037.002
13037.XYZ	13037.004
13040.XYZ	13040.002
13041.XYZ	13041.002
13049.XYZ	13049.002
13052.XYZ	13052.002
13059.XYZ	13059.002
13064.XYZ	13064.002
13064.XYZ	13064.004
13071.XYZ	13071.002
13075.XYZ	13075.002
13076.XYZ	13076.002
13076.XYZ	13076.004
13077.XYZ	13077.002
13079.XYZ	13079.002
13081.XYZ	13081.002
13082.XYZ	13082.002
13083.XYZ	13083.002
13084.XYZ	13084.002
13084.XYZ	13084.004
13088.XYZ	13088.002
13089.XYZ	13089.002
13091.XYZ	13091.004
13092.XYZ	13092.002
13100.XYZ	13100.008
13100.XYZ	13100.010
13100.XYZ	13100.012
13100.XYZ	13100.014
13104.XYZ	13104.004
13106.XYZ	13106.002
13106.XYZ	13106.004
13109.XYZ	13109.002
13110.XYZ	13110.002
13117.XYZ	13117.002
13127.XYZ	13127.002
13129.XYZ	13129.002
13134.XYZ	13134.002
13135.XYZ	13135.002
13142.XYZ	13142.002
13142.XYZ	13142.004
13158.XYZ	13158.002
13166.XYZ	13166.002
13166.XYZ	13166.004
13167.XYZ	13167.002
13172.XYZ	13172.002
13175.XYZ	13175.008
13188.XYZ	13188.002
13190.XYZ	13190.002
13191.XYZ	13191.002
13191.XYZ	13191.004
13191.XYZ	13191.006
13192.XYZ	13192.002
13200.XYZ	13200.002
13202.XYZ	13202.002
13203.XYZ	13203.002
13203.XYZ	13203.004
Lbody:13203.XYZ	Lbody:13203.002
13203.XYZ	13203.006
13203.XYZ	13203.008
13205.XYZ	13205.002
13205.XYZ	13205.004
Lbody:13205.XYZ	Lbody:13205.002
13205.XYZ	13205.006
13227.XYZ	13227.002
13229.XYZ	13229.002
13229.XYZ	13229.004
13236.XYZ	13236.004
13246.XYZ	13246.004
13246.XYZ	13246.006
Lbody:13246.XYZ	Lbody:13246.004
13257.XYZ	13257.008
13263.XYZ	13263.002
13270.XYZ	13270.004
13273.XYZ	13273.002
13274.XYZ	13274.002
13277.XYZ	13277.002
13280.XYZ	13280.004
13282.XYZ	13282.002
13294.XYZ	13294.002
13303.XYZ	13303.002
13311.XYZ	13311.002
13311.XYZ	13311.004
13311.XYZ	13311.006
13313.XYZ	13313.002
13318.XYZ	13318.002
13318.XYZ	13318.004
13322.XYZ	13322.002
13322.XYZ	13322.004
13324.XYZ	13324.004
13335.XYZ	13335.002
13338.XYZ	13338.002
13338.XYZ	13338.004
13338.XYZ	13338.006
13344.XYZ	13344.002
13345.XYZ	13345.002
13345.XYZ	13345.004
13352.XYZ	13352.002
13362.XYZ	13362.002
13362.XYZ	13362.004
13365.XYZ	13365.004
13367.XYZ	13367.002
13369.XYZ	13369.002
13369.XYZ	13369.004
13372.XYZ	13372.002
13372.XYZ	13372.004
13374.XYZ	13374.002
13375.XYZ	13375.002
13375.XYZ	13375.004
Lbody:13375.XYZ	Lbody:13375.002
13377.XYZ	13377.002
13388.XYZ	13388.004
13388.XYZ	13388.006
13388.XYZ	13388.008
Lbody:13388.XYZ	Lbody:13388.006
13388.XYZ	13388.010
13401.XYZ	13401.002
13403.XYZ	13403.008
13412.XYZ	13412.002
13412.XYZ	13412.004
13412.XYZ	13412.006
13420.XYZ	13420.002
13422.XYZ	13422.002
13434.XYZ	13434.002
13436.XYZ	13436.002
13445.XYZ	13445.002
13447.XYZ	13447.002
13449.XYZ	13449.002
13449.XYZ	13449.004
13453.XYZ	13453.002
13453.XYZ	13453.004
Lbody:13453.XYZ	Lbody:13453.002
13453.XYZ	13453.006
13453.XYZ	13453.008
Lbody:13453.XYZ	Lbody:13453.006
13453.XYZ	13453.010
13453.XYZ	13453.012
13455.XYZ	13455.002
13466.XYZ	13466.004
13468.XYZ	13468.002
13471.XYZ	13471.002
13471.XYZ	13471.004
Lbody:13471.XYZ	Lbody:13471.002
13471.XYZ	13471.006
13471.XYZ	13471.008
13472.XYZ	13472.002
13484.XYZ	13484.002
13484.XYZ	13484.004
13489.XYZ	13489.002
13489.XYZ	13489.004
13491.XYZ	13491.002
13498.XYZ	13498.002
13499.XYZ	13499.002
13503.XYZ	13503.002
13508.XYZ	13508.002
13508.XYZ	13508.004
13514.XYZ	13514.002
13515.XYZ	13515.002
13520.XYZ	13520.002
13524.XYZ	13524.002
13533.XYZ	13533.002
13541.XYZ	13541.002
13541.XYZ	13541.004
Lbody:13541.XYZ	Lbody:13541.002
13541.XYZ	13541.006
13541.XYZ	13541.008
13541.XYZ	13541.010
13542.XYZ	13542.002
13542.XYZ	13542.004
Lbody:13542.XYZ	Lbody:13542.002
13542.XYZ	13542.006
13543.XYZ	13543.002
13547.XYZ	13547.002
13548.XYZ	13548.002
13549.XYZ	13549.002
13558.XYZ	13558.002
13566.XYZ	13566.002
13566.XYZ	13566.004
13567.XYZ	13567.002
13571.XYZ	13571.002
13575.XYZ	13575.002
13577.XYZ	13577.002
13577.XYZ	13577.004
13584.XYZ	13584.002
13584.XYZ	13584.004
13592.XYZ	13592.002
13592.XYZ	13592.004
13596.XYZ	13596.002
13601.XYZ	13601.004
13601.XYZ	13601.006
Lbody:13601.XYZ	Lbody:13601.004
13606.XYZ	13606.004
13623.XYZ	13623.002
13645.XYZ	13645.002
13649.XYZ	13649.002
13650.XYZ	13650.002
13652.XYZ	13652.002
13654.XYZ	13654.002
13656.XYZ	13656.002
13660.XYZ	13660.006
13674.XYZ	13674.002
13680.XYZ	13680.004
13702.XYZ	13702.002
13702.XYZ	13702.004
13702.XYZ	13702.006
Lbody:13702.XYZ	Lbody:13702.004
13702.XYZ	13702.008
13704.XYZ	13704.002
13704.XYZ	13704.004
Lbody:13704.XYZ	Lbody:13704.002
13710.XYZ	13710.002
13711.XYZ	13711.002
13722.XYZ	13722.002
13726.XYZ	13726.002
13731.XYZ	13731.002
13731.XYZ	13731.004
13731.XYZ	13731.006
Lbody:13731.XYZ	Lbody:13731.004
13741.XYZ	13741.002
13746.XYZ	13746.002
13746.XYZ	13746.004
13753.XYZ	13753.002
13764.XYZ	13764.002
13764.XYZ	13764.004
13766.XYZ	13766.002
13795.XYZ	13795.004
13799.XYZ	13799.002
13800.XYZ	13800.002
13805.XYZ	13805.002
13805.XYZ	13805.004
13805.XYZ	13805.006
Lbody:13805.XYZ	Lbody:13805.004
13808.XYZ	13808.002
13813.XYZ	13813.002
13816.XYZ	13816.002
13818.XYZ	13818.002
13819.XYZ	13819.002
13826.XYZ	13826.002
13832.XYZ	13832.002
13843.XYZ	13843.002
13844.XYZ	13844.002
13849.XYZ	13849.002
13851.XYZ	13851.002
13854.XYZ	13854.002
13856.XYZ	13856.002
13856.XYZ	13856.004
13856.XYZ	13856.006
Lbody:13856.XYZ	Lbody:13856.004
13856.XYZ	13856.008
13859.XYZ	13859.004
13871.XYZ	13871.002
13877.XYZ	13877.002
13877.XYZ	13877.004
13880.XYZ	13880.006
13883.XYZ	13883.002
13883.XYZ	13883.004
13884.XYZ	13884.002
13887.XYZ	13887.004
13890.XYZ	13890.002
13893.XYZ	13893.002
13893.XYZ	13893.004
13902.XYZ	13902.002
13907.XYZ	13907.002
13930.XYZ	13930.002
13931.XYZ	13931.002
13937.XYZ	13937.002
13938.XYZ	13938.002
13939.XYZ	13939.002
13939.XYZ	13939.004
13945.XYZ	13945.006
13948.XYZ	13948.002
13949.XYZ	13949.002
13949.XYZ	13949.004
Lbody:13949.XYZ	Lbody:13949.002
13952.XYZ	13952.002
13952.XYZ	13952.004
13956.XYZ	13956.002
13956.XYZ	13956.004
13956.XYZ	13956.006
13960.XYZ	13960.002
13960.XYZ	13960.004
13960.XYZ	13960.006
13964.XYZ	13964.002
13964.XYZ	13964.004
13976.XYZ	13976.002
13982.XYZ	13982.002
13986.XYZ	13986.002
13991.XYZ	13991.002
13998.XYZ	13998.002
13998.XYZ	13998.004
13998.XYZ	13998.006
14000.XYZ	14000.002
14004.XYZ	14004.002
14011.XYZ	14011.002
14012.XYZ	14012.002
14014.XYZ	14014.002
14016.XYZ	14016.002
14016.XYZ	14016.004
Lbody:14016.XYZ	Lbody:14016.002
14018.XYZ	14018.002
14019.XYZ	14019.002
14019.XYZ	14019.004
14024.XYZ	14024.002
14030.XYZ	14030.002
14031.XYZ	14031.002
14040.XYZ	14040.002
14044.XYZ	14044.002
14045.XYZ	14045.002
14052.XYZ	14052.002
14052.XYZ	14052.004
14053.XYZ	14053.002
14057.XYZ	14057.002
14063.XYZ	14063.002
14087.XYZ	14087.002
14087.XYZ	14087.004
14101.XYZ	14101.002
14103.XYZ	14103.002
14103.XYZ	14103.004
14109.XYZ	14109.002
14125.XYZ	14125.002
14136.XYZ	14136.002
14136.XYZ	14136.004
14136.XYZ	14136.006
14140.XYZ	14140.002
14149.XYZ	14149.002
14158.XYZ	14158.002
14160.XYZ	14160.002
14162.XYZ	14162.002
14163.XYZ	14163.004
14164.XYZ	14164.004
14167.XYZ	14167.002
14174.XYZ	14174.004
14184.XYZ	14184.002
14184.XYZ	14184.004
14186.XYZ	14186.002
14204.XYZ	14204.002
14206.XYZ	14206.002
14209.XYZ	14209.002
14215.XYZ	14215.002
14215.XYZ	14215.004
Lbody:14215.XYZ	Lbody:14215.002
14215.XYZ	14215.006
14225.XYZ	14225.002
14225.XYZ	14225.004
14234.XYZ	14234.002
14234.XYZ	14234.004
14235.XYZ	14235.002
14249.XYZ	14249.002
14259.XYZ	14259.002
14260.XYZ	14260.002
14262.XYZ	14262.002
14266.XYZ	14266.002
14266.XYZ	14266.004
Lbody:14266.XYZ	Lbody:14266.002
14266.XYZ	14266.006
14267.XYZ	14267.002
14270.XYZ	14270.002
14271.XYZ	14271.002
14271.XYZ	14271.004
Lbody:14271.XYZ	Lbody:14271.002
14271.XYZ	14271.006
14273.XYZ	14273.004
14273.XYZ	14273.006
14278.XYZ	14278.002
14290.XYZ	14290.006
14290.XYZ	14290.008
14302.XYZ	14302.002
14302.XYZ	14302.004
14302.XYZ	14302.006
14303.XYZ	14303.002
14303.XYZ	14303.004
14316.XYZ	14316.002
14316.XYZ	14316.004
14318.XYZ	14318.002
14338.XYZ	14338.002
14347.XYZ	14347.002
14352.XYZ	14352.002
14358.XYZ	14358.002
14368.XYZ	14368.002
14368.XYZ	14368.004
14370.XYZ	14370.002
14374.XYZ	14374.002
14376.XYZ	14376.002
14376.XYZ	14376.004
14381.XYZ	14381.002
14382.XYZ	14382.002
14383.XYZ	14383.002
14384.XYZ	14384.002
14386.XYZ	14386.002
14387.XYZ	14387.002
14387.XYZ	14387.004
14387.XYZ	14387.006
14393.XYZ	14393.002
14393.XYZ	14393.004
14395.XYZ	14395.008
14395.XYZ	14395.010
Lbody:14395.XYZ	Lbody:14395.008
14411.XYZ	14411.002
14416.XYZ	14416.002
14416.XYZ	14416.004
14416.XYZ	14416.006
14421.XYZ	14421.002
14424.XYZ	14424.002
14428.XYZ	14428.002
14437.XYZ	14437.002
14440.XYZ	14440.002
14448.XYZ	14448.002
14448.XYZ	14448.004
14453.XYZ	14453.002
14459.XYZ	14459.002
14464.XYZ	14464.002
14469.XYZ	14469.002
14469.XYZ	14469.004
14472.XYZ	14472.006
14477.XYZ	14477.002
14503.XYZ	14503.002
14513.XYZ	14513.002
14515.XYZ	14515.002
14523.XYZ	14523.004
14528.XYZ	14528.002
14536.XYZ	14536.002
14541.XYZ	14541.002
14542.XYZ	14542.002
14542.XYZ	14542.004
14555.XYZ	14555.002
14555.XYZ	14555.004
14555.XYZ	14555.006
14560.XYZ	14560.002
14560.XYZ	14560.004
Lbody:14560.XYZ	Lbody:14560.002
14560.XYZ	14560.006
14562.XYZ	14562.002
14564.XYZ	14564.002
14568.XYZ	14568.002
14570.XYZ	14570.002
14570.XYZ	14570.004
14577.XYZ	14577.002
14578.XYZ	14578.002
14582.XYZ	14582.002
14595.XYZ	14595.002
14595.XYZ	14595.004
Lbody:14595.XYZ	Lbody:14595.002
14595.XYZ	14595.006
14595.XYZ	14595.008
14602.XYZ	14602.002
14606.XYZ	14606.002
14606.XYZ	14606.004
14607.XYZ	14607.002
14607.XYZ	14607.004
14607.XYZ	14607.006
Lbody:14607.XYZ	Lbody:14607.004
14615.XYZ	14615.004
14616.XYZ	14616.002
14623.XYZ	14623.002
14626.XYZ	14626.002
14626.XYZ	14626.004
14627.XYZ	14627.002
14628.XYZ	14628.004
14635.XYZ	14635.002
14640.XYZ	14640.002
14642.XYZ	14642.002
14642.XYZ	14642.004
14642.XYZ	14642.006
14642.XYZ	14642.008
14642.XYZ	14642.010
14642.XYZ	14642.012
14643.XYZ	14643.002
14643.XYZ	14643.004
14646.XYZ	14646.002
14646.XYZ	14646.004
14648.XYZ	14648.002
14650.XYZ	14650.002
14650.XYZ	14650.004
14670.XYZ	14670.002
14670.XYZ	14670.004
14671.XYZ	14671.002
14684.XYZ	14684.002
14697.XYZ	14697.002
14697.XYZ	14697.004
Lbody:14697.XYZ	Lbody:14697.002
14697.XYZ	14697.006
14704.XYZ	14704.002
14705.XYZ	14705.002
14716.XYZ	14716.002
14719.XYZ	14719.004
14719.XYZ	14719.006
14722.XYZ	14722.002
14722.XYZ	14722.004
Lbody:14722.XYZ	Lbody:14722.002
14723.XYZ	14723.002
14725.XYZ	14725.002
14727.XYZ	14727.002
14730.XYZ	14730.002
14730.XYZ	14730.004
14743.XYZ	14743.002
14746.XYZ	14746.002
14756.XYZ	14756.002
14766.XYZ	14766.002
14767.XYZ	14767.002
14769.XYZ	14769.002
14769.XYZ	14769.004
14773.XYZ	14773.002
14773.XYZ	14773.004
14773.XYZ	14773.006
14774.XYZ	14774.002
14775.XYZ	14775.002
14782.XYZ	14782.004
14788.XYZ	14788.002
14792.XYZ	14792.002
14792.XYZ	14792.004
14811.XYZ	14811.002
14811.XYZ	14811.004
14811.XYZ	14811.006
14812.XYZ	14812.002
14813.XYZ	14813.002
14820.XYZ	14820.004
14822.XYZ	14822.002
14825.XYZ	14825.002
14829.XYZ	14829.002
14830.XYZ	14830.002
14832.XYZ	14832.002
14839.XYZ	14839.002
14839.XYZ	14839.004
14839.XYZ	14839.006
14841.XYZ	14841.002
14841.XYZ	14841.004
14841.XYZ	14841.006
14854.XYZ	14854.002
14861.XYZ	14861.002
14862.XYZ	14862.002
14869.XYZ	14869.002
14872.XYZ	14872.002
14872.XYZ	14872.004
14876.XYZ	14876.002
14884.XYZ	14884.002
14891.XYZ	14891.002
14895.XYZ	14895.002
14895.XYZ	14895.004
14906.XYZ	14906.002
14912.XYZ	14912.002
14914.XYZ	14914.002
14917.XYZ	14917.002
14917.XYZ	14917.004
14918.XYZ	14918.002
14918.XYZ	14918.004
14918.XYZ	14918.006
14923.XYZ	14923.002
14933.XYZ	14933.002
14935.XYZ	14935.002
14940.XYZ	14940.002
14941.XYZ	14941.002
14941.XYZ	14941.004
14941.XYZ	14941.006
14945.XYZ	14945.002
14945.XYZ	14945.004
14945.XYZ	14945.006
14946.XYZ	14946.002
14946.XYZ	14946.004
14948.XYZ	14948.002
14963.XYZ	14963.002
14968.XYZ	14968.002
14975.XYZ	14975.002
14976.XYZ	14976.002
14991.XYZ	14991.002
15004.XYZ	15004.002
15004.XYZ	15004.004
15022.XYZ	15022.002
15031.XYZ	15031.002
15044.XYZ	15044.002
15045.XYZ	15045.002
15046.XYZ	15046.002
15049.XYZ	15049.002
15052.XYZ	15052.002
15069.XYZ	15069.002
15073.XYZ	15073.002
15080.XYZ	15080.002
15081.XYZ	15081.002
15090.XYZ	15090.004
15094.XYZ	15094.002
15100.XYZ	15100.004
15101.XYZ	15101.002
15110.XYZ	15110.002
15136.XYZ	15136.002
15138.XYZ	15138.002
15138.XYZ	15138.004
15139.XYZ	15139.002
15142.XYZ	15142.002
15144.XYZ	15144.002
15144.XYZ	15144.004
15145.XYZ	15145.002
15151.XYZ	15151.002
15151.XYZ	15151.004
15159.XYZ	15159.002
15159.XYZ	15159.004
Lbody:15159.XYZ	Lbody:15159.002
15159.XYZ	15159.006
15160.XYZ	15160.002
15165.XYZ	15165.008
15165.XYZ	15165.010
Lbody:15165.XYZ	Lbody:15165.008
15173.XYZ	15173.002
15181.XYZ	15181.002
15182.XYZ	15182.002
15182.XYZ	15182.004
15182.XYZ	15182.006
15185.XYZ	15185.002
15185.XYZ	15185.004
Lbody:15185.XYZ	Lbody:15185.002
15185.XYZ	15185.006
15188.XYZ	15188.002
15189.XYZ	15189.002
15189.XYZ	15189.004
15200.XYZ	15200.002
15204.XYZ	15204.002
15217.XYZ	15217.002
15226.XYZ	15226.002
15232.XYZ	15232.002
15232.XYZ	15232.004
15234.XYZ	15234.002
15237.XYZ	15237.002
15240.XYZ	15240.002
15242.XYZ	15242.002
15243.XYZ	15243.002
15246.XYZ	15246.002
15262.XYZ	15262.002
15266.XYZ	15266.002
15269.XYZ	15269.002
15270.XYZ	15270.002
15271.XYZ	15271.002
15274.XYZ	15274.002
15282.XYZ	15282.002
15294.XYZ	15294.002
15307.XYZ	15307.002
15310.XYZ	15310.002
15314.XYZ	15314.002
15319.XYZ	15319.002
15320.XYZ	15320.002
15322.XYZ	15322.002
15325.XYZ	15325.002
15325.XYZ	15325.004
15329.XYZ	15329.002
15330.XYZ	15330.002
15330.XYZ	15330.004
Lbody:15330.XYZ	Lbody:15330.002
15330.XYZ	15330.006
15335.XYZ	15335.002
15341.XYZ	15341.002
15346.XYZ	15346.002
15350.XYZ	15350.002
15350.XYZ	15350.004
15355.XYZ	15355.002
15355.XYZ	15355.004
Lbody:15355.XYZ	Lbody:15355.002
15358.XYZ	15358.002
15358.XYZ	15358.004
15366.XYZ	15366.002
15366.XYZ	15366.004
Lbody:15366.XYZ	Lbody:15366.002
15374.XYZ	15374.002
15376.XYZ	15376.002
15378.XYZ	15378.002
15378.XYZ	15378.004
15393.XYZ	15393.002
15393.XYZ	15393.004
15403.XYZ	15403.002
15403.XYZ	15403.004
15403.XYZ	15403.006
15403.XYZ	15403.008
15403.XYZ	15403.010
15403.XYZ	15403.012
15403.XYZ	15403.014
15403.XYZ	15403.016
15403.XYZ	15403.018
15403.XYZ	15403.020
15403.XYZ	15403.022
15403.XYZ	15403.024
15403.XYZ	15403.026
15403.XYZ	15403.028
15403.XYZ	15403.030
Lbody:15403.XYZ	Lbody:15403.028
15403.XYZ	15403.032
15403.XYZ	15403.034
15403.XYZ	15403.036
15403.XYZ	15403.038
Lbody:15403.XYZ	Lbody:15403.036
15403.XYZ	15403.040
15403.XYZ	15403.042
15403.XYZ	15403.044
15403.XYZ	15403.046
Lbody:15403.XYZ	Lbody:15403.044
15403.XYZ	15403.048
15403.XYZ	15403.050
15403.XYZ	15403.052
15403.XYZ	15403.054
15403.XYZ	15403.056
15403.XYZ	15403.058
Lbody:15403.XYZ	Lbody:15403.056
15403.XYZ	15403.060
15403.XYZ	15403.062
15403.XYZ	15403.064
15403.XYZ	15403.066
15403.XYZ	15403.068
15403.XYZ	15403.070
15405.XYZ	15405.002
15405.XYZ	15405.004
15405.XYZ	15405.006
15408.XYZ	15408.002
15412.XYZ	15412.002
15412.XYZ	15412.004
Lbody:15412.XYZ	Lbody:15412.002
15420.XYZ	15420.002
15423.XYZ	15423.002
15424.XYZ	15424.002
15426.XYZ	15426.002
15433.XYZ	15433.002
15437.XYZ	15437.002
15438.XYZ	15438.002
15439.XYZ	15439.002
15439.XYZ	15439.004
Lbody:15439.XYZ	Lbody:15439.002
15439.XYZ	15439.006
15439.XYZ	15439.008
15452.XYZ	15452.002
15452.XYZ	15452.004
15454.XYZ	15454.002
15459.XYZ	15459.002
15466.XYZ	15466.002
15468.XYZ	15468.002
15474.XYZ	15474.002
15478.XYZ	15478.002
15480.XYZ	15480.002
15481.XYZ	15481.002
15482.XYZ	15482.002
15483.XYZ	15483.002
15483.XYZ	15483.004
15494.XYZ	15494.002
15496.XYZ	15496.002
15496.XYZ	15496.004
15501.XYZ	15501.002
15505.XYZ	15505.002
15508.XYZ	15508.002
15511.XYZ	15511.002
15514.XYZ	15514.002
15518.XYZ	15518.002
15518.XYZ	15518.004
15520.XYZ	15520.002
15522.XYZ	15522.002
15525.XYZ	15525.002
15527.XYZ	15527.002
15527.XYZ	15527.004
15527.XYZ	15527.006
15528.XYZ	15528.002
15528.XYZ	15528.004
15544.XYZ	15544.002
15544.XYZ	15544.004
15552.XYZ	15552.002
15552.XYZ	15552.004
15553.XYZ	15553.002
15562.XYZ	15562.002
15567.XYZ	15567.004
15576.XYZ	15576.002
15577.XYZ	15577.002
15581.XYZ	15581.002
15582.XYZ	15582.002
15586.XYZ	15586.002
15591.XYZ	15591.002
15601.XYZ	15601.002
15610.XYZ	15610.002
15613.XYZ	15613.002
15613.XYZ	15613.004
15615.XYZ	15615.002
15616.XYZ	15616.002
15625.XYZ	15625.002
15633.XYZ	15633.002
15635.XYZ	15635.002
15644.XYZ	15644.002
15651.XYZ	15651.002
15653.XYZ	15653.002
15656.XYZ	15656.002
15656.XYZ	15656.004
15656.XYZ	15656.006
15661.XYZ	15661.002
15662.XYZ	15662.002
15664.XYZ	15664.002
15665.XYZ	15665.002
15665.XYZ	15665.004
15666.XYZ	15666.002
15667.XYZ	15667.002
15668.XYZ	15668.002
15676.XYZ	15676.002
15677.XYZ	15677.002
15679.XYZ	15679.002
15681.XYZ	15681.002
15685.XYZ	15685.002
15699.XYZ	15699.002
15700.XYZ	15700.002
15701.XYZ	15701.002
15705.XYZ	15705.002
15720.XYZ	15720.002
15729.XYZ	15729.002
15730.XYZ	15730.002
15731.XYZ	15731.002
15747.XYZ	15747.002
15747.XYZ	15747.004
15754.XYZ	15754.002
15770.XYZ	15770.002
15774.XYZ	15774.002
15781.XYZ	15781.002
15785.XYZ	15785.002
15785.XYZ	15785.004
15799.XYZ	15799.002
15799.XYZ	15799.004
15799.XYZ	15799.006
15799.XYZ	15799.008
15801.XYZ	15801.002
15812.XYZ	15812.002
15812.XYZ	15812.004
15814.XYZ	15814.004
15814.XYZ	15814.006
15815.XYZ	15815.002
15818.XYZ	15818.002
15818.XYZ	15818.004
15818.XYZ	15818.006
Lbody:15818.XYZ	Lbody:15818.004
15823.XYZ	15823.002
15823.XYZ	15823.004
15826.XYZ	15826.002
15828.XYZ	15828.002
15828.XYZ	15828.004
15830.XYZ	15830.002
15833.XYZ	15833.002
15833.XYZ	15833.004
15855.XYZ	15855.002
15855.XYZ	15855.004
15855.XYZ	15855.006
15864.XYZ	15864.002
15871.XYZ	15871.002
15874.XYZ	15874.002
15874.XYZ	15874.004
Lbody:15874.XYZ	Lbody:15874.002
15893.XYZ	15893.004
15911.XYZ	15911.002
15911.XYZ	15911.004
15913.XYZ	15913.002
15914.XYZ	15914.002
15917.XYZ	15917.004
15920.XYZ	15920.004
15925.XYZ	15925.004
15957.XYZ	15957.002
15962.XYZ	15962.002
15967.XYZ	15967.002
15974.XYZ	15974.002
15992.XYZ	15992.002
15996.XYZ	15996.002
16023.XYZ	16023.002
16023.XYZ	16023.004
Lbody:16023.XYZ	Lbody:16023.002
16023.XYZ	16023.006
16030.XYZ	16030.002
16037.XYZ	16037.002
16039.XYZ	16039.002
16047.XYZ	16047.002
16047.XYZ	16047.004
Lbody:16047.XYZ	Lbody:16047.002
16047.XYZ	16047.006
Lbody:16047.XYZ	Lbody:16047.002
16047.XYZ	16047.008
Lbody:16047.XYZ	Lbody:16047.002
16047.XYZ	16047.010
16055.XYZ	16055.002
16056.XYZ	16056.002
16057.XYZ	16057.002
16057.XYZ	16057.004
16057.XYZ	16057.006
16060.XYZ	16060.002
16062.XYZ	16062.002
16069.XYZ	16069.002
16069.XYZ	16069.004
Lbody:16069.XYZ	Lbody:16069.002
16081.XYZ	16081.002
16089.XYZ	16089.002
16089.XYZ	16089.004
16089.XYZ	16089.006
Lbody:16089.XYZ	Lbody:16089.004
16101.XYZ	16101.002
16101.XYZ	16101.004
16105.XYZ	16105.002
16105.XYZ	16105.004
Lbody:16105.XYZ	Lbody:16105.002
16106.XYZ	16106.002
16106.XYZ	16106.004
16106.XYZ	16106.006
16106.XYZ	16106.008
16124.XYZ	16124.002
16138.XYZ	16138.002
16148.XYZ	16148.002
16150.XYZ	16150.002
16152.XYZ	16152.002
16155.XYZ	16155.002
16155.XYZ	16155.004
16159.XYZ	16159.002
16165.XYZ	16165.002
16166.XYZ	16166.002
16167.XYZ	16167.002
16168.XYZ	16168.002
16169.XYZ	16169.002
16169.XYZ	16169.004
16169.XYZ	16169.006
16169.XYZ	16169.008
16170.XYZ	16170.002
16176.XYZ	16176.002
16177.XYZ	16177.002
16182.XYZ	16182.002
16182.XYZ	16182.004
16182.XYZ	16182.006
16184.XYZ	16184.002
16190.XYZ	16190.002
16190.XYZ	16190.004
16192.XYZ	16192.002
16204.XYZ	16204.002
16205.XYZ	16205.002
16206.XYZ	16206.002
16207.XYZ	16207.002
16207.XYZ	16207.004
16211.XYZ	16211.002
16211.XYZ	16211.004
Lbody:16211.XYZ	Lbody:16211.002
16222.XYZ	16222.002
16225.XYZ	16225.002
16225.XYZ	16225.004
16225.XYZ	16225.006
16233.XYZ	16233.002
16237.XYZ	16237.002
16238.XYZ	16238.002
16240.XYZ	16240.002
16248.XYZ	16248.004
16249.XYZ	16249.002
16265.XYZ	16265.004
16265.XYZ	16265.006
16266.XYZ	16266.002
16270.XYZ	16270.002
16271.XYZ	16271.002
16274.XYZ	16274.002
16274.XYZ	16274.004
16276.XYZ	16276.002
16276.XYZ	16276.004
16278.XYZ	16278.004
16282.XYZ	16282.002
16282.XYZ	16282.004
16290.XYZ	16290.002
16291.XYZ	16291.002
16291.XYZ	16291.004
16300.XYZ	16300.002
16324.XYZ	16324.002
16325.XYZ	16325.002
16340.XYZ	16340.002
16344.XYZ	16344.002
16346.XYZ	16346.002
16349.XYZ	16349.002
16357.XYZ	16357.002
16358.XYZ	16358.002
16358.XYZ	16358.004
16358.XYZ	16358.006
16366.XYZ	16366.002
16366.XYZ	16366.004
16366.XYZ	16366.006
16369.XYZ	16369.002
16377.XYZ	16377.002
16377.XYZ	16377.004
16377.XYZ	16377.006
Lbody:16377.XYZ	Lbody:16377.004
16377.XYZ	16377.008
16385.XYZ	16385.002
16398.XYZ	16398.002
16400.XYZ	16400.002
16402.XYZ	16402.002
16404.XYZ	16404.002
16421.XYZ	16421.002
16425.XYZ	16425.002
16426.XYZ	16426.002
16428.XYZ	16428.002
16433.XYZ	16433.002
16447.XYZ	16447.008
16450.XYZ	16450.004
16457.XYZ	16457.002
16457.XYZ	16457.004
Lbody:16457.XYZ	Lbody:16457.002
16484.XYZ	16484.002
16487.XYZ	16487.002
16487.XYZ	16487.004
Lbody:16487.XYZ	Lbody:16487.002
16487.XYZ	16487.006
16487.XYZ	16487.008
16492.XYZ	16492.002
16497.XYZ	16497.002
16497.XYZ	16497.004
16497.XYZ	16497.006
16501.XYZ	16501.002
16501.XYZ	16501.004
16504.XYZ	16504.002
16505.XYZ	16505.002
16508.XYZ	16508.002
16509.XYZ	16509.002
16513.XYZ	16513.002
16516.XYZ	16516.002
16516.XYZ	16516.004
16516.XYZ	16516.006
16516.XYZ	16516.008
16523.XYZ	16523.002
16523.XYZ	16523.004
16528.XYZ	16528.002
16528.XYZ	16528.004
16534.XYZ	16534.004
16542.XYZ	16542.002
16544.XYZ	16544.002
16545.XYZ	16545.002
16551.XYZ	16551.002
16551.XYZ	16551.004
16560.XYZ	16560.002
16560.XYZ	16560.004
Lbody:16560.XYZ	Lbody:16560.002
16563.XYZ	16563.010
16570.XYZ	16570.002
16570.XYZ	16570.004
Lbody:16570.XYZ	Lbody:16570.002
16572.XYZ	16572.002
16573.XYZ	16573.002
16578.XYZ	16578.002
16579.XYZ	16579.002
16580.XYZ	16580.002
16585.XYZ	16585.002
16587.XYZ	16587.002
16593.XYZ	16593.002
16595.XYZ	16595.002
16601.XYZ	16601.002
16604.XYZ	16604.002
16608.XYZ	16608.002
16614.XYZ	16614.002
16614.XYZ	16614.004
Lbody:16614.XYZ	Lbody:16614.002
16614.XYZ	16614.006
16616.XYZ	16616.002
16620.XYZ	16620.002
16623.XYZ	16623.002
16623.XYZ	16623.004
16627.XYZ	16627.002
16636.XYZ	16636.002
16640.XYZ	16640.002
16648.XYZ	16648.002
16650.XYZ	16650.002
16651.XYZ	16651.002
16653.XYZ	16653.002
16654.XYZ	16654.002
16660.XYZ	16660.004
16660.XYZ	16660.006
16660.XYZ	16660.008
16687.XYZ	16687.002
16687.XYZ	16687.004
16694.XYZ	16694.002
16698.XYZ	16698.002
16702.XYZ	16702.002
16702.XYZ	16702.004
16704.XYZ	16704.002
16704.XYZ	16704.004
16714.XYZ	16714.002
16719.XYZ	16719.002
16723.XYZ	16723.002
16724.XYZ	16724.002
16725.XYZ	16725.002
16725.XYZ	16725.004
16725.XYZ	16725.006
Lbody:16725.XYZ	Lbody:16725.004
16726.XYZ	16726.008
16726.XYZ	16726.010
Lbody:16726.XYZ	Lbody:16726.008
16730.XYZ	16730.004
16731.XYZ	16731.002
16734.XYZ	16734.002
16735.XYZ	16735.002
16735.XYZ	16735.004
16735.XYZ	16735.006
Lbody:16735.XYZ	Lbody:16735.004
16735.XYZ	16735.008
16736.XYZ	16736.002
16736.XYZ	16736.004
16741.XYZ	16741.002
16756.XYZ	16756.002
16760.XYZ	16760.002
16760.XYZ	16760.004
16763.XYZ	16763.002
16764.XYZ	16764.002
16767.XYZ	16767.002
16772.XYZ	16772.002
16772.XYZ	16772.004
16780.XYZ	16780.002
16783.XYZ	16783.002
16785.XYZ	16785.002
16786.XYZ	16786.002
16793.XYZ	16793.004
16793.XYZ	16793.006
16800.XYZ	16800.002
16809.XYZ	16809.002
16821.XYZ	16821.002
16830.XYZ	16830.008
16834.XYZ	16834.002
16838.XYZ	16838.002
16838.XYZ	16838.004
16843.XYZ	16843.002
16844.XYZ	16844.002
16854.XYZ	16854.002
16854.XYZ	16854.004
16855.XYZ	16855.002
16866.XYZ	16866.002
16867.XYZ	16867.002
16874.XYZ	16874.002
16887.XYZ	16887.004
16889.XYZ	16889.002
16890.XYZ	16890.002
16895.XYZ	16895.002
16903.XYZ	16903.002
16903.XYZ	16903.004
16920.XYZ	16920.002
16920.XYZ	16920.004
16921.XYZ	16921.002
16926.XYZ	16926.002
16930.XYZ	16930.002
16930.XYZ	16930.004
16930.XYZ	16930.006
16940.XYZ	16940.002
16949.XYZ	16949.002
16949.XYZ	16949.004
16949.XYZ	16949.006
16952.XYZ	16952.002
16954.XYZ	16954.002
16960.XYZ	16960.002
16962.XYZ	16962.004
16962.XYZ	16962.006
16963.XYZ	16963.002
16970.XYZ	16970.002
16970.XYZ	16970.004
16970.XYZ	16970.006
16973.XYZ	16973.002
16973.XYZ	16973.004
16973.XYZ	16973.006
Lbody:16973.XYZ	Lbody:16973.004
16973.XYZ	16973.008
16975.XYZ	16975.002
16988.XYZ	16988.002
16988.XYZ	16988.004
Lbody:16988.XYZ	Lbody:16988.002
16988.XYZ	16988.006
Lbody:16988.XYZ	Lbody:16988.002
17020.XYZ	17020.002
17026.XYZ	17026.002
17028.XYZ	17028.002
17034.XYZ	17034.002
17034.XYZ	17034.004
17034.XYZ	17034.006
17039.XYZ	17039.002
17039.XYZ	17039.004
17045.XYZ	17045.002
17046.XYZ	17046.002
17060.XYZ	17060.002
17060.XYZ	17060.004
17062.XYZ	17062.002
17062.XYZ	17062.004
Lbody:17062.XYZ	Lbody:17062.002
17062.XYZ	17062.006
17062.XYZ	17062.008
17062.XYZ	17062.010
17068.XYZ	17068.002
17068.XYZ	17068.004
17076.XYZ	17076.002
17077.XYZ	17077.002
17078.XYZ	17078.002
17080.XYZ	17080.002
17080.XYZ	17080.004
Lbody:17080.XYZ	Lbody:17080.002
17080.XYZ	17080.006
17107.XYZ	17107.002
17110.XYZ	17110.002
17114.XYZ	17114.002
17126.XYZ	17126.002
17130.XYZ	17130.002
17130.XYZ	17130.004
17130.XYZ	17130.006
17132.XYZ	17132.002
17132.XYZ	17132.004
17135.XYZ	17135.002
17135.XYZ	17135.004
17138.XYZ	17138.002
17143.XYZ	17143.002
17144.XYZ	17144.002
17146.XYZ	17146.002
17146.XYZ	17146.004
17150.XYZ	17150.002
17155.XYZ	17155.002
17159.XYZ	17159.002
17160.XYZ	17160.002
17163.XYZ	17163.002
17164.XYZ	17164.002
17170.XYZ	17170.002
17171.XYZ	17171.002
17172.XYZ	17172.002
17172.XYZ	17172.004
17178.XYZ	17178.002
17178.XYZ	17178.004
17179.XYZ	17179.002
17181.XYZ	17181.002
17188.XYZ	17188.006
17192.XYZ	17192.002
17194.XYZ	17194.002
17199.XYZ	17199.002
17213.XYZ	17213.002
17215.XYZ	17215.002
17217.XYZ	17217.002
17218.XYZ	17218.002
17219.XYZ	17219.002
17226.XYZ	17226.002
17226.XYZ	17226.004
Lbody:17226.XYZ	Lbody:17226.002
17226.XYZ	17226.006
17228.XYZ	17228.002
17228.XYZ	17228.004
17229.XYZ	17229.002
17230.XYZ	17230.002
17230.XYZ	17230.004
17255.XYZ	17255.004
17261.XYZ	17261.002
17263.XYZ	17263.002
17285.XYZ	17285.002
17305.XYZ	17305.002
17305.XYZ	17305.004
17312.XYZ	17312.002
17312.XYZ	17312.004
17319.XYZ	17319.002
17323.XYZ	17323.002
17323.XYZ	17323.004
17323.XYZ	17323.006
17331.XYZ	17331.002
17333.XYZ	17333.002
17340.XYZ	17340.002
17340.XYZ	17340.004
17341.XYZ	17341.002
17341.XYZ	17341.004
17341.XYZ	17341.006
17342.XYZ	17342.002
17342.XYZ	17342.004
17347.XYZ	17347.002
17347.XYZ	17347.004
17348.XYZ	17348.002
17350.XYZ	17350.002
17351.XYZ	17351.002
17353.XYZ	17353.002
17354.XYZ	17354.002
17354.XYZ	17354.004
17354.XYZ	17354.006
17363.XYZ	17363.002
17367.XYZ	17367.002
17391.XYZ	17391.002
17401.XYZ	17401.002
17401.XYZ	17401.004
17404.XYZ	17404.002
17405.XYZ	17405.002
17405.XYZ	17405.004
17410.XYZ	17410.002
17410.XYZ	17410.004
17412.XYZ	17412.002
17412.XYZ	17412.004
17417.XYZ	17417.002
17423.XYZ	17423.002
17425.XYZ	17425.002
17428.XYZ	17428.002
17430.XYZ	17430.002
17430.XYZ	17430.004
17432.XYZ	17432.002
17432.XYZ	17432.004
17445.XYZ	17445.002
17445.XYZ	17445.004
17455.XYZ	17455.002
17463.XYZ	17463.002
17463.XYZ	17463.004
17473.XYZ	17473.002
17474.XYZ	17474.002
17476.XYZ	17476.002
17479.XYZ	17479.002
17485.XYZ	17485.002
17485.XYZ	17485.004
17485.XYZ	17485.006
Lbody:17485.XYZ	Lbody:17485.004
17486.XYZ	17486.002
17487.XYZ	17487.002
17488.XYZ	17488.002
17498.XYZ	17498.002
17500.XYZ	17500.004
17501.XYZ	17501.002
17501.XYZ	17501.004
Lbody:17501.XYZ	Lbody:17501.002
17502.XYZ	17502.002
17502.XYZ	17502.004
17504.XYZ	17504.002
17509.XYZ	17509.002
17512.XYZ	17512.002
17517.XYZ	17517.002
17517.XYZ	17517.004
17518.XYZ	17518.002
17526.XYZ	17526.002
17526.XYZ	17526.004
17528.XYZ	17528.002
17536.XYZ	17536.002
17547.XYZ	17547.002
17552.XYZ	17552.002
17552.XYZ	17552.004
17557.XYZ	17557.004
17557.XYZ	17557.006
17561.XYZ	17561.002
17575.XYZ	17575.002
17575.XYZ	17575.004
17575.XYZ	17575.006
17577.XYZ	17577.002
17579.XYZ	17579.002
17580.XYZ	17580.002
17582.XYZ	17582.002
17588.XYZ	17588.002
17588.XYZ	17588.004
17589.XYZ	17589.002
17591.XYZ	17591.002
17621.XYZ	17621.004
17652.XYZ	17652.010
17652.XYZ	17652.012
Lbody:17652.XYZ	Lbody:17652.010
17657.XYZ	17657.002
17665.XYZ	17665.002
17672.XYZ	17672.002
17672.XYZ	17672.004
17674.XYZ	17674.002
17684.XYZ	17684.002
17692.XYZ	17692.002
17692.XYZ	17692.004
17697.XYZ	17697.002
17716.XYZ	17716.002
17723.XYZ	17723.002
17730.XYZ	17730.002
17730.XYZ	17730.004
17735.XYZ	17735.002
17735.XYZ	17735.004
17736.XYZ	17736.002
17740.XYZ	17740.002
17740.XYZ	17740.004
17740.XYZ	17740.006
17746.XYZ	17746.002
17755.XYZ	17755.002
17761.XYZ	17761.002
17767.XYZ	17767.002
17771.XYZ	17771.002
17771.XYZ	17771.004
Lbody:17771.XYZ	Lbody:17771.002
17771.XYZ	17771.006
17777.XYZ	17777.002
17783.XYZ	17783.002
17784.XYZ	17784.002
17788.XYZ	17788.002
17788.XYZ	17788.004
17794.XYZ	17794.002
17800.XYZ	17800.002
17801.XYZ	17801.002
17802.XYZ	17802.002
17802.XYZ	17802.004
17802.XYZ	17802.006
17802.XYZ	17802.008
17817.XYZ	17817.002
17819.XYZ	17819.002
17819.XYZ	17819.004
17822.XYZ	17822.002
17823.XYZ	17823.004
17824.XYZ	17824.002
17835.XYZ	17835.002
17835.XYZ	17835.004
17842.XYZ	17842.002
17842.XYZ	17842.004
17846.XYZ	17846.002
17848.XYZ	17848.002
17856.XYZ	17856.002
17856.XYZ	17856.004
17863.XYZ	17863.002
17870.XYZ	17870.002
17873.XYZ	17873.002
17873.XYZ	17873.004
17873.XYZ	17873.006
Lbody:17873.XYZ	Lbody:17873.004
17873.XYZ	17873.008
17875.XYZ	17875.002
17884.XYZ	17884.002
17884.XYZ	17884.004
17884.XYZ	17884.006
17887.XYZ	17887.002
17889.XYZ	17889.002
17895.XYZ	17895.002
17899.XYZ	17899.002
17899.XYZ	17899.004
17906.XYZ	17906.002
17906.XYZ	17906.004
17907.XYZ	17907.002
17907.XYZ	17907.004
17913.XYZ	17913.002
17913.XYZ	17913.004
17918.XYZ	17918.002
17926.XYZ	17926.002
17930.XYZ	17930.002
17933.XYZ	17933.002
17933.XYZ	17933.004
17934.XYZ	17934.002
17936.XYZ	17936.002
17936.XYZ	17936.004
17936.XYZ	17936.006
17936.XYZ	17936.008
17952.XYZ	17952.004
17976.XYZ	17976.002
17977.XYZ	17977.002
17977.XYZ	17977.004
17977.XYZ	17977.006
17978.XYZ	17978.002
17978.XYZ	17978.004
17978.XYZ	17978.006
17987.XYZ	17987.002
17990.XYZ	17990.002
17993.XYZ	17993.002
17998.XYZ	17998.002
18011.XYZ	18011.002
18018.XYZ	18018.002
18018.XYZ	18018.004
18020.XYZ	18020.002
18020.XYZ	18020.004
18028.XYZ	18028.002
18028.XYZ	18028.004
18028.XYZ	18028.006
18033.XYZ	18033.002
18033.XYZ	18033.004
18037.XYZ	18037.002
18049.XYZ	18049.004
18049.XYZ	18049.006
Lbody:18049.XYZ	Lbody:18049.004
18050.XYZ	18050.002
18050.XYZ	18050.004
18061.XYZ	18061.002
18064.XYZ	18064.002
18075.XYZ	18075.002
18081.XYZ	18081.002
18082.XYZ	18082.002
18084.XYZ	18084.002
18084.XYZ	18084.004
18084.XYZ	18084.006
18087.XYZ	18087.002
18087.XYZ	18087.004
18095.XYZ	18095.002
18102.XYZ	18102.002
18112.XYZ	18112.002
18113.XYZ	18113.002
18113.XYZ	18113.004
18120.XYZ	18120.002
18126.XYZ	18126.002
18136.XYZ	18136.002
18144.XYZ	18144.002
18156.XYZ	18156.002
18165.XYZ	18165.002
18165.XYZ	18165.004
Lbody:18165.XYZ	Lbody:18165.002
18181.XYZ	18181.002
18181.XYZ	18181.004
18181.XYZ	18181.006
18181.XYZ	18181.008
18188.XYZ	18188.002
18190.XYZ	18190.002
18200.XYZ	18200.002
18207.XYZ	18207.002
18214.XYZ	18214.002
18219.XYZ	18219.002
18221.XYZ	18221.002
18225.XYZ	18225.002
18225.XYZ	18225.004
18231.XYZ	18231.004
18231.XYZ	18231.006
18248.XYZ	18248.002
18248.XYZ	18248.004
18249.XYZ	18249.002
18266.XYZ	18266.004
18272.XYZ	18272.002
18272.XYZ	18272.004
Lbody:18272.XYZ	Lbody:18272.002
18275.XYZ	18275.002
18287.XYZ	18287.002
18295.XYZ	18295.002
18296.XYZ	18296.002
18300.XYZ	18300.002
18300.XYZ	18300.004
18300.XYZ	18300.006
18302.XYZ	18302.002
18302.XYZ	18302.004
18304.XYZ	18304.002
18305.XYZ	18305.002
18306.XYZ	18306.002
18312.XYZ	18312.004
18316.XYZ	18316.002
18316.XYZ	18316.004
18316.XYZ	18316.006
18317.XYZ	18317.002
18320.XYZ	18320.002
18322.XYZ	18322.002
18324.XYZ	18324.002
18329.XYZ	18329.002
18329.XYZ	18329.004
18330.XYZ	18330.002
18335.XYZ	18335.002
18340.XYZ	18340.002
18346.XYZ	18346.002
18348.XYZ	18348.002
18348.XYZ	18348.004
Lbody:18348.XYZ	Lbody:18348.002
18355.XYZ	18355.002
18355.XYZ	18355.004
18355.XYZ	18355.006
18356.XYZ	18356.004
18362.XYZ	18362.002
18363.XYZ	18363.002
18364.XYZ	18364.002
18372.XYZ	18372.002
18372.XYZ	18372.004
18386.XYZ	18386.002
18390.XYZ	18390.002
18394.XYZ	18394.002
18394.XYZ	18394.004
18401.XYZ	18401.002
18402.XYZ	18402.002
18406.XYZ	18406.002
18412.XYZ	18412.002
18418.XYZ	18418.002
18418.XYZ	18418.004
18422.XYZ	18422.002
18422.XYZ	18422.004
18427.XYZ	18427.002
18429.XYZ	18429.002
18433.XYZ	18433.002
18433.XYZ	18433.004
18434.XYZ	18434.002
18434.XYZ	18434.004
18435.XYZ	18435.002
18435.XYZ	18435.004
18435.XYZ	18435.006
18437.XYZ	18437.002
18437.XYZ	18437.004
18437.XYZ	18437.006
18438.XYZ	18438.004
18438.XYZ	18438.006
18446.XYZ	18446.002
18448.XYZ	18448.002
18448.XYZ	18448.004
18449.XYZ	18449.002
18454.XYZ	18454.002
18458.XYZ	18458.004
18466.XYZ	18466.002
18475.XYZ	18475.002
18475.XYZ	18475.004
18476.XYZ	18476.002
18486.XYZ	18486.002
18492.XYZ	18492.002
18497.XYZ	18497.004
18501.XYZ	18501.002
18514.XYZ	18514.002
18517.XYZ	18517.002
18517.XYZ	18517.004
18517.XYZ	18517.006
18518.XYZ	18518.002
18520.XYZ	18520.002
18520.XYZ	18520.004
Lbody:18520.XYZ	Lbody:18520.002
18522.XYZ	18522.002
18525.XYZ	18525.002
18527.XYZ	18527.004
18534.XYZ	18534.002
18534.XYZ	18534.004
18538.XYZ	18538.002
18538.XYZ	18538.004
18541.XYZ	18541.002
18548.XYZ	18548.002
18548.XYZ	18548.004
18554.XYZ	18554.002
18568.XYZ	18568.002
18568.XYZ	18568.004
18571.XYZ	18571.004
18585.XYZ	18585.002
18590.XYZ	18590.002
18590.XYZ	18590.004
Lbody:18590.XYZ	Lbody:18590.002
18595.XYZ	18595.002
18598.XYZ	18598.002
18614.XYZ	18614.002
18617.XYZ	18617.002
18617.XYZ	18617.004
Lbody:18617.XYZ	Lbody:18617.002
18619.XYZ	18619.002
18619.XYZ	18619.004
Lbody:18619.XYZ	Lbody:18619.002
18619.XYZ	18619.006
18642.XYZ	18642.002
18643.XYZ	18643.002
18647.XYZ	18647.002
18650.XYZ	18650.002
18653.XYZ	18653.002
18671.XYZ	18671.002
18672.XYZ	18672.002
18673.XYZ	18673.002
18673.XYZ	18673.004
Lbody:18673.XYZ	Lbody:18673.002
18680.XYZ	18680.002
18689.XYZ	18689.002
18693.XYZ	18693.002
18697.XYZ	18697.002
18706.XYZ	18706.002
18709.XYZ	18709.002
18718.XYZ	18718.002
18718.XYZ	18718.004
18742.XYZ	18742.002
18745.XYZ	18745.002
18746.XYZ	18746.002
18749.XYZ	18749.002
18750.XYZ	18750.002
18750.XYZ	18750.004
18750.XYZ	18750.006
18750.XYZ	18750.008
18756.XYZ	18756.002
18761.XYZ	18761.002
18767.XYZ	18767.002
18770.XYZ	18770.002
18770.XYZ	18770.004
18776.XYZ	18776.002
18778.XYZ	18778.002
18778.XYZ	18778.004
Lbody:18778.XYZ	Lbody:18778.002
18778.XYZ	18778.006
18778.XYZ	18778.008
18793.XYZ	18793.002
18810.XYZ	18810.004
18817.XYZ	18817.002
18828.XYZ	18828.002
18830.XYZ	18830.002
18830.XYZ	18830.004
18837.XYZ	18837.002
18841.XYZ	18841.004
18848.XYZ	18848.002
18848.XYZ	18848.004
Lbody:18848.XYZ	Lbody:18848.002
18853.XYZ	18853.002
18853.XYZ	18853.004
18853.XYZ	18853.006
18884.XYZ	18884.002
18894.XYZ	18894.002
18894.XYZ	18894.004
18902.XYZ	18902.002
18908.XYZ	18908.002
18908.XYZ	18908.004
18915.XYZ	18915.002
18931.XYZ	18931.002
18931.XYZ	18931.004
18932.XYZ	18932.002
18934.XYZ	18934.002
18953.XYZ	18953.002
18959.XYZ	18959.002
18986.XYZ	18986.002
18995.XYZ	18995.002
18996.XYZ	18996.004
19019.XYZ	19019.002
19019.XYZ	19019.004
19023.XYZ	19023.002
19026.XYZ	19026.002
19037.XYZ	19037.002
19064.XYZ	19064.002
19068.XYZ	19068.002
19071.XYZ	19071.002
19073.XYZ	19073.002
19109.XYZ	19109.004
19122.XYZ	19122.002
19125.XYZ	19125.002
19139.XYZ	19139.002
19174.XYZ	19174.002
19179.XYZ	19179.002
19190.XYZ	19190.002
19190.XYZ	19190.004
19198.XYZ	19198.002
19201.XYZ	19201.006
19206.XYZ	19206.002
19207.XYZ	19207.002
19208.XYZ	19208.002
19208.XYZ	19208.004
Lbody:19208.XYZ	Lbody:19208.002
19213.XYZ	19213.002
19213.XYZ	19213.004
Lbody:19213.XYZ	Lbody:19213.002
19217.XYZ	19217.002
19220.XYZ	19220.002
19224.XYZ	19224.002
19224.XYZ	19224.004
19233.XYZ	19233.002
19241.XYZ	19241.002
19241.XYZ	19241.004
19244.XYZ	19244.002
19252.XYZ	19252.002
19260.XYZ	19260.002
19260.XYZ	19260.004
19278.XYZ	19278.002
19280.XYZ	19280.002
19280.XYZ	19280.004
Lbody:19280.XYZ	Lbody:19280.002
19283.XYZ	19283.002
19283.XYZ	19283.004
19283.XYZ	19283.006
19296.XYZ	19296.002
19302.XYZ	19302.004
19320.XYZ	19320.002
19325.XYZ	19325.002
19345.XYZ	19345.002
19345.XYZ	19345.004
19346.XYZ	19346.002
19355.XYZ	19355.002
19357.XYZ	19357.002
19368.XYZ	19368.002
19375.XYZ	19375.002
19383.XYZ	19383.002
19399.XYZ	19399.002
19413.XYZ	19413.002
19422.XYZ	19422.002
19425.XYZ	19425.002
19425.XYZ	19425.004
19425.XYZ	19425.006
Lbody:19425.XYZ	Lbody:19425.004
19431.XYZ	19431.002
19431.XYZ	19431.004
19431.XYZ	19431.006
19443.XYZ	19443.002
19443.XYZ	19443.004
19449.XYZ	19449.002
19449.XYZ	19449.004
19449.XYZ	19449.006
19449.XYZ	19449.008
19450.XYZ	19450.002
19458.XYZ	19458.002
19477.XYZ	19477.004
19484.XYZ	19484.002
19484.XYZ	19484.004
19494.XYZ	19494.002
19497.XYZ	19497.002
19515.XYZ	19515.002
19517.XYZ	19517.002
19517.XYZ	19517.004
19517.XYZ	19517.006
19520.XYZ	19520.002
19521.XYZ	19521.004
19529.XYZ	19529.002
19532.XYZ	19532.002
19536.XYZ	19536.002
19539.XYZ	19539.002
19545.XYZ	19545.008
19550.XYZ	19550.002
19553.XYZ	19553.002
19554.XYZ	19554.002
19560.XYZ	19560.002
19561.XYZ	19561.002
19561.XYZ	19561.004
19562.XYZ	19562.002
19567.XYZ	19567.002
19577.XYZ	19577.002
19587.XYZ	19587.002
19602.XYZ	19602.002
19606.XYZ	19606.002
19626.XYZ	19626.002
19626.XYZ	19626.004
19627.XYZ	19627.002
19632.XYZ	19632.002
19659.XYZ	19659.002
19659.XYZ	19659.004
19660.XYZ	19660.002
19660.XYZ	19660.004
19667.XYZ	19667.002
19687.XYZ	19687.002
19693.XYZ	19693.002
19695.XYZ	19695.004
19701.XYZ	19701.002
19704.XYZ	19704.002
19710.XYZ	19710.002
19714.XYZ	19714.002
19714.XYZ	19714.004
Lbody:19714.XYZ	Lbody:19714.002
19717.XYZ	19717.002
19717.XYZ	19717.004
19718.XYZ	19718.002
19718.XYZ	19718.004
19718.XYZ	19718.006
19718.XYZ	19718.008
19723.XYZ	19723.002
19728.XYZ	19728.002
19733.XYZ	19733.002
19733.XYZ	19733.004
Lbody:19733.XYZ	Lbody:19733.002
19733.XYZ	19733.006
19736.XYZ	19736.004
19736.XYZ	19736.006
Lbody:19736.XYZ	Lbody:19736.004
19736.XYZ	19736.008
Lbody:19736.XYZ	Lbody:19736.004
19740.XYZ	19740.002
19740.XYZ	19740.004
19740.XYZ	19740.006
19740.XYZ	19740.008
19748.XYZ	19748.002
19754.XYZ	19754.002
19754.XYZ	19754.004
Lbody:19754.XYZ	Lbody:19754.002
19754.XYZ	19754.006
19759.XYZ	19759.004
19759.XYZ	19759.006
19761.XYZ	19761.002
19762.XYZ	19762.002
19765.XYZ	19765.002
19765.XYZ	19765.004
Lbody:19765.XYZ	Lbody:19765.002
19765.XYZ	19765.006
19765.XYZ	19765.008
Lbody:19765.XYZ	Lbody:19765.006
19775.XYZ	19775.002
19775.XYZ	19775.004
19776.XYZ	19776.002
19776.XYZ	19776.004
Lbody:19776.XYZ	Lbody:19776.002
19776.XYZ	19776.006
19779.XYZ	19779.002
19781.XYZ	19781.004
19810.XYZ	19810.002
19812.XYZ	19812.002
19820.XYZ	19820.002
19821.XYZ	19821.002
19826.XYZ	19826.002
19827.XYZ	19827.002
19828.XYZ	19828.002
19838.XYZ	19838.002
19842.XYZ	19842.002
19843.XYZ	19843.002
19850.XYZ	19850.002
19869.XYZ	19869.002
19878.XYZ	19878.002
19878.XYZ	19878.004
Lbody:19878.XYZ	Lbody:19878.002
19884.XYZ	19884.002
19884.XYZ	19884.004
19887.XYZ	19887.002
19888.XYZ	19888.002
19897.XYZ	19897.002
19897.XYZ	19897.004
19902.XYZ	19902.002
19903.XYZ	19903.002
19903.XYZ	19903.004
19903.XYZ	19903.006
19911.XYZ	19911.002
19911.XYZ	19911.004
19911.XYZ	19911.006
19919.XYZ	19919.002
19919.XYZ	19919.004
Lbody:19919.XYZ	Lbody:19919.002
19919.XYZ	19919.006
19926.XYZ	19926.002
19930.XYZ	19930.002
19930.XYZ	19930.004
19932.XYZ	19932.002
19933.XYZ	19933.002
19937.XYZ	19937.002
19937.XYZ	19937.004
19938.XYZ	19938.002
19942.XYZ	19942.002
19944.XYZ	19944.002
19945.XYZ	19945.002
19945.XYZ	19945.004
19951.XYZ	19951.002
19953.XYZ	19953.002
19953.XYZ	19953.004
19959.XYZ	19959.002
19959.XYZ	19959.004
19969.XYZ	19969.002
19986.XYZ	19986.002
20032.XYZ	20032.002
20036.XYZ	20036.002
20036.XYZ	20036.004
Lbody:20036.XYZ	Lbody:20036.002
20040.XYZ	20040.002
20040.XYZ	20040.004
20075.XYZ	20075.002
20082.XYZ	20082.002
20085.XYZ	20085.002
20132.XYZ	20132.002
20144.XYZ	20144.002
20145.XYZ	20145.002
20196.XYZ	20196.002
20196.XYZ	20196.004
20220.XYZ	20220.002
20234.XYZ	20234.002
20240.XYZ	20240.002
20269.XYZ	20269.002
20284.XYZ	20284.002
20326.XYZ	20326.002
20337.XYZ	20337.002
20338.XYZ	20338.002
20338.XYZ	20338.004
20338.XYZ	20338.006
20349.XYZ	20349.004
20386.XYZ	20386.002
20386.XYZ	20386.004
20430.XYZ	20430.002
20463.XYZ	20463.002
20493.XYZ	20493.002
20494.XYZ	20494.002
20500.XYZ	20500.002
20507.XYZ	20507.002
20510.XYZ	20510.002
20520.XYZ	20520.002
20538.XYZ	20538.002
20548.XYZ	20548.002
20568.XYZ	20568.004
20569.XYZ	20569.004
20585.XYZ	20585.002
20642.XYZ	20642.002
20667.XYZ	20667.002
20672.XYZ	20672.002
20677.XYZ	20677.002
20677.XYZ	20677.004
20685.XYZ	20685.002
20690.XYZ	20690.002
20701.XYZ	20701.002
20704.XYZ	20704.002
20714.XYZ	20714.002
20752.XYZ	20752.002
20769.XYZ	20769.002
20806.XYZ	20806.002
20809.XYZ	20809.002
20811.XYZ	20811.002
20826.XYZ	20826.002
20826.XYZ	20826.004
20826.XYZ	20826.006
20833.XYZ	20833.002
20845.XYZ	20845.004
20849.XYZ	20849.002
20850.XYZ	20850.002
20856.XYZ	20856.002
20856.XYZ	20856.004
20858.XYZ	20858.002
20858.XYZ	20858.004
20858.XYZ	20858.006
20860.XYZ	20860.002
20864.XYZ	20864.002
20864.XYZ	20864.004
20877.XYZ	20877.002
20880.XYZ	20880.002
20891.XYZ	20891.002
20893.XYZ	20893.002
20901.XYZ	20901.004
20905.XYZ	20905.004
20905.XYZ	20905.006
20905.XYZ	20905.008
Lbody:20905.XYZ	Lbody:20905.006
20905.XYZ	20905.010
20907.XYZ	20907.002
20913.XYZ	20913.002
20916.XYZ	20916.002
20922.XYZ	20922.002
20922.XYZ	20922.004
20923.XYZ	20923.002
20923.XYZ	20923.004
20924.XYZ	20924.002
20926.XYZ	20926.002
20935.XYZ	20935.002
20937.XYZ	20937.002
20942.XYZ	20942.002
20942.XYZ	20942.004
20943.XYZ	20943.002
20949.XYZ	20949.002
20954.XYZ	20954.002
20954.XYZ	20954.004
20962.XYZ	20962.002
20974.XYZ	20974.002
20977.XYZ	20977.002
20980.XYZ	20980.002
20983.XYZ	20983.002
20983.XYZ	20983.004
20984.XYZ	20984.002
20991.XYZ	20991.002
20994.XYZ	20994.002
20997.XYZ	20997.002
21003.XYZ	21003.002
21007.XYZ	21007.002
21013.XYZ	21013.002
21014.XYZ	21014.002
21021.XYZ	21021.002
21021.XYZ	21021.004
21023.XYZ	21023.002
21028.XYZ	21028.002
21028.XYZ	21028.004
Lbody:21028.XYZ	Lbody:21028.002
21028.XYZ	21028.006
21037.XYZ	21037.002
21045.XYZ	21045.002
21050.XYZ	21050.002
21050.XYZ	21050.004
21053.XYZ	21053.002
21058.XYZ	21058.002
21062.XYZ	21062.002
21064.XYZ	21064.002
21064.XYZ	21064.004
21064.XYZ	21064.006
21064.XYZ	21064.008
21065.XYZ	21065.002
21065.XYZ	21065.004
21067.XYZ	21067.002
21074.XYZ	21074.002
21078.XYZ	21078.002
21081.XYZ	21081.002
21082.XYZ	21082.002
21082.XYZ	21082.004
Lbody:21082.XYZ	Lbody:21082.002
21082.XYZ	21082.006
21088.XYZ	21088.004
21090.XYZ	21090.002
21092.XYZ	21092.002
21092.XYZ	21092.004
21097.XYZ	21097.002
21097.XYZ	21097.004
21097.XYZ	21097.006
21105.XYZ	21105.002
21107.XYZ	21107.002
21110.XYZ	21110.002
21111.XYZ	21111.002
21114.XYZ	21114.002
21117.XYZ	21117.002
21120.XYZ	21120.002
21123.XYZ	21123.002
21126.XYZ	21126.002
21130.XYZ	21130.004
21130.XYZ	21130.006
21136.XYZ	21136.002
21147.XYZ	21147.002
21149.XYZ	21149.004
21161.XYZ	21161.002
21164.XYZ	21164.002
21174.XYZ	21174.002
21174.XYZ	21174.004
21175.XYZ	21175.002
21192.XYZ	21192.002
21193.XYZ	21193.002
21193.XYZ	21193.004
21193.XYZ	21193.006
21196.XYZ	21196.002
21196.XYZ	21196.004
21197.XYZ	21197.002
21208.XYZ	21208.002
21216.XYZ	21216.002
21221.XYZ	21221.002
21221.XYZ	21221.004
21221.XYZ	21221.006
21226.XYZ	21226.002
21230.XYZ	21230.002
21231.XYZ	21231.002
21235.XYZ	21235.002
21235.XYZ	21235.004
Lbody:21235.XYZ	Lbody:21235.002
21235.XYZ	21235.006
21235.XYZ	21235.008
21239.XYZ	21239.002
21240.XYZ	21240.002
21240.XYZ	21240.004
21247.XYZ	21247.002
21248.XYZ	21248.002
21249.XYZ	21249.002
21251.XYZ	21251.002
21255.XYZ	21255.002
21256.XYZ	21256.002
21260.XYZ	21260.002
21261.XYZ	21261.004
21269.XYZ	21269.002
21269.XYZ	21269.004
21272.XYZ	21272.002
21272.XYZ	21272.004
21280.XYZ	21280.002
21290.XYZ	21290.002
21292.XYZ	21292.002
21292.XYZ	21292.004
21294.XYZ	21294.002
21295.XYZ	21295.002
21296.XYZ	21296.002
21296.XYZ	21296.004
21296.XYZ	21296.006
Lbody:21296.XYZ	Lbody:21296.004
21298.XYZ	21298.002
21306.XYZ	21306.002
21306.XYZ	21306.004
21306.XYZ	21306.006
21307.XYZ	21307.002
21307.XYZ	21307.004
21307.XYZ	21307.006
21312.XYZ	21312.002
21312.XYZ	21312.004
21322.XYZ	21322.002
21322.XYZ	21322.004
21326.XYZ	21326.002
21326.XYZ	21326.004
21330.XYZ	21330.002
21330.XYZ	21330.004
Lbody:21330.XYZ	Lbody:21330.002
21330.XYZ	21330.006
Lbody:21330.XYZ	Lbody:21330.002
21334.XYZ	21334.002
21334.XYZ	21334.004
21334.XYZ	21334.006
21337.XYZ	21337.002
21337.XYZ	21337.004
21341.XYZ	21341.002
21341.XYZ	21341.004
21350.XYZ	21350.002
21351.XYZ	21351.004
21359.XYZ	21359.004
21359.XYZ	21359.006
21364.XYZ	21364.002
21364.XYZ	21364.004
Lbody:21364.XYZ	Lbody:21364.002
21364.XYZ	21364.006
21365.XYZ	21365.004
21367.XYZ	21367.002
21374.XYZ	21374.002
21376.XYZ	21376.002
21379.XYZ	21379.002
21382.XYZ	21382.002
21385.XYZ	21385.002
21385.XYZ	21385.004
21392.XYZ	21392.002
21393.XYZ	21393.002
21393.XYZ	21393.004
21393.XYZ	21393.006
21399.XYZ	21399.002
21402.XYZ	21402.002
21412.XYZ	21412.002
21418.XYZ	21418.002
21421.XYZ	21421.002
21426.XYZ	21426.002
21430.XYZ	21430.002
21434.XYZ	21434.002
21443.XYZ	21443.002
21443.XYZ	21443.004
21448.XYZ	21448.002
21449.XYZ	21449.004
21468.XYZ	21468.002
21468.XYZ	21468.004
21469.XYZ	21469.002
21469.XYZ	21469.004
21470.XYZ	21470.002
21470.XYZ	21470.004
21471.XYZ	21471.002
21472.XYZ	21472.002
21472.XYZ	21472.004
21478.XYZ	21478.002
21486.XYZ	21486.002
21492.XYZ	21492.002
21492.XYZ	21492.004
21499.XYZ	21499.008
21499.XYZ	21499.010
Lbody:21499.XYZ	Lbody:21499.008
21499.XYZ	21499.012
Lbody:21499.XYZ	Lbody:21499.008
21499.XYZ	21499.014
21499.XYZ	21499.016
Lbody:21499.XYZ	Lbody:21499.014
21500.XYZ	21500.002
21517.XYZ	21517.004
21517.XYZ	21517.006
21522.XYZ	21522.002
21531.XYZ	21531.002
21534.XYZ	21534.002
21536.XYZ	21536.002
21536.XYZ	21536.004
21537.XYZ	21537.002
21543.XYZ	21543.002
21548.XYZ	21548.002
21556.XYZ	21556.002
21565.XYZ	21565.002
21566.XYZ	21566.002
21567.XYZ	21567.002
21590.XYZ	21590.002
21592.XYZ	21592.002
21594.XYZ	21594.002
21594.XYZ	21594.004
21600.XYZ	21600.002
21601.XYZ	21601.002
21605.XYZ	21605.002
21607.XYZ	21607.002
21607.XYZ	21607.004
21611.XYZ	21611.002
21618.XYZ	21618.002
21618.XYZ	21618.004
21618.XYZ	21618.006
21641.XYZ	21641.002
21641.XYZ	21641.004
21643.XYZ	21643.002
21643.XYZ	21643.004
21643.XYZ	21643.006
Lbody:21643.XYZ	Lbody:21643.004
21648.XYZ	21648.002
21648.XYZ	21648.004
21656.XYZ	21656.002
21660.XYZ	21660.002
21663.XYZ	21663.002
21663.XYZ	21663.004
21668.XYZ	21668.004
21668.XYZ	21668.006
21668.XYZ	21668.008
21668.XYZ	21668.010
21672.XYZ	21672.002
21672.XYZ	21672.004
21672.XYZ	21672.006
21675.XYZ	21675.002
21679.XYZ	21679.002
21679.XYZ	21679.004
21683.XYZ	21683.002
21684.XYZ	21684.002
21689.XYZ	21689.002
21690.XYZ	21690.002
21691.XYZ	21691.002
21700.XYZ	21700.002
21701.XYZ	21701.002
21702.XYZ	21702.002
21702.XYZ	21702.004
21702.XYZ	21702.006
21706.XYZ	21706.002
21706.XYZ	21706.004
21710.XYZ	21710.002
21715.XYZ	21715.002
21715.XYZ	21715.004
21715.XYZ	21715.006
21715.XYZ	21715.008
21716.XYZ	21716.002
21731.XYZ	21731.002
21731.XYZ	21731.004
21735.XYZ	21735.002
21760.XYZ	21760.002
21760.XYZ	21760.004
21761.XYZ	21761.004
21761.XYZ	21761.006
21766.XYZ	21766.002
21767.XYZ	21767.004
21767.XYZ	21767.006
21771.XYZ	21771.002
21779.XYZ	21779.002
21785.XYZ	21785.002
21785.XYZ	21785.004
21785.XYZ	21785.006
21791.XYZ	21791.008
21799.XYZ	21799.002
21800.XYZ	21800.002
21800.XYZ	21800.004
21807.XYZ	21807.002
21807.XYZ	21807.004
Lbody:21807.XYZ	Lbody:21807.002
21815.XYZ	21815.006
21815.XYZ	21815.008
21829.XYZ	21829.002
21839.XYZ	21839.002
21839.XYZ	21839.004
21842.XYZ	21842.002
21844.XYZ	21844.006
21847.XYZ	21847.002
21854.XYZ	21854.002
21854.XYZ	21854.004
21860.XYZ	21860.002
21863.XYZ	21863.002
21901.XYZ	21901.002
21903.XYZ	21903.002
21904.XYZ	21904.002
21913.XYZ	21913.002
21913.XYZ	21913.004
21913.XYZ	21913.006
21921.XYZ	21921.002
21922.XYZ	21922.002
21922.XYZ	21922.004
21922.XYZ	21922.006
21926.XYZ	21926.002
21928.XYZ	21928.002
21932.XYZ	21932.002
21934.XYZ	21934.002
21934.XYZ	21934.004
21934.XYZ	21934.006
21936.XYZ	21936.002
21936.XYZ	21936.004
21945.XYZ	21945.002
21945.XYZ	21945.004
21961.XYZ	21961.002
21963.XYZ	21963.002
21963.XYZ	21963.004
21970.XYZ	21970.002
21972.XYZ	21972.002
21977.XYZ	21977.002
21984.XYZ	21984.002
21993.XYZ	21993.002
21993.XYZ	21993.004
21996.XYZ	21996.002
21996.XYZ	21996.004
21999.XYZ	21999.004
22002.XYZ	22002.002
22002.XYZ	22002.004
22002.XYZ	22002.006
22005.XYZ	22005.002
22005.XYZ	22005.004
22005.XYZ	22005.006
22005.XYZ	22005.008
22006.XYZ	22006.002
22008.XYZ	22008.002
22008.XYZ	22008.004
22008.XYZ	22008.006
22009.XYZ	22009.002
22010.XYZ	22010.002
22016.XYZ	22016.004
22016.XYZ	22016.006
Lbody:22016.XYZ	Lbody:22016.004
22021.XYZ	22021.002
22028.XYZ	22028.002
22035.XYZ	22035.002
22036.XYZ	22036.002
22041.XYZ	22041.002
22042.XYZ	22042.002
22042.XYZ	22042.004
Lbody:22042.XYZ	Lbody:22042.002
22042.XYZ	22042.006
22042.XYZ	22042.008
22044.XYZ	22044.002
22051.XYZ	22051.002
22052.XYZ	22052.002
22053.XYZ	22053.002
22057.XYZ	22057.002
22062.XYZ	22062.002
22077.XYZ	22077.002
22090.XYZ	22090.002
22091.XYZ	22091.002
22093.XYZ	22093.002
22109.XYZ	22109.002
22112.XYZ	22112.002
22112.XYZ	22112.004
22115.XYZ	22115.002
22129.XYZ	22129.002
22138.XYZ	22138.002
22139.XYZ	22139.002
22142.XYZ	22142.002
22148.XYZ	22148.002
22154.XYZ	22154.002
22161.XYZ	22161.002
22163.XYZ	22163.004
22166.XYZ	22166.002
22168.XYZ	22168.002
22182.XYZ	22182.002
22183.XYZ	22183.002
22197.XYZ	22197.002
22197.XYZ	22197.004
22198.XYZ	22198.002
22220.XYZ	22220.002
22226.XYZ	22226.002
22229.XYZ	22229.002
22233.XYZ	22233.002
22249.XYZ	22249.002
22254.XYZ	22254.002
22262.XYZ	22262.002
22281.XYZ	22281.002
22304.XYZ	22304.002
22307.XYZ	22307.002
22307.XYZ	22307.004
22307.XYZ	22307.006
22320.XYZ	22320.002
22324.XYZ	22324.002
22333.XYZ	22333.002
22333.XYZ	22333.004
22344.XYZ	22344.002
22353.XYZ	22353.004
22358.XYZ	22358.002
22368.XYZ	22368.002
22390.XYZ	22390.002
22416.XYZ	22416.002
22418.XYZ	22418.002
22426.XYZ	22426.002
22507.XYZ	22507.002
22524.XYZ	22524.002
22525.XYZ	22525.002
22525.XYZ	22525.004
22553.XYZ	22553.002
22563.XYZ	22563.002
22597.XYZ	22597.002
22650.XYZ	22650.002
22665.XYZ	22665.002
22669.XYZ	22669.002
22701.XYZ	22701.002
22701.XYZ	22701.004
Lbody:22701.XYZ	Lbody:22701.002
22701.XYZ	22701.006
22701.XYZ	22701.008
22729.XYZ	22729.004
22737.XYZ	22737.002
22737.XYZ	22737.004
22753.XYZ	22753.002
22753.XYZ	22753.004
22753.XYZ	22753.006
22779.XYZ	22779.002
22783.XYZ	22783.002
22785.XYZ	22785.002
22812.XYZ	22812.002
22812.XYZ	22812.004
22836.XYZ	22836.002
22861.XYZ	22861.002
22861.XYZ	22861.004
Lbody:22861.XYZ	Lbody:22861.002
22887.XYZ	22887.002
22914.XYZ	22914.004
22923.XYZ	22923.002
22923.XYZ	22923.004
22923.XYZ	22923.006
22926.XYZ	22926.002
22932.XYZ	22932.002
22935.XYZ	22935.002
22935.XYZ	22935.004
Lbody:22935.XYZ	Lbody:22935.002
22935.XYZ	22935.006
Lbody:22935.XYZ	Lbody:22935.002
22935.XYZ	22935.008
22945.XYZ	22945.002
22961.XYZ	22961.002
22967.XYZ	22967.002
22967.XYZ	22967.004
22974.XYZ	22974.002
22975.XYZ	22975.002
22978.XYZ	22978.002
22979.XYZ	22979.002
22985.XYZ	22985.002
22990.XYZ	22990.002
23000.XYZ	23000.002
23000.XYZ	23000.004
23000.XYZ	23000.006
Lbody:23000.XYZ	Lbody:23000.004
23001.XYZ	23001.002
23005.XYZ	23005.002
23009.XYZ	23009.002
23012.XYZ	23012.002
23035.XYZ	23035.002
23052.XYZ	23052.002
23062.XYZ	23062.002
23076.XYZ	23076.002
23092.XYZ	23092.002
23105.XYZ	23105.002
23105.XYZ	23105.004
23114.XYZ	23114.006
23124.XYZ	23124.002
23131.XYZ	23131.002
23133.XYZ	23133.002
23136.XYZ	23136.002
23143.XYZ	23143.002
23145.XYZ	23145.002
23145.XYZ	23145.004
Lbody:23145.XYZ	Lbody:23145.002
23149.XYZ	23149.002
23153.XYZ	23153.002
23156.XYZ	23156.002
23160.XYZ	23160.002
23160.XYZ	23160.004
23161.XYZ	23161.002
23163.XYZ	23163.002
23173.XYZ	23173.002
23181.XYZ	23181.002
23185.XYZ	23185.002
23192.XYZ	23192.002
23207.XYZ	23207.002
23211.XYZ	23211.002
23211.XYZ	23211.004
Lbody:23211.XYZ	Lbody:23211.002
23212.XYZ	23212.002
23215.XYZ	23215.002
23220.XYZ	23220.002
23224.XYZ	23224.002
23225.XYZ	23225.002
23232.XYZ	23232.002
23238.XYZ	23238.002
23238.XYZ	23238.004
23246.XYZ	23246.002
23248.XYZ	23248.002
23249.XYZ	23249.002
23252.XYZ	23252.002
23259.XYZ	23259.002
23272.XYZ	23272.002
23285.XYZ	23285.002
23285.XYZ	23285.004
23292.XYZ	23292.002
23301.XYZ	23301.002
23304.XYZ	23304.002
23304.XYZ	23304.004
23305.XYZ	23305.002
23311.XYZ	23311.002
23323.XYZ	23323.002
23332.XYZ	23332.002
23346.XYZ	23346.002
23354.XYZ	23354.002
23361.XYZ	23361.002
23362.XYZ	23362.002
23365.XYZ	23365.002
23365.XYZ	23365.004
23383.XYZ	23383.002
23383.XYZ	23383.004
23383.XYZ	23383.006
23402.XYZ	23402.002
23416.XYZ	23416.002
23461.XYZ	23461.002
23471.XYZ	23471.002
23476.XYZ	23476.002
23476.XYZ	23476.004
23477.XYZ	23477.002
23481.XYZ	23481.002
23511.XYZ	23511.002
23511.XYZ	23511.004
23511.XYZ	23511.006
23514.XYZ	23514.004
23530.XYZ	23530.002
23535.XYZ	23535.002
23557.XYZ	23557.002
23567.XYZ	23567.002
23570.XYZ	23570.002
23580.XYZ	23580.002
23584.XYZ	23584.002
23584.XYZ	23584.004
23584.XYZ	23584.006
23584.XYZ	23584.008
Lbody:23584.XYZ	Lbody:23584.006
23590.XYZ	23590.002
23598.XYZ	23598.002
23599.XYZ	23599.002
23604.XYZ	23604.002
23605.XYZ	23605.002
23605.XYZ	23605.004
Lbody:23605.XYZ	Lbody:23605.002
23605.XYZ	23605.006
Lbody:23605.XYZ	Lbody:23605.002
23608.XYZ	23608.002
23611.XYZ	23611.002
23626.XYZ	23626.002
23626.XYZ	23626.004
23629.XYZ	23629.002
23630.XYZ	23630.002
23633.XYZ	23633.002
23640.XYZ	23640.002
23640.XYZ	23640.004
23640.XYZ	23640.006
Lbody:23640.XYZ	Lbody:23640.004
23640.XYZ	23640.008
23640.XYZ	23640.010
23645.XYZ	23645.002
23656.XYZ	23656.002
23658.XYZ	23658.002
23675.XYZ	23675.002
23680.XYZ	23680.002
23680.XYZ	23680.004
Lbody:23680.XYZ	Lbody:23680.002
23683.XYZ	23683.002
23687.XYZ	23687.002
23711.XYZ	23711.002
23711.XYZ	23711.004
23712.XYZ	23712.002
23720.XYZ	23720.002
23735.XYZ	23735.002
23745.XYZ	23745.002
23749.XYZ	23749.002
23765.XYZ	23765.002
23768.XYZ	23768.002
23784.XYZ	23784.004
23793.XYZ	23793.002
23804.XYZ	23804.002
23804.XYZ	23804.004
23807.XYZ	23807.002
23826.XYZ	23826.002
23826.XYZ	23826.004
Lbody:23826.XYZ	Lbody:23826.002
23826.XYZ	23826.006
23827.XYZ	23827.002
23840.XYZ	23840.002
23840.XYZ	23840.004
23844.XYZ	23844.002
23844.XYZ	23844.004
23844.XYZ	23844.006
23854.XYZ	23854.002
23855.XYZ	23855.002
23866.XYZ	23866.002
23882.XYZ	23882.002
23882.XYZ	23882.004
23884.XYZ	23884.002
23918.XYZ	23918.002
23927.XYZ	23927.002
23927.XYZ	23927.004
23933.XYZ	23933.002
23951.XYZ	23951.002
23959.XYZ	23959.002
23959.XYZ	23959.004
23978.XYZ	23978.002
23987.XYZ	23987.002
23989.XYZ	23989.002
23995.XYZ	23995.002
23995.XYZ	23995.004
24014.XYZ	24014.002
24014.XYZ	24014.004
Lbody:24014.XYZ	Lbody:24014.002
24016.XYZ	24016.002
24019.XYZ	24019.004
24020.XYZ	24020.002
24021.XYZ	24021.002
24021.XYZ	24021.004
24022.XYZ	24022.002
24024.XYZ	24024.002
24032.XYZ	24032.002
24033.XYZ	24033.002
24038.XYZ	24038.002
24039.XYZ	24039.002
24045.XYZ	24045.002
24055.XYZ	24055.002
24060.XYZ	24060.002
24071.XYZ	24071.002
24071.XYZ	24071.004
24071.XYZ	24071.006
24071.XYZ	24071.008
24071.XYZ	24071.010
24073.XYZ	24073.002
24074.XYZ	24074.002
24074.XYZ	24074.004
24076.XYZ	24076.002
24077.XYZ	24077.002
24077.XYZ	24077.004
24081.XYZ	24081.002
24086.XYZ	24086.002
24088.XYZ	24088.002
24100.XYZ	24100.002
24109.XYZ	24109.002
24113.XYZ	24113.002
24118.XYZ	24118.002
24130.XYZ	24130.002
24136.XYZ	24136.002
24143.XYZ	24143.002
24143.XYZ	24143.004
24143.XYZ	24143.006
24144.XYZ	24144.002
24144.XYZ	24144.004
24151.XYZ	24151.002
24151.XYZ	24151.004
24153.XYZ	24153.002
24173.XYZ	24173.002
24193.XYZ	24193.002
24193.XYZ	24193.004
Lbody:24193.XYZ	Lbody:24193.002
24193.XYZ	24193.006
24225.XYZ	24225.004
24226.XYZ	24226.004
24242.XYZ	24242.002
24247.XYZ	24247.002
24253.XYZ	24253.002
24255.XYZ	24255.002
24263.XYZ	24263.002
24283.XYZ	24283.004
24296.XYZ	24296.002
24296.XYZ	24296.004
24303.XYZ	24303.002
24310.XYZ	24310.002
24310.XYZ	24310.004
24310.XYZ	24310.006
24312.XYZ	24312.002
24318.XYZ	24318.002
24320.XYZ	24320.002
24330.XYZ	24330.002
24330.XYZ	24330.004
Lbody:24330.XYZ	Lbody:24330.002
24330.XYZ	24330.006
24334.XYZ	24334.004
24334.XYZ	24334.006
24358.XYZ	24358.002
24365.XYZ	24365.004
24369.XYZ	24369.004
24382.XYZ	24382.002
24386.XYZ	24386.002
24387.XYZ	24387.002
24387.XYZ	24387.004
24398.XYZ	24398.002
24398.XYZ	24398.004
24414.XYZ	24414.002
24414.XYZ	24414.004
24415.XYZ	24415.002
24415.XYZ	24415.004
24415.XYZ	24415.006
Lbody:24415.XYZ	Lbody:24415.004
24421.XYZ	24421.002
24421.XYZ	24421.004
Lbody:24421.XYZ	Lbody:24421.002
24426.XYZ	24426.002
24426.XYZ	24426.004
24426.XYZ	24426.006
24426.XYZ	24426.008
24428.XYZ	24428.002
24429.XYZ	24429.002
24431.XYZ	24431.002
24440.XYZ	24440.002
24440.XYZ	24440.004
24451.XYZ	24451.002
24451.XYZ	24451.004
24453.XYZ	24453.002
24453.XYZ	24453.004
Lbody:24453.XYZ	Lbody:24453.002
24461.XYZ	24461.002
24463.XYZ	24463.002
24465.XYZ	24465.002
24468.XYZ	24468.002
24469.XYZ	24469.002
24470.XYZ	24470.002
24475.XYZ	24475.002
24479.XYZ	24479.004
24490.XYZ	24490.002
24497.XYZ	24497.002
24501.XYZ	24501.002
24501.XYZ	24501.004
24510.XYZ	24510.002
24520.XYZ	24520.002
24520.XYZ	24520.004
24531.XYZ	24531.002
24536.XYZ	24536.002
24540.XYZ	24540.002
24540.XYZ	24540.004
24540.XYZ	24540.006
24540.XYZ	24540.008
24560.XYZ	24560.002
24561.XYZ	24561.002
24561.XYZ	24561.004
Lbody:24561.XYZ	Lbody:24561.002
24561.XYZ	24561.006
24561.XYZ	24561.008
Lbody:24561.XYZ	Lbody:24561.006
24561.XYZ	24561.010
Lbody:24561.XYZ	Lbody:24561.006
24563.XYZ	24563.002
24563.XYZ	24563.004
24563.XYZ	24563.006
24569.XYZ	24569.004
24570.XYZ	24570.002
24571.XYZ	24571.002
24571.XYZ	24571.004
24587.XYZ	24587.002
24587.XYZ	24587.004
24587.XYZ	24587.006
24589.XYZ	24589.002
24590.XYZ	24590.002
24590.XYZ	24590.004
24600.XYZ	24600.002
24600.XYZ	24600.004
24609.XYZ	24609.002
24614.XYZ	24614.002
24621.XYZ	24621.002
24621.XYZ	24621.004
24622.XYZ	24622.002
24623.XYZ	24623.002
24632.XYZ	24632.002
24632.XYZ	24632.004
24632.XYZ	24632.006
24638.XYZ	24638.002
24638.XYZ	24638.004
24638.XYZ	24638.006
Lbody:24638.XYZ	Lbody:24638.004
24638.XYZ	24638.008
Lbody:24638.XYZ	Lbody:24638.004
24639.XYZ	24639.008
24639.XYZ	24639.010
24648.XYZ	24648.002
24649.XYZ	24649.002
24663.XYZ	24663.002
24663.XYZ	24663.004
Lbody:24663.XYZ	Lbody:24663.002
24663.XYZ	24663.006
24665.XYZ	24665.002
24666.XYZ	24666.002
24667.XYZ	24667.004
24667.XYZ	24667.006
24677.XYZ	24677.002
24682.XYZ	24682.002
24694.XYZ	24694.002
24695.XYZ	24695.002
24701.XYZ	24701.002
24701.XYZ	24701.004
24701.XYZ	24701.006
24702.XYZ	24702.002
24707.XYZ	24707.004
24707.XYZ	24707.006
24718.XYZ	24718.002
24718.XYZ	24718.004
24722.XYZ	24722.002
24722.XYZ	24722.004
24722.XYZ	24722.006
24747.XYZ	24747.004
24755.XYZ	24755.002
24755.XYZ	24755.004
24756.XYZ	24756.002
24758.XYZ	24758.002
24765.XYZ	24765.002
24765.XYZ	24765.004
24770.XYZ	24770.002
24773.XYZ	24773.002
24774.XYZ	24774.002
24776.XYZ	24776.002
24776.XYZ	24776.004
24776.XYZ	24776.006
24779.XYZ	24779.002
24785.XYZ	24785.002
24791.XYZ	24791.002
24791.XYZ	24791.004
24795.XYZ	24795.002
24800.XYZ	24800.002
24805.XYZ	24805.002
24805.XYZ	24805.004
24806.XYZ	24806.002
24806.XYZ	24806.004
24814.XYZ	24814.002
24814.XYZ	24814.004
24816.XYZ	24816.002
24822.XYZ	24822.002
24822.XYZ	24822.004
24830.XYZ	24830.002
24831.XYZ	24831.002
24834.XYZ	24834.002
24835.XYZ	24835.002
24836.XYZ	24836.004
24836.XYZ	24836.006
24849.XYZ	24849.002
24862.XYZ	24862.002
24872.XYZ	24872.002
24872.XYZ	24872.004
24872.XYZ	24872.006
24877.XYZ	24877.002
24880.XYZ	24880.002
24881.XYZ	24881.002
24894.XYZ	24894.002
24901.XYZ	24901.002
24905.XYZ	24905.002
24906.XYZ	24906.002
24906.XYZ	24906.004
24908.XYZ	24908.002
24915.XYZ	24915.002
24915.XYZ	24915.004
Lbody:24915.XYZ	Lbody:24915.002
24915.XYZ	24915.006
24918.XYZ	24918.002
24921.XYZ	24921.002
24921.XYZ	24921.004
24923.XYZ	24923.002
24926.XYZ	24926.002
24926.XYZ	24926.004
24929.XYZ	24929.002
24936.XYZ	24936.002
24946.XYZ	24946.002
24956.XYZ	24956.002
24965.XYZ	24965.006
24970.XYZ	24970.002
24970.XYZ	24970.004
24974.XYZ	24974.002
24980.XYZ	24980.002
24981.XYZ	24981.002
24986.XYZ	24986.002
24986.XYZ	24986.004
24988.XYZ	24988.002
24990.XYZ	24990.002
24990.XYZ	24990.004
24990.XYZ	24990.006
24990.XYZ	24990.008
Lbody:24990.XYZ	Lbody:24990.006
24995.XYZ	24995.002
25003.XYZ	25003.002
25025.XYZ	25025.002
25026.XYZ	25026.002
25026.XYZ	25026.004
25027.XYZ	25027.002
25030.XYZ	25030.002
25039.XYZ	25039.002
25039.XYZ	25039.004
25040.XYZ	25040.002
25043.XYZ	25043.002
25049.XYZ	25049.002
25050.XYZ	25050.004
25059.XYZ	25059.002
25062.XYZ	25062.004
25067.XYZ	25067.002
25070.XYZ	25070.002
25072.XYZ	25072.002
25078.XYZ	25078.002
25084.XYZ	25084.002
25084.XYZ	25084.004
25084.XYZ	25084.006
25085.XYZ	25085.002
25085.XYZ	25085.004
25085.XYZ	25085.006
25088.XYZ	25088.002
25097.XYZ	25097.002
25106.XYZ	25106.002
25107.XYZ	25107.002
25107.XYZ	25107.004
25107.XYZ	25107.006
Lbody:25107.XYZ	Lbody:25107.004
25107.XYZ	25107.008
25107.XYZ	25107.010
25110.XYZ	25110.002
25110.XYZ	25110.004
25111.XYZ	25111.002
25116.XYZ	25116.002
25117.XYZ	25117.002
25117.XYZ	25117.004
25118.XYZ	25118.002
25124.XYZ	25124.002
25126.XYZ	25126.002
25128.XYZ	25128.002
25135.XYZ	25135.002
25138.XYZ	25138.002
25138.XYZ	25138.004
25141.XYZ	25141.002
25142.XYZ	25142.002
25143.XYZ	25143.002
25151.XYZ	25151.002
25159.XYZ	25159.002
25163.XYZ	25163.002
25163.XYZ	25163.004
25165.XYZ	25165.002
25168.XYZ	25168.002
25169.XYZ	25169.002
25169.XYZ	25169.004
25172.XYZ	25172.002
25183.XYZ	25183.002
25183.XYZ	25183.004
25188.XYZ	25188.002
25188.XYZ	25188.004
25194.XYZ	25194.002
25194.XYZ	25194.004
25195.XYZ	25195.004
25195.XYZ	25195.006
25199.XYZ	25199.002
25199.XYZ	25199.004
25203.XYZ	25203.002
25203.XYZ	25203.004
25206.XYZ	25206.002
25212.XYZ	25212.002
25213.XYZ	25213.002
25214.XYZ	25214.002
25214.XYZ	25214.004
25217.XYZ	25217.002
25217.XYZ	25217.004
25235.XYZ	25235.004
25237.XYZ	25237.002
25237.XYZ	25237.004
25239.XYZ	25239.002
25252.XYZ	25252.002
25257.XYZ	25257.002
25260.XYZ	25260.002
25267.XYZ	25267.002
25268.XYZ	25268.002
25270.XYZ	25270.002
25270.XYZ	25270.004
25280.XYZ	25280.002
25280.XYZ	25280.004
25282.XYZ	25282.004
25294.XYZ	25294.002
25299.XYZ	25299.002
25303.XYZ	25303.002
25309.XYZ	25309.002
25310.XYZ	25310.002
25310.XYZ	25310.004
25318.XYZ	25318.002
25318.XYZ	25318.004
25318.XYZ	25318.006
25320.XYZ	25320.002
25324.XYZ	25324.002
25326.XYZ	25326.002
25330.XYZ	25330.002
25331.XYZ	25331.002
25333.XYZ	25333.002
25333.XYZ	25333.004
25333.XYZ	25333.006
25334.XYZ	25334.002
25342.XYZ	25342.002
25343.XYZ	25343.002
25343.XYZ	25343.004
25345.XYZ	25345.002
25347.XYZ	25347.002
25347.XYZ	25347.004
25348.XYZ	25348.002
25351.XYZ	25351.002
25360.XYZ	25360.002
25364.XYZ	25364.002
25364.XYZ	25364.004
25364.XYZ	25364.006
25366.XYZ	25366.002
25366.XYZ	25366.004
25368.XYZ	25368.002
25368.XYZ	25368.004
25371.XYZ	25371.002
25381.XYZ	25381.004
25394.XYZ	25394.002
25396.XYZ	25396.002
25396.XYZ	25396.004
25397.XYZ	25397.002
25397.XYZ	25397.004
Lbody:25397.XYZ	Lbody:25397.002
25408.XYZ	25408.002
25409.XYZ	25409.002
25413.XYZ	25413.002
25419.XYZ	25419.004
25422.XYZ	25422.002
25422.XYZ	25422.004
25426.XYZ	25426.002
25428.XYZ	25428.002
25428.XYZ	25428.004
Lbody:25428.XYZ	Lbody:25428.002
25428.XYZ	25428.006
25428.XYZ	25428.008
25432.XYZ	25432.004
25449.XYZ	25449.002
25458.XYZ	25458.002
25459.XYZ	25459.002
25467.XYZ	25467.002
25478.XYZ	25478.002
25482.XYZ	25482.002
25482.XYZ	25482.004
25486.XYZ	25486.002
25502.XYZ	25502.002
25502.XYZ	25502.004
25502.XYZ	25502.006
25502.XYZ	25502.008
Lbody:25502.XYZ	Lbody:25502.006
25505.XYZ	25505.002
25505.XYZ	25505.004
25505.XYZ	25505.006
25536.XYZ	25536.004
25539.XYZ	25539.002
25539.XYZ	25539.004
25547.XYZ	25547.004
25555.XYZ	25555.004
25559.XYZ	25559.002
25564.XYZ	25564.004
25564.XYZ	25564.006
25566.XYZ	25566.002
25566.XYZ	25566.004
25569.XYZ	25569.002
25573.XYZ	25573.002
25573.XYZ	25573.004
25573.XYZ	25573.006
25574.XYZ	25574.002
25577.XYZ	25577.002
25587.XYZ	25587.002
25587.XYZ	25587.004
25589.XYZ	25589.002
25591.XYZ	25591.002
25596.XYZ	25596.002
25597.XYZ	25597.002
25597.XYZ	25597.004
25599.XYZ	25599.002
25599.XYZ	25599.004
25603.XYZ	25603.002
25603.XYZ	25603.004
25603.XYZ	25603.006
Lbody:25603.XYZ	Lbody:25603.004
25603.XYZ	25603.008
25606.XYZ	25606.002
25606.XYZ	25606.004
25612.XYZ	25612.002
25612.XYZ	25612.004
25614.XYZ	25614.002
25620.XYZ	25620.002
25621.XYZ	25621.002
25621.XYZ	25621.004
25621.XYZ	25621.006
Lbody:25621.XYZ	Lbody:25621.004
25621.XYZ	25621.008
25622.XYZ	25622.002
25626.XYZ	25626.002
25631.XYZ	25631.002
25639.XYZ	25639.002
25640.XYZ	25640.002
25640.XYZ	25640.004
25641.XYZ	25641.002
25641.XYZ	25641.004
25647.XYZ	25647.002
25647.XYZ	25647.004
25651.XYZ	25651.002
25651.XYZ	25651.004
25651.XYZ	25651.006
25651.XYZ	25651.008
25651.XYZ	25651.010
25658.XYZ	25658.002
25661.XYZ	25661.002
25662.XYZ	25662.002
25662.XYZ	25662.004
25664.XYZ	25664.002
25664.XYZ	25664.004
Lbody:25664.XYZ	Lbody:25664.002
25664.XYZ	25664.006
25664.XYZ	25664.008
25667.XYZ	25667.002
25669.XYZ	25669.002
25669.XYZ	25669.004
25669.XYZ	25669.006
25670.XYZ	25670.002
25679.XYZ	25679.002
25681.XYZ	25681.002
25686.XYZ	25686.002
25690.XYZ	25690.002
25702.XYZ	25702.002
25706.XYZ	25706.002
25708.XYZ	25708.002
25719.XYZ	25719.002
25724.XYZ	25724.002
25724.XYZ	25724.004
25725.XYZ	25725.002
25725.XYZ	25725.004
25725.XYZ	25725.006
25730.XYZ	25730.002
25732.XYZ	25732.002
25732.XYZ	25732.004
25732.XYZ	25732.006
25742.XYZ	25742.002
25742.XYZ	25742.004
25747.XYZ	25747.002
25751.XYZ	25751.002
25755.XYZ	25755.002
25757.XYZ	25757.002
25775.XYZ	25775.002
25775.XYZ	25775.004
25775.XYZ	25775.006
25783.XYZ	25783.002
25783.XYZ	25783.004
25784.XYZ	25784.002
25784.XYZ	25784.004
Lbody:25784.XYZ	Lbody:25784.002
25795.XYZ	25795.002
25798.XYZ	25798.004
25799.XYZ	25799.004
25812.XYZ	25812.002
25813.XYZ	25813.002
25815.XYZ	25815.004
25818.XYZ	25818.002
25820.XYZ	25820.002
25828.XYZ	25828.002
25828.XYZ	25828.004
25829.XYZ	25829.002
25831.XYZ	25831.002
25838.XYZ	25838.002
25838.XYZ	25838.004
25842.XYZ	25842.002
25852.XYZ	25852.002
25856.XYZ	25856.002
25856.XYZ	25856.004
Lbody:25856.XYZ	Lbody:25856.002
25856.XYZ	25856.006
25857.XYZ	25857.002
25858.XYZ	25858.002
25863.XYZ	25863.002
25863.XYZ	25863.004
25863.XYZ	25863.006
Lbody:25863.XYZ	Lbody:25863.004
25872.XYZ	25872.002
25875.XYZ	25875.002
25875.XYZ	25875.004
25890.XYZ	25890.002
25906.XYZ	25906.002
25908.XYZ	25908.004
25909.XYZ	25909.002
25912.XYZ	25912.002
25931.XYZ	25931.002
25938.XYZ	25938.002
25948.XYZ	25948.002
25970.XYZ	25970.002
25975.XYZ	25975.002
25976.XYZ	25976.002
25981.XYZ	25981.004
25981.XYZ	25981.006
25983.XYZ	25983.002
25983.XYZ	25983.004
25983.XYZ	25983.006
25983.XYZ	25983.008
25986.XYZ	25986.002
25988.XYZ	25988.002
25994.XYZ	25994.002
25999.XYZ	25999.002
26011.XYZ	26011.002
26021.XYZ	26021.002
26022.XYZ	26022.002
26028.XYZ	26028.002
26028.XYZ	26028.004
26034.XYZ	26034.004
26037.XYZ	26037.002
26037.XYZ	26037.004
26037.XYZ	26037.006
26039.XYZ	26039.002
26039.XYZ	26039.004
26049.XYZ	26049.002
26051.XYZ	26051.002
26052.XYZ	26052.002
26052.XYZ	26052.004
26061.XYZ	26061.002
26066.XYZ	26066.002
26074.XYZ	26074.002
26074.XYZ	26074.004
26076.XYZ	26076.002
26080.XYZ	26080.002
26080.XYZ	26080.004
26086.XYZ	26086.002
26090.XYZ	26090.002
26091.XYZ	26091.002
26092.XYZ	26092.002
26095.XYZ	26095.002
26095.XYZ	26095.004
26095.XYZ	26095.006
26095.XYZ	26095.008
26096.XYZ	26096.002
26098.XYZ	26098.002
26098.XYZ	26098.004
26099.XYZ	26099.002
26102.XYZ	26102.002
26102.XYZ	26102.004
26102.XYZ	26102.006
26118.XYZ	26118.004
26121.XYZ	26121.002
26123.XYZ	26123.002
26126.XYZ	26126.002
26128.XYZ	26128.002
26128.XYZ	26128.004
26133.XYZ	26133.002
26133.XYZ	26133.004
26136.XYZ	26136.002
26136.XYZ	26136.004
26144.XYZ	26144.002
26148.XYZ	26148.002
26148.XYZ	26148.004
26148.XYZ	26148.006
26151.XYZ	26151.002
26151.XYZ	26151.004
26151.XYZ	26151.006
26156.XYZ	26156.002
26159.XYZ	26159.002
26159.XYZ	26159.004
Lbody:26159.XYZ	Lbody:26159.002
26159.XYZ	26159.006
26159.XYZ	26159.008
26171.XYZ	26171.002
26171.XYZ	26171.004
26171.XYZ	26171.006
26171.XYZ	26171.008
26179.XYZ	26179.002
26179.XYZ	26179.004
26180.XYZ	26180.002
26181.XYZ	26181.002
26185.XYZ	26185.002
26189.XYZ	26189.002
26190.XYZ	26190.002
26190.XYZ	26190.004
Lbody:26190.XYZ	Lbody:26190.002
26194.XYZ	26194.002
26194.XYZ	26194.004
26195.XYZ	26195.002
26203.XYZ	26203.002
26205.XYZ	26205.002
26212.XYZ	26212.002
26218.XYZ	26218.002
26219.XYZ	26219.002
26223.XYZ	26223.002
26245.XYZ	26245.002
26247.XYZ	26247.002
26253.XYZ	26253.002
26253.XYZ	26253.004
26254.XYZ	26254.002
26256.XYZ	26256.002
26256.XYZ	26256.004
26262.XYZ	26262.002
26265.XYZ	26265.002
26268.XYZ	26268.002
26277.XYZ	26277.002
26277.XYZ	26277.004
26279.XYZ	26279.002
26279.XYZ	26279.004
26309.XYZ	26309.002
26309.XYZ	26309.004
26310.XYZ	26310.002
26310.XYZ	26310.004
26316.XYZ	26316.002
26319.XYZ	26319.002
26319.XYZ	26319.004
26321.XYZ	26321.002
26321.XYZ	26321.004
26329.XYZ	26329.002
26334.XYZ	26334.002
26341.XYZ	26341.002
26344.XYZ	26344.002
26362.XYZ	26362.002
26362.XYZ	26362.004
26369.XYZ	26369.002
26369.XYZ	26369.004
26376.XYZ	26376.002
26376.XYZ	26376.004
26382.XYZ	26382.002
26388.XYZ	26388.002
26402.XYZ	26402.002
26402.XYZ	26402.004
26402.XYZ	26402.006
26403.XYZ	26403.002
26406.XYZ	26406.002
26406.XYZ	26406.004
26412.XYZ	26412.002
26412.XYZ	26412.004
Lbody:26412.XYZ	Lbody:26412.002
26412.XYZ	26412.006
26418.XYZ	26418.002
26432.XYZ	26432.002
26439.XYZ	26439.002
26439.XYZ	26439.004
26445.XYZ	26445.002
26463.XYZ	26463.002
26466.XYZ	26466.002
26468.XYZ	26468.002
26468.XYZ	26468.004
26487.XYZ	26487.002
26487.XYZ	26487.004
26487.XYZ	26487.006
26489.XYZ	26489.002
26493.XYZ	26493.004
26498.XYZ	26498.002
26498.XYZ	26498.004
26503.XYZ	26503.002
26503.XYZ	26503.004
Lbody:26503.XYZ	Lbody:26503.002
26506.XYZ	26506.002
26509.XYZ	26509.002
26513.XYZ	26513.002
26513.XYZ	26513.004
Lbody:26513.XYZ	Lbody:26513.002
26516.XYZ	26516.002
26529.XYZ	26529.002
26529.XYZ	26529.004
Lbody:26529.XYZ	Lbody:26529.002
26529.XYZ	26529.006
26531.XYZ	26531.002
26531.XYZ	26531.004
26533.XYZ	26533.002
26537.XYZ	26537.002
26576.XYZ	26576.004
26580.XYZ	26580.002
26581.XYZ	26581.004
26602.XYZ	26602.002
26602.XYZ	26602.004
26602.XYZ	26602.006
26605.XYZ	26605.002
26617.XYZ	26617.002
26628.XYZ	26628.002
26631.XYZ	26631.002
26631.XYZ	26631.004
26640.XYZ	26640.002
26648.XYZ	26648.002
26661.XYZ	26661.002
26664.XYZ	26664.002
26664.XYZ	26664.004
26688.XYZ	26688.002
26688.XYZ	26688.004
26688.XYZ	26688.006
26694.XYZ	26694.002
26699.XYZ	26699.002
26699.XYZ	26699.004
26700.XYZ	26700.002
26717.XYZ	26717.002
26718.XYZ	26718.002
26722.XYZ	26722.002
26722.XYZ	26722.004
26722.XYZ	26722.006
26726.XYZ	26726.002
26726.XYZ	26726.004
26727.XYZ	26727.002
26727.XYZ	26727.004
26728.XYZ	26728.002
26733.XYZ	26733.004
26734.XYZ	26734.004
26737.XYZ	26737.002
26738.XYZ	26738.002
26738.XYZ	26738.004
Lbody:26738.XYZ	Lbody:26738.002
26738.XYZ	26738.006
26742.XYZ	26742.002
26743.XYZ	26743.002
26746.XYZ	26746.002
26746.XYZ	26746.004
26757.XYZ	26757.002
26757.XYZ	26757.004
26757.XYZ	26757.006
26792.XYZ	26792.002
26793.XYZ	26793.002
26793.XYZ	26793.004
26793.XYZ	26793.006
26793.XYZ	26793.008
Lbody:26793.XYZ	Lbody:26793.006
26794.XYZ	26794.002
26802.XYZ	26802.002
26802.XYZ	26802.004
26804.XYZ	26804.002
26819.XYZ	26819.002
26822.XYZ	26822.002
26824.XYZ	26824.002
26830.XYZ	26830.002
26835.XYZ	26835.002
26839.XYZ	26839.002
26839.XYZ	26839.004
26847.XYZ	26847.002
26849.XYZ	26849.002
26851.XYZ	26851.002
26862.XYZ	26862.002
26862.XYZ	26862.004
26863.XYZ	26863.002
26864.XYZ	26864.002
26864.XYZ	26864.004
Lbody:26864.XYZ	Lbody:26864.002
26865.XYZ	26865.002
26874.XYZ	26874.002
26879.XYZ	26879.002
26899.XYZ	26899.002
26908.XYZ	26908.002
26908.XYZ	26908.004
26908.XYZ	26908.006
26908.XYZ	26908.008
26909.XYZ	26909.002
26909.XYZ	26909.004
26911.XYZ	26911.002
26911.XYZ	26911.004
26913.XYZ	26913.002
26913.XYZ	26913.004
26913.XYZ	26913.006
26913.XYZ	26913.008
Lbody:26913.XYZ	Lbody:26913.006
26913.XYZ	26913.010
26913.XYZ	26913.012
26923.XYZ	26923.002
26934.XYZ	26934.002
26934.XYZ	26934.004
26942.XYZ	26942.002
26944.XYZ	26944.002
26944.XYZ	26944.004
26947.XYZ	26947.002
26949.XYZ	26949.002
26958.XYZ	26958.002
26959.XYZ	26959.002
26961.XYZ	26961.002
26969.XYZ	26969.002
26983.XYZ	26983.002
26987.XYZ	26987.002
26988.XYZ	26988.002
26989.XYZ	26989.002
26989.XYZ	26989.004
26989.XYZ	26989.006
26991.XYZ	26991.002
26998.XYZ	26998.002
26998.XYZ	26998.004
27006.XYZ	27006.002
27006.XYZ	27006.004
27010.XYZ	27010.002
27011.XYZ	27011.002
27015.XYZ	27015.002
27015.XYZ	27015.004
Lbody:27015.XYZ	Lbody:27015.002
27018.XYZ	27018.002
27028.XYZ	27028.002
27032.XYZ	27032.002
27035.XYZ	27035.002
27035.XYZ	27035.004
27038.XYZ	27038.002
27038.XYZ	27038.004
27040.XYZ	27040.002
27045.XYZ	27045.002
27045.XYZ	27045.004
27047.XYZ	27047.002
27052.XYZ	27052.002
27059.XYZ	27059.002
27059.XYZ	27059.004
27059.XYZ	27059.006
27065.XYZ	27065.004
27071.XYZ	27071.002
27073.XYZ	27073.002
27073.XYZ	27073.004
27079.XYZ	27079.002
27079.XYZ	27079.004
27080.XYZ	27080.002
27084.XYZ	27084.002
27085.XYZ	27085.002
27088.XYZ	27088.002
27095.XYZ	27095.002
27097.XYZ	27097.002
27106.XYZ	27106.004
27109.XYZ	27109.002
27117.XYZ	27117.002
27132.XYZ	27132.002
27133.XYZ	27133.002
27133.XYZ	27133.004
27133.XYZ	27133.006
27136.XYZ	27136.002
27146.XYZ	27146.002
27156.XYZ	27156.002
27161.XYZ	27161.002
27163.XYZ	27163.002
27164.XYZ	27164.002
27165.XYZ	27165.002
27169.XYZ	27169.002
27177.XYZ	27177.002
27177.XYZ	27177.004
27177.XYZ	27177.006
27187.XYZ	27187.002
27187.XYZ	27187.004
27187.XYZ	27187.006
27188.XYZ	27188.002
27188.XYZ	27188.004
27195.XYZ	27195.002
27196.XYZ	27196.002
27196.XYZ	27196.004
27196.XYZ	27196.006
27209.XYZ	27209.002
27210.XYZ	27210.002
27214.XYZ	27214.002
27214.XYZ	27214.004
Lbody:27214.XYZ	Lbody:27214.002
27224.XYZ	27224.002
27225.XYZ	27225.002
27226.XYZ	27226.002
27233.XYZ	27233.002
27233.XYZ	27233.004
27238.XYZ	27238.002
27238.XYZ	27238.004
27239.XYZ	27239.002
27248.XYZ	27248.004
27252.XYZ	27252.002
27252.XYZ	27252.004
27255.XYZ	27255.002
27259.XYZ	27259.002
27264.XYZ	27264.002
27265.XYZ	27265.002
27267.XYZ	27267.002
27273.XYZ	27273.002
27283.XYZ	27283.002
27293.XYZ	27293.002
27296.XYZ	27296.002
27297.XYZ	27297.002
27299.XYZ	27299.002
27299.XYZ	27299.004
27310.XYZ	27310.002
27310.XYZ	27310.004
27310.XYZ	27310.006
27315.XYZ	27315.002
27320.XYZ	27320.002
27320.XYZ	27320.004
27331.XYZ	27331.002
27335.XYZ	27335.002
27338.XYZ	27338.002
27338.XYZ	27338.004
27341.XYZ	27341.002
27341.XYZ	27341.004
27343.XYZ	27343.002
27346.XYZ	27346.002
27347.XYZ	27347.002
27351.XYZ	27351.002
27351.XYZ	27351.004
27352.XYZ	27352.002
27357.XYZ	27357.002
27357.XYZ	27357.004
27366.XYZ	27366.002
27373.XYZ	27373.002
27376.XYZ	27376.002
27378.XYZ	27378.002
27382.XYZ	27382.002
27382.XYZ	27382.004
27396.XYZ	27396.002
27402.XYZ	27402.002
27407.XYZ	27407.002
27409.XYZ	27409.002
27409.XYZ	27409.004
27410.XYZ	27410.002
27420.XYZ	27420.002
27420.XYZ	27420.004
Lbody:27420.XYZ	Lbody:27420.002
27420.XYZ	27420.006
27421.XYZ	27421.002
27421.XYZ	27421.004
27427.XYZ	27427.002
27427.XYZ	27427.004
27428.XYZ	27428.002
27430.XYZ	27430.002
27440.XYZ	27440.002
27440.XYZ	27440.004
27446.XYZ	27446.002
27446.XYZ	27446.004
Lbody:27446.XYZ	Lbody:27446.002
27450.XYZ	27450.004
27464.XYZ	27464.002
27483.XYZ	27483.002
27500.XYZ	27500.002
27500.XYZ	27500.004
27513.XYZ	27513.002
27518.XYZ	27518.002
27520.XYZ	27520.002
27520.XYZ	27520.004
27527.XYZ	27527.002
27527.XYZ	27527.004
27530.XYZ	27530.002
27531.XYZ	27531.002
27531.XYZ	27531.004
27532.XYZ	27532.002
27533.XYZ	27533.002
27533.XYZ	27533.004
27542.XYZ	27542.002
27542.XYZ	27542.004
Lbody:27542.XYZ	Lbody:27542.002
27542.XYZ	27542.006
27548.XYZ	27548.002
27551.XYZ	27551.002
27554.XYZ	27554.002
27555.XYZ	27555.002
27555.XYZ	27555.004
27578.XYZ	27578.004
27578.XYZ	27578.006
27578.XYZ	27578.008
27585.XYZ	27585.002
27585.XYZ	27585.004
27587.XYZ	27587.002
27591.XYZ	27591.002
27606.XYZ	27606.002
27606.XYZ	27606.004
27607.XYZ	27607.004
27608.XYZ	27608.002
27623.XYZ	27623.002
27627.XYZ	27627.002
27632.XYZ	27632.002
27641.XYZ	27641.002
27642.XYZ	27642.002
27645.XYZ	27645.002
27652.XYZ	27652.002
27652.XYZ	27652.004
27653.XYZ	27653.002
27653.XYZ	27653.004
27657.XYZ	27657.002
27662.XYZ	27662.002
27669.XYZ	27669.002
27672.XYZ	27672.002
27672.XYZ	27672.004
Lbody:27672.XYZ	Lbody:27672.002
27672.XYZ	27672.006
27675.XYZ	27675.002
27678.XYZ	27678.002
27681.XYZ	27681.002
27681.XYZ	27681.004
27681.XYZ	27681.006
27686.XYZ	27686.002
27689.XYZ	27689.002
27690.XYZ	27690.002
27691.XYZ	27691.002
27693.XYZ	27693.002
27693.XYZ	27693.004
27698.XYZ	27698.002
27698.XYZ	27698.004
27704.XYZ	27704.002
27707.XYZ	27707.002
27707.XYZ	27707.004
27710.XYZ	27710.002
27712.XYZ	27712.002
27713.XYZ	27713.002
27714.XYZ	27714.002
27716.XYZ	27716.002
27717.XYZ	27717.002
27717.XYZ	27717.004
27722.XYZ	27722.004
27728.XYZ	27728.002
27729.XYZ	27729.002
27729.XYZ	27729.004
27731.XYZ	27731.002
27736.XYZ	27736.002
27736.XYZ	27736.004
27736.XYZ	27736.006
27740.XYZ	27740.002
27740.XYZ	27740.004
27744.XYZ	27744.002
27744.XYZ	27744.004
27784.XYZ	27784.002
27798.XYZ	27798.002
27812.XYZ	27812.002
27816.XYZ	27816.002
27816.XYZ	27816.004
27820.XYZ	27820.002
27823.XYZ	27823.002
27829.XYZ	27829.002
27829.XYZ	27829.004
27831.XYZ	27831.002
27838.XYZ	27838.002
27848.XYZ	27848.002
27850.XYZ	27850.002
27857.XYZ	27857.002
27860.XYZ	27860.002
27860.XYZ	27860.004
27863.XYZ	27863.002
27863.XYZ	27863.004
27865.XYZ	27865.002
27865.XYZ	27865.004
27868.XYZ	27868.002
27870.XYZ	27870.002
27870.XYZ	27870.004
27880.XYZ	27880.002
27904.XYZ	27904.002
27906.XYZ	27906.002
27916.XYZ	27916.002
27916.XYZ	27916.004
27917.XYZ	27917.002
27925.XYZ	27925.002
27925.XYZ	27925.004
27929.XYZ	27929.002
27949.XYZ	27949.002
27950.XYZ	27950.002
27950.XYZ	27950.004
27951.XYZ	27951.002
27956.XYZ	27956.002
27959.XYZ	27959.002
27960.XYZ	27960.002
27966.XYZ	27966.002
27969.XYZ	27969.002
27969.XYZ	27969.004
27977.XYZ	27977.002
27977.XYZ	27977.004
27982.XYZ	27982.002
27982.XYZ	27982.004
27991.XYZ	27991.002
27991.XYZ	27991.004
28013.XYZ	28013.002
28021.XYZ	28021.002
28022.XYZ	28022.002
28038.XYZ	28038.002
28051.XYZ	28051.002
28055.XYZ	28055.002
28069.XYZ	28069.002
28071.XYZ	28071.002
28089.XYZ	28089.002
28090.XYZ	28090.002
28097.XYZ	28097.002
28098.XYZ	28098.002
28098.XYZ	28098.004
28098.XYZ	28098.006
28100.XYZ	28100.002
28108.XYZ	28108.002
28117.XYZ	28117.002
28119.XYZ	28119.002
28126.XYZ	28126.002
28132.XYZ	28132.002
28135.XYZ	28135.002
28139.XYZ	28139.002
28152.XYZ	28152.002
28169.XYZ	28169.002
28182.XYZ	28182.002
28191.XYZ	28191.002
28191.XYZ	28191.004
28195.XYZ	28195.002
28195.XYZ	28195.004
28200.XYZ	28200.002
28203.XYZ	28203.004
28207.XYZ	28207.002
28207.XYZ	28207.004
Lbody:28207.XYZ	Lbody:28207.002
28207.XYZ	28207.006
28207.XYZ	28207.008
28210.XYZ	28210.002
28210.XYZ	28210.004
28210.XYZ	28210.006
28211.XYZ	28211.002
28211.XYZ	28211.004
28218.XYZ	28218.002
28218.XYZ	28218.004
28222.XYZ	28222.002
28222.XYZ	28222.004
28225.XYZ	28225.002
28230.XYZ	28230.002
28230.XYZ	28230.004
28232.XYZ	28232.002
28233.XYZ	28233.002
28236.XYZ	28236.002
28242.XYZ	28242.002
28248.XYZ	28248.002
28248.XYZ	28248.004
28256.XYZ	28256.002
28266.XYZ	28266.002
28277.XYZ	28277.002
28283.XYZ	28283.002
28285.XYZ	28285.002
28285.XYZ	28285.004
28289.XYZ	28289.002
28297.XYZ	28297.002
28297.XYZ	28297.004
28297.XYZ	28297.006
Lbody:28297.XYZ	Lbody:28297.004
28301.XYZ	28301.002
28301.XYZ	28301.004
Lbody:28301.XYZ	Lbody:28301.002
28301.XYZ	28301.006
28301.XYZ	28301.008
28306.XYZ	28306.002
28310.XYZ	28310.002
28311.XYZ	28311.002
28313.XYZ	28313.002
28313.XYZ	28313.004
28318.XYZ	28318.002
28331.XYZ	28331.002
28344.XYZ	28344.002
28349.XYZ	28349.002
28352.XYZ	28352.002
28352.XYZ	28352.004
28364.XYZ	28364.002
28364.XYZ	28364.004
28365.XYZ	28365.002
28366.XYZ	28366.002
28369.XYZ	28369.002
28369.XYZ	28369.004
28369.XYZ	28369.006
28383.XYZ	28383.002
28385.XYZ	28385.002
28388.XYZ	28388.002
28399.XYZ	28399.002
28401.XYZ	28401.002
28419.XYZ	28419.002
28433.XYZ	28433.002
28433.XYZ	28433.004
28435.XYZ	28435.002
28441.XYZ	28441.002
28442.XYZ	28442.002
28446.XYZ	28446.002
28446.XYZ	28446.004
28450.XYZ	28450.002
28455.XYZ	28455.002
28459.XYZ	28459.004
28459.XYZ	28459.006
28459.XYZ	28459.008
28467.XYZ	28467.002
28467.XYZ	28467.004
28469.XYZ	28469.002
28479.XYZ	28479.002
28479.XYZ	28479.004
28483.XYZ	28483.002
28486.XYZ	28486.002
28486.XYZ	28486.004
28487.XYZ	28487.002
28488.XYZ	28488.002
28489.XYZ	28489.002
28489.XYZ	28489.004
Lbody:28489.XYZ	Lbody:28489.002
28489.XYZ	28489.006
28493.XYZ	28493.002
28500.XYZ	28500.002
28504.XYZ	28504.002
28512.XYZ	28512.004
28528.XYZ	28528.002
28528.XYZ	28528.004
28542.XYZ	28542.002
28543.XYZ	28543.002
28545.XYZ	28545.002
28546.XYZ	28546.002
28546.XYZ	28546.004
28548.XYZ	28548.002
28560.XYZ	28560.002
28561.XYZ	28561.002
28572.XYZ	28572.002
28574.XYZ	28574.002
28574.XYZ	28574.004
28575.XYZ	28575.002
28575.XYZ	28575.004
28588.XYZ	28588.002
28590.XYZ	28590.002
28590.XYZ	28590.004
28592.XYZ	28592.002
28592.XYZ	28592.004
28592.XYZ	28592.006
28593.XYZ	28593.002
28594.XYZ	28594.002
28594.XYZ	28594.004
28605.XYZ	28605.002
28605.XYZ	28605.004
28605.XYZ	28605.006
28608.XYZ	28608.002
28611.XYZ	28611.002
28612.XYZ	28612.002
28615.XYZ	28615.002
28615.XYZ	28615.004
28615.XYZ	28615.006
28618.XYZ	28618.002
28618.XYZ	28618.004
28618.XYZ	28618.006
Lbody:28618.XYZ	Lbody:28618.004
28618.XYZ	28618.008
28636.XYZ	28636.002
28636.XYZ	28636.004
28639.XYZ	28639.002
28639.XYZ	28639.004
28639.XYZ	28639.006
Lbody:28639.XYZ	Lbody:28639.004
28639.XYZ	28639.008
28650.XYZ	28650.002
28662.XYZ	28662.002
28663.XYZ	28663.002
28663.XYZ	28663.004
28668.XYZ	28668.002
28668.XYZ	28668.004
28673.XYZ	28673.004
28673.XYZ	28673.006
28687.XYZ	28687.002
28700.XYZ	28700.002
28701.XYZ	28701.002
28702.XYZ	28702.002
28710.XYZ	28710.004
28716.XYZ	28716.002
28716.XYZ	28716.004
28724.XYZ	28724.002
28730.XYZ	28730.002
28730.XYZ	28730.004
Lbody:28730.XYZ	Lbody:28730.002
28730.XYZ	28730.006
28735.XYZ	28735.002
28740.XYZ	28740.002
28745.XYZ	28745.002
28745.XYZ	28745.004
28745.XYZ	28745.006
28756.XYZ	28756.002
28761.XYZ	28761.002
28764.XYZ	28764.004
28766.XYZ	28766.004
28768.XYZ	28768.002
28769.XYZ	28769.002
28778.XYZ	28778.002
28793.XYZ	28793.002
28798.XYZ	28798.002
28798.XYZ	28798.004
28798.XYZ	28798.006
28800.XYZ	28800.002
28809.XYZ	28809.002
28819.XYZ	28819.002
28823.XYZ	28823.002
28825.XYZ	28825.002
28837.XYZ	28837.002
28842.XYZ	28842.002
28842.XYZ	28842.004
28844.XYZ	28844.002
28845.XYZ	28845.002
28847.XYZ	28847.002
28857.XYZ	28857.002
28857.XYZ	28857.004
28859.XYZ	28859.002
28860.XYZ	28860.002
28862.XYZ	28862.002
28864.XYZ	28864.002
28866.XYZ	28866.002
28874.XYZ	28874.002
28875.XYZ	28875.002
28881.XYZ	28881.002
28885.XYZ	28885.002
28885.XYZ	28885.004
Lbody:28885.XYZ	Lbody:28885.002
28885.XYZ	28885.006
28886.XYZ	28886.002
28897.XYZ	28897.002
28905.XYZ	28905.002
28910.XYZ	28910.002
28911.XYZ	28911.002
28912.XYZ	28912.002
28925.XYZ	28925.002
28928.XYZ	28928.002
28929.XYZ	28929.002
28933.XYZ	28933.002
28933.XYZ	28933.004
Lbody:28933.XYZ	Lbody:28933.002
28935.XYZ	28935.002
28935.XYZ	28935.004
28947.XYZ	28947.002
28951.XYZ	28951.002
28967.XYZ	28967.002
28971.XYZ	28971.002
28971.XYZ	28971.004
28972.XYZ	28972.002
28972.XYZ	28972.004
28975.XYZ	28975.002
28989.XYZ	28989.002
28990.XYZ	28990.004
28991.XYZ	28991.002
28995.XYZ	28995.002
28996.XYZ	28996.002
28996.XYZ	28996.004
29000.XYZ	29000.002
29001.XYZ	29001.002
29001.XYZ	29001.004
29011.XYZ	29011.002
29013.XYZ	29013.002
29013.XYZ	29013.004
Lbody:29013.XYZ	Lbody:29013.002
29018.XYZ	29018.002
29018.XYZ	29018.004
29018.XYZ	29018.006
29018.XYZ	29018.008
Lbody:29018.XYZ	Lbody:29018.006
29022.XYZ	29022.002
29022.XYZ	29022.004
Lbody:29022.XYZ	Lbody:29022.002
29022.XYZ	29022.006
29025.XYZ	29025.002
29026.XYZ	29026.002
29031.XYZ	29031.002
29033.XYZ	29033.002
29033.XYZ	29033.004
29033.XYZ	29033.006
29037.XYZ	29037.002
29050.XYZ	29050.002
29050.XYZ	29050.004
29053.XYZ	29053.002
29053.XYZ	29053.004
29060.XYZ	29060.002
29063.XYZ	29063.002
29063.XYZ	29063.004
Lbody:29063.XYZ	Lbody:29063.002
29065.XYZ	29065.002
29066.XYZ	29066.002
29066.XYZ	29066.004
29072.XYZ	29072.002
29084.XYZ	29084.002
29084.XYZ	29084.004
29084.XYZ	29084.006
29085.XYZ	29085.002
29089.XYZ	29089.002
29089.XYZ	29089.004
29089.XYZ	29089.006
29094.XYZ	29094.002
29097.XYZ	29097.002
29098.XYZ	29098.002
29098.XYZ	29098.004
29099.XYZ	29099.002
29101.XYZ	29101.004
29102.XYZ	29102.002
29102.XYZ	29102.004
29109.XYZ	29109.004
29109.XYZ	29109.006
29113.XYZ	29113.002
29118.XYZ	29118.002
29120.XYZ	29120.002
29121.XYZ	29121.002
29121.XYZ	29121.004
29128.XYZ	29128.002
29131.XYZ	29131.002
29131.XYZ	29131.004
Lbody:29131.XYZ	Lbody:29131.002
29132.XYZ	29132.002
29134.XYZ	29134.002
29136.XYZ	29136.002
29149.XYZ	29149.002
29149.XYZ	29149.004
29151.XYZ	29151.004
29154.XYZ	29154.002
29163.XYZ	29163.002
29166.XYZ	29166.002
29166.XYZ	29166.004
29169.XYZ	29169.002
29175.XYZ	29175.002
29177.XYZ	29177.002
29185.XYZ	29185.002
29187.XYZ	29187.002
29187.XYZ	29187.004
Lbody:29187.XYZ	Lbody:29187.002
29211.XYZ	29211.002
29226.XYZ	29226.002
29230.XYZ	29230.002
29234.XYZ	29234.002
29235.XYZ	29235.002
29242.XYZ	29242.002
29251.XYZ	29251.002
29251.XYZ	29251.004
29260.XYZ	29260.002
29264.XYZ	29264.002
29267.XYZ	29267.002
29271.XYZ	29271.002
29275.XYZ	29275.002
29279.XYZ	29279.002
29303.XYZ	29303.002
29303.XYZ	29303.004
29308.XYZ	29308.002
29334.XYZ	29334.002
29348.XYZ	29348.002
29359.XYZ	29359.002
29363.XYZ	29363.002
29373.XYZ	29373.002
29384.XYZ	29384.002
29384.XYZ	29384.004
29384.XYZ	29384.006
29385.XYZ	29385.002
29398.XYZ	29398.002
29404.XYZ	29404.002
29404.XYZ	29404.004
29424.XYZ	29424.002
29428.XYZ	29428.002
29433.XYZ	29433.002
29434.XYZ	29434.002
29440.XYZ	29440.002
29444.XYZ	29444.002
29458.XYZ	29458.002
29463.XYZ	29463.004
29498.XYZ	29498.002
29498.XYZ	29498.004
Lbody:29498.XYZ	Lbody:29498.002
29503.XYZ	29503.002
29520.XYZ	29520.002
29522.XYZ	29522.002
29535.XYZ	29535.002
29535.XYZ	29535.004
Lbody:29535.XYZ	Lbody:29535.002
29535.XYZ	29535.006
29541.XYZ	29541.002
29541.XYZ	29541.004
29544.XYZ	29544.002
29547.XYZ	29547.002
29552.XYZ	29552.002
29560.XYZ	29560.002
29563.XYZ	29563.002
29565.XYZ	29565.002
29565.XYZ	29565.004
29566.XYZ	29566.002
29568.XYZ	29568.002
29568.XYZ	29568.004
29571.XYZ	29571.002
29572.XYZ	29572.002
29573.XYZ	29573.002
29575.XYZ	29575.002
29575.XYZ	29575.004
29589.XYZ	29589.002
29592.XYZ	29592.002
29593.XYZ	29593.002
29597.XYZ	29597.002
29598.XYZ	29598.002
29599.XYZ	29599.002
29599.XYZ	29599.004
29605.XYZ	29605.002
29605.XYZ	29605.004
29605.XYZ	29605.006
29607.XYZ	29607.002
29607.XYZ	29607.004
29619.XYZ	29619.002
29628.XYZ	29628.002
29636.XYZ	29636.002
29636.XYZ	29636.004
29640.XYZ	29640.002
29641.XYZ	29641.002
29657.XYZ	29657.002
29660.XYZ	29660.002
29660.XYZ	29660.004
29666.XYZ	29666.002
29666.XYZ	29666.004
29672.XYZ	29672.002
29679.XYZ	29679.002
29700.XYZ	29700.002
29704.XYZ	29704.002
29767.XYZ	29767.002
29771.XYZ	29771.002
29773.XYZ	29773.002
29784.XYZ	29784.002
29785.XYZ	29785.002
29786.XYZ	29786.002
29791.XYZ	29791.002
29795.XYZ	29795.002
29812.XYZ	29812.002
29815.XYZ	29815.002
29825.XYZ	29825.002
29825.XYZ	29825.004
29827.XYZ	29827.002
29844.XYZ	29844.002
29847.XYZ	29847.002
29888.XYZ	29888.002
29912.XYZ	29912.002
29915.XYZ	29915.002
29919.XYZ	29919.002
29923.XYZ	29923.002
29923.XYZ	29923.004
29941.XYZ	29941.002
29941.XYZ	29941.004
29966.XYZ	29966.002
29973.XYZ	29973.002
29979.XYZ	29979.004
29988.XYZ	29988.002
30009.XYZ	30009.002
30010.XYZ	30010.002
30022.XYZ	30022.002
30022.XYZ	30022.004
30036.XYZ	30036.002
30037.XYZ	30037.002
30047.XYZ	30047.002
30052.XYZ	30052.002
30052.XYZ	30052.004
Lbody:30052.XYZ	Lbody:30052.002
30052.XYZ	30052.006
30085.XYZ	30085.002
30085.XYZ	30085.004
30093.XYZ	30093.002
30105.XYZ	30105.002
30105.XYZ	30105.004
30106.XYZ	30106.002
30114.XYZ	30114.002
30133.XYZ	30133.002
30134.XYZ	30134.002
30134.XYZ	30134.004
30143.XYZ	30143.002
30154.XYZ	30154.002
30154.XYZ	30154.004
30154.XYZ	30154.006
30155.XYZ	30155.002
30161.XYZ	30161.004
30162.XYZ	30162.002
30168.XYZ	30168.002
30171.XYZ	30171.002
30174.XYZ	30174.002
30187.XYZ	30187.002
30187.XYZ	30187.004
30196.XYZ	30196.002
30208.XYZ	30208.002
30226.XYZ	30226.002
30244.XYZ	30244.002
30247.XYZ	30247.002
30247.XYZ	30247.004
30251.XYZ	30251.002
30251.XYZ	30251.004
30255.XYZ	30255.002
30266.XYZ	30266.002
30267.XYZ	30267.002
30272.XYZ	30272.004
30274.XYZ	30274.002
30275.XYZ	30275.002
30285.XYZ	30285.002
30285.XYZ	30285.004
30287.XYZ	30287.002
30291.XYZ	30291.002
30291.XYZ	30291.004
30291.XYZ	30291.006
30296.XYZ	30296.002
30319.XYZ	30319.002
30321.XYZ	30321.002
30322.XYZ	30322.002
30325.XYZ	30325.002
30327.XYZ	30327.002
30339.XYZ	30339.002
30340.XYZ	30340.002
30340.XYZ	30340.004
30342.XYZ	30342.002
30347.XYZ	30347.002
30349.XYZ	30349.002
30350.XYZ	30350.002
30350.XYZ	30350.004
Lbody:30350.XYZ	Lbody:30350.002
30350.XYZ	30350.006
30350.XYZ	30350.008
30351.XYZ	30351.002
30354.XYZ	30354.004
30357.XYZ	30357.002
30359.XYZ	30359.002
30360.XYZ	30360.002
30366.XYZ	30366.002
30366.XYZ	30366.004
30379.XYZ	30379.002
30381.XYZ	30381.002
30387.XYZ	30387.002
30394.XYZ	30394.002
30396.XYZ	30396.002
30396.XYZ	30396.004
30396.XYZ	30396.006
30403.XYZ	30403.002
30403.XYZ	30403.004
30405.XYZ	30405.002
30409.XYZ	30409.002
30432.XYZ	30432.002
30432.XYZ	30432.004
30432.XYZ	30432.006
30452.XYZ	30452.002
30505.XYZ	30505.002
30506.XYZ	30506.002
30519.XYZ	30519.002
30522.XYZ	30522.002
30522.XYZ	30522.004
30532.XYZ	30532.002
30569.XYZ	30569.002
30569.XYZ	30569.004
30580.XYZ	30580.002
30583.XYZ	30583.004
30589.XYZ	30589.002
30589.XYZ	30589.004
30593.XYZ	30593.002
30597.XYZ	30597.002
30603.XYZ	30603.002
30606.XYZ	30606.002
30612.XYZ	30612.002
30623.XYZ	30623.002
30637.XYZ	30637.002
30637.XYZ	30637.004
Lbody:30637.XYZ	Lbody:30637.002
30638.XYZ	30638.004
30640.XYZ	30640.002
30640.XYZ	30640.004
30644.XYZ	30644.002
30652.XYZ	30652.002
30652.XYZ	30652.004
30655.XYZ	30655.002
30659.XYZ	30659.002
30666.XYZ	30666.002
30666.XYZ	30666.004
30668.XYZ	30668.002
30670.XYZ	30670.002
30694.XYZ	30694.002
30706.XYZ	30706.002
30706.XYZ	30706.004
30707.XYZ	30707.002
30707.XYZ	30707.004
30710.XYZ	30710.002
30710.XYZ	30710.004
30714.XYZ	30714.002
30718.XYZ	30718.002
30718.XYZ	30718.004
30727.XYZ	30727.002
30729.XYZ	30729.002
30730.XYZ	30730.002
30735.XYZ	30735.002
30735.XYZ	30735.004
30738.XYZ	30738.002
30738.XYZ	30738.004
Lbody:30738.XYZ	Lbody:30738.002
30741.XYZ	30741.002
30743.XYZ	30743.002
30747.XYZ	30747.002
30760.XYZ	30760.002
30760.XYZ	30760.004
30762.XYZ	30762.002
30776.XYZ	30776.002
30790.XYZ	30790.002
30796.XYZ	30796.002
30818.XYZ	30818.002
30818.XYZ	30818.004
Lbody:30818.XYZ	Lbody:30818.002
30821.XYZ	30821.002
30826.XYZ	30826.002
30840.XYZ	30840.002
30842.XYZ	30842.002
30852.XYZ	30852.002
30857.XYZ	30857.002
30870.XYZ	30870.002
30871.XYZ	30871.002
30874.XYZ	30874.002
30897.XYZ	30897.002
30904.XYZ	30904.002
30906.XYZ	30906.002
30906.XYZ	30906.004
30912.XYZ	30912.002
30933.XYZ	30933.002
30933.XYZ	30933.004
30933.XYZ	30933.006
30936.XYZ	30936.002
30938.XYZ	30938.002
30942.XYZ	30942.002
30946.XYZ	30946.002
30947.XYZ	30947.002
30949.XYZ	30949.002
30953.XYZ	30953.002
30955.XYZ	30955.002
30955.XYZ	30955.004
30956.XYZ	30956.002
30956.XYZ	30956.004
30957.XYZ	30957.002
30957.XYZ	30957.004
30960.XYZ	30960.002
30961.XYZ	30961.002
30963.XYZ	30963.002
30963.XYZ	30963.004
30966.XYZ	30966.002
30967.XYZ	30967.002
30968.XYZ	30968.002
30981.XYZ	30981.002
30986.XYZ	30986.002
30989.XYZ	30989.002
31008.XYZ	31008.002
31008.XYZ	31008.004
31017.XYZ	31017.002
31019.XYZ	31019.002
31034.XYZ	31034.002
31034.XYZ	31034.004
31036.XYZ	31036.002
31054.XYZ	31054.002
31056.XYZ	31056.002
31056.XYZ	31056.004
Lbody:31056.XYZ	Lbody:31056.002
31056.XYZ	31056.006
31057.XYZ	31057.002
31062.XYZ	31062.002
31065.XYZ	31065.002
31065.XYZ	31065.004
31066.XYZ	31066.002
31068.XYZ	31068.002
31068.XYZ	31068.004
31071.XYZ	31071.002
31071.XYZ	31071.004
31077.XYZ	31077.002
31077.XYZ	31077.004
31078.XYZ	31078.002
31081.XYZ	31081.002
31081.XYZ	31081.004
31087.XYZ	31087.002
31088.XYZ	31088.004
31091.XYZ	31091.002
31092.XYZ	31092.002
31092.XYZ	31092.004
31092.XYZ	31092.006
31098.XYZ	31098.002
31100.XYZ	31100.002
31133.XYZ	31133.002
31134.XYZ	31134.002
31139.XYZ	31139.002
31145.XYZ	31145.002
31145.XYZ	31145.004
31145.XYZ	31145.006
31149.XYZ	31149.002
31155.XYZ	31155.002
31166.XYZ	31166.002
31181.XYZ	31181.002
31192.XYZ	31192.002
31244.XYZ	31244.002
31249.XYZ	31249.002
31249.XYZ	31249.004
31269.XYZ	31269.002
31273.XYZ	31273.004
31288.XYZ	31288.002
31292.XYZ	31292.002
31302.XYZ	31302.002
31302.XYZ	31302.004
31337.XYZ	31337.002
31346.XYZ	31346.002
31362.XYZ	31362.002
31362.XYZ	31362.004
31367.XYZ	31367.002
31399.XYZ	31399.002
31410.XYZ	31410.002
31410.XYZ	31410.004
31437.XYZ	31437.002
31446.XYZ	31446.002
31467.XYZ	31467.002
31484.XYZ	31484.002
31499.XYZ	31499.002
31502.XYZ	31502.002
31504.XYZ	31504.002
31517.XYZ	31517.002
31522.XYZ	31522.002
31523.XYZ	31523.002
31524.XYZ	31524.002
31535.XYZ	31535.002
31537.XYZ	31537.004
31541.XYZ	31541.004
31546.XYZ	31546.002
31574.XYZ	31574.002
31582.XYZ	31582.002
31582.XYZ	31582.004
31588.XYZ	31588.004
31588.XYZ	31588.006
31593.XYZ	31593.004
31601.XYZ	31601.002
31601.XYZ	31601.004
31607.XYZ	31607.002
31611.XYZ	31611.002
31629.XYZ	31629.002
31650.XYZ	31650.004
31651.XYZ	31651.004
31651.XYZ	31651.006
31651.XYZ	31651.008
Lbody:31651.XYZ	Lbody:31651.006
31651.XYZ	31651.010
31655.XYZ	31655.002
31657.XYZ	31657.002
31662.XYZ	31662.002
31662.XYZ	31662.004
31664.XYZ	31664.002
31667.XYZ	31667.002
31675.XYZ	31675.004
31676.XYZ	31676.002
31676.XYZ	31676.004
31682.XYZ	31682.002
31684.XYZ	31684.002
31687.XYZ	31687.002
31691.XYZ	31691.002
31692.XYZ	31692.002
31695.XYZ	31695.002
31700.XYZ	31700.002
31700.XYZ	31700.004
31714.XYZ	31714.002
31720.XYZ	31720.002
31732.XYZ	31732.002
31740.XYZ	31740.002
31744.XYZ	31744.002
31748.XYZ	31748.002
31750.XYZ	31750.002
31754.XYZ	31754.002
31757.XYZ	31757.002
31765.XYZ	31765.002
31765.XYZ	31765.004
31770.XYZ	31770.002
31771.XYZ	31771.002
31773.XYZ	31773.002
31775.XYZ	31775.004
31778.XYZ	31778.002
31788.XYZ	31788.004
31791.XYZ	31791.002
31791.XYZ	31791.004
31799.XYZ	31799.002
31801.XYZ	31801.004
31802.XYZ	31802.002
31802.XYZ	31802.004
31804.XYZ	31804.002
31809.XYZ	31809.002
31809.XYZ	31809.004
31817.XYZ	31817.002
31820.XYZ	31820.004
31826.XYZ	31826.002
31831.XYZ	31831.002
31850.XYZ	31850.002
31853.XYZ	31853.002
31853.XYZ	31853.004
31859.XYZ	31859.002
31859.XYZ	31859.004
31871.XYZ	31871.002
31871.XYZ	31871.004
31873.XYZ	31873.002
31874.XYZ	31874.002
31874.XYZ	31874.004
Lbody:31874.XYZ	Lbody:31874.002
31880.XYZ	31880.002
31880.XYZ	31880.004
31880.XYZ	31880.006
31886.XYZ	31886.002
31892.XYZ	31892.004
31892.XYZ	31892.006
31895.XYZ	31895.002
31895.XYZ	31895.004
31896.XYZ	31896.002
31898.XYZ	31898.002
31898.XYZ	31898.004
31910.XYZ	31910.002
31910.XYZ	31910.004
31918.XYZ	31918.002
31924.XYZ	31924.002
31924.XYZ	31924.004
31924.XYZ	31924.006
31924.XYZ	31924.008
31925.XYZ	31925.002
31928.XYZ	31928.002
31929.XYZ	31929.002
31933.XYZ	31933.002
31933.XYZ	31933.004
Lbody:31933.XYZ	Lbody:31933.002
31933.XYZ	31933.006
31934.XYZ	31934.002
31940.XYZ	31940.002
31944.XYZ	31944.002
31944.XYZ	31944.004
Lbody:31944.XYZ	Lbody:31944.002
31944.XYZ	31944.006
31944.XYZ	31944.008
31949.XYZ	31949.002
31949.XYZ	31949.004
31962.XYZ	31962.002
31969.XYZ	31969.002
31969.XYZ	31969.004
31974.XYZ	31974.002
31975.XYZ	31975.004
31978.XYZ	31978.002
31978.XYZ	31978.004
Lbody:31978.XYZ	Lbody:31978.002
31978.XYZ	31978.006
31988.XYZ	31988.002
31988.XYZ	31988.004
31988.XYZ	31988.006
31988.XYZ	31988.008
Lbody:31988.XYZ	Lbody:31988.006
31992.XYZ	31992.002
31992.XYZ	31992.004
31992.XYZ	31992.006
32001.XYZ	32001.002
32022.XYZ	32022.002
32025.XYZ	32025.002
32032.XYZ	32032.004
32042.XYZ	32042.002
32043.XYZ	32043.004
32051.XYZ	32051.002
32057.XYZ	32057.002
32059.XYZ	32059.002
32065.XYZ	32065.002
32074.XYZ	32074.002
32077.XYZ	32077.002
32083.XYZ	32083.002
32087.XYZ	32087.002
32092.XYZ	32092.002
32096.XYZ	32096.002
32101.XYZ	32101.002
32105.XYZ	32105.002
32107.XYZ	32107.002
32107.XYZ	32107.004
32107.XYZ	32107.006
32116.XYZ	32116.002
32116.XYZ	32116.004
Lbody:32116.XYZ	Lbody:32116.002
32125.XYZ	32125.002
32125.XYZ	32125.004
32134.XYZ	32134.002
32136.XYZ	32136.002
32136.XYZ	32136.004
32136.XYZ	32136.006
32139.XYZ	32139.002
32143.XYZ	32143.002
32143.XYZ	32143.004
32144.XYZ	32144.002
32145.XYZ	32145.002
32145.XYZ	32145.004
32155.XYZ	32155.002
32155.XYZ	32155.004
32162.XYZ	32162.002
32166.XYZ	32166.002
32168.XYZ	32168.002
32171.XYZ	32171.002
32173.XYZ	32173.002
32181.XYZ	32181.002
32182.XYZ	32182.002
32186.XYZ	32186.002
32186.XYZ	32186.004
32188.XYZ	32188.002
32188.XYZ	32188.004
32189.XYZ	32189.002
32194.XYZ	32194.002
32199.XYZ	32199.002
32222.XYZ	32222.002
32222.XYZ	32222.004
32234.XYZ	32234.002
32238.XYZ	32238.002
32238.XYZ	32238.004
32240.XYZ	32240.002
32244.XYZ	32244.002
32244.XYZ	32244.004
32254.XYZ	32254.004
32254.XYZ	32254.006
Lbody:32254.XYZ	Lbody:32254.004
32257.XYZ	32257.002
32264.XYZ	32264.002
32264.XYZ	32264.004
32267.XYZ	32267.002
32268.XYZ	32268.004
32270.XYZ	32270.002
32273.XYZ	32273.004
32286.XYZ	32286.002
32290.XYZ	32290.002
32294.XYZ	32294.004
32303.XYZ	32303.002
32303.XYZ	32303.004
32306.XYZ	32306.002
32308.XYZ	32308.002
32308.XYZ	32308.004
32318.XYZ	32318.002
32319.XYZ	32319.002
32321.XYZ	32321.002
32322.XYZ	32322.002
32326.XYZ	32326.002
32340.XYZ	32340.002
32350.XYZ	32350.002
32354.XYZ	32354.002
32354.XYZ	32354.004
Lbody:32354.XYZ	Lbody:32354.002
32354.XYZ	32354.006
32354.XYZ	32354.008
32354.XYZ	32354.010
32356.XYZ	32356.002
32356.XYZ	32356.004
32372.XYZ	32372.002
32372.XYZ	32372.004
32379.XYZ	32379.002
32380.XYZ	32380.002
32381.XYZ	32381.002
32381.XYZ	32381.004
32381.XYZ	32381.006
32382.XYZ	32382.002
32383.XYZ	32383.002
32383.XYZ	32383.004
32384.XYZ	32384.002
32389.XYZ	32389.002
32404.XYZ	32404.002
32406.XYZ	32406.002
32406.XYZ	32406.004
32407.XYZ	32407.002
32411.XYZ	32411.002
32411.XYZ	32411.004
32412.XYZ	32412.002
32412.XYZ	32412.004
32416.XYZ	32416.002
32418.XYZ	32418.002
32418.XYZ	32418.004
32418.XYZ	32418.006
32427.XYZ	32427.002
32427.XYZ	32427.004
32445.XYZ	32445.002
32445.XYZ	32445.004
32450.XYZ	32450.004
32450.XYZ	32450.006
Lbody:32450.XYZ	Lbody:32450.004
32453.XYZ	32453.004
32456.XYZ	32456.002
32460.XYZ	32460.002
32471.XYZ	32471.002
32472.XYZ	32472.002
32476.XYZ	32476.002
32490.XYZ	32490.002
32491.XYZ	32491.002
32491.XYZ	32491.004
32492.XYZ	32492.002
32493.XYZ	32493.002
32493.XYZ	32493.004
32504.XYZ	32504.002
32504.XYZ	32504.004
32505.XYZ	32505.002
32523.XYZ	32523.002
32529.XYZ	32529.004
32530.XYZ	32530.002
32530.XYZ	32530.004
32533.XYZ	32533.002
32533.XYZ	32533.004
32533.XYZ	32533.006
Lbody:32533.XYZ	Lbody:32533.004
32533.XYZ	32533.008
32539.XYZ	32539.004
32539.XYZ	32539.006
Lbody:32539.XYZ	Lbody:32539.004
32539.XYZ	32539.008
32547.XYZ	32547.002
32549.XYZ	32549.002
32550.XYZ	32550.002
32550.XYZ	32550.004
32553.XYZ	32553.002
32559.XYZ	32559.002
32559.XYZ	32559.004
32560.XYZ	32560.002
32562.XYZ	32562.002
32577.XYZ	32577.002
32594.XYZ	32594.002
32594.XYZ	32594.004
32599.XYZ	32599.002
32605.XYZ	32605.002
32606.XYZ	32606.002
32610.XYZ	32610.002
32664.XYZ	32664.002
32669.XYZ	32669.002
32671.XYZ	32671.002
32675.XYZ	32675.006
32682.XYZ	32682.002
32687.XYZ	32687.002
32693.XYZ	32693.002
32693.XYZ	32693.004
32694.XYZ	32694.002
32702.XYZ	32702.002
32704.XYZ	32704.002
32704.XYZ	32704.004
Lbody:32704.XYZ	Lbody:32704.002
32709.XYZ	32709.002
32709.XYZ	32709.004
32712.XYZ	32712.002
32712.XYZ	32712.004
Lbody:32712.XYZ	Lbody:32712.002
32742.XYZ	32742.002
32742.XYZ	32742.004
32750.XYZ	32750.002
32755.XYZ	32755.002
32755.XYZ	32755.004
32756.XYZ	32756.002
32760.XYZ	32760.002
32764.XYZ	32764.002
32766.XYZ	32766.002
32832.XYZ	32832.002
32855.XYZ	32855.002
32877.XYZ	32877.002
32880.XYZ	32880.002
32885.XYZ	32885.002
32889.XYZ	32889.002
32915.XYZ	32915.002
32928.XYZ	32928.002
32935.XYZ	32935.002
32935.XYZ	32935.004
32966.XYZ	32966.002
32983.XYZ	32983.002
32983.XYZ	32983.004
32992.XYZ	32992.002
33002.XYZ	33002.002
33006.XYZ	33006.002
33008.XYZ	33008.002
33050.XYZ	33050.002
33051.XYZ	33051.002
33058.XYZ	33058.002
33059.XYZ	33059.002
33061.XYZ	33061.002
33063.XYZ	33063.002
33064.XYZ	33064.002
33067.XYZ	33067.002
33072.XYZ	33072.002
33073.XYZ	33073.002
33087.XYZ	33087.002
33089.XYZ	33089.002
33091.XYZ	33091.002
33092.XYZ	33092.002
33095.XYZ	33095.002
33095.XYZ	33095.004
33099.XYZ	33099.002
33108.XYZ	33108.002
33108.XYZ	33108.004
33115.XYZ	33115.002
33119.XYZ	33119.002
33120.XYZ	33120.002
33121.XYZ	33121.002
33125.XYZ	33125.002
33131.XYZ	33131.002
33131.XYZ	33131.004
33131.XYZ	33131.006
33146.XYZ	33146.002
33148.XYZ	33148.002
33148.XYZ	33148.004
Lbody:33148.XYZ	Lbody:33148.002
33149.XYZ	33149.002
33150.XYZ	33150.002
33174.XYZ	33174.002
33174.XYZ	33174.004
33182.XYZ	33182.002
33186.XYZ	33186.002
33187.XYZ	33187.002
33197.XYZ	33197.002
33204.XYZ	33204.002
33215.XYZ	33215.002
33224.XYZ	33224.002
33226.XYZ	33226.002
33230.XYZ	33230.002
33231.XYZ	33231.002
33243.XYZ	33243.002
33247.XYZ	33247.002
33254.XYZ	33254.002
33254.XYZ	33254.004
33267.XYZ	33267.002
33269.XYZ	33269.002
33304.XYZ	33304.002
33315.XYZ	33315.002
33317.XYZ	33317.002
33353.XYZ	33353.002
33377.XYZ	33377.002
33378.XYZ	33378.002
33378.XYZ	33378.004
33378.XYZ	33378.006
33379.XYZ	33379.002
33381.XYZ	33381.002
33387.XYZ	33387.002
33391.XYZ	33391.002
33392.XYZ	33392.002
33400.XYZ	33400.002
33405.XYZ	33405.002
33427.XYZ	33427.002
33435.XYZ	33435.002
33435.XYZ	33435.004
33436.XYZ	33436.002
33439.XYZ	33439.002
33450.XYZ	33450.004
33450.XYZ	33450.006
Lbody:33450.XYZ	Lbody:33450.004
33456.XYZ	33456.002
33463.XYZ	33463.002
33465.XYZ	33465.002
33465.XYZ	33465.004
33494.XYZ	33494.002
33498.XYZ	33498.002
33507.XYZ	33507.002
33507.XYZ	33507.004
33511.XYZ	33511.002
33515.XYZ	33515.002
33518.XYZ	33518.002
33518.XYZ	33518.004
33518.XYZ	33518.006
33547.XYZ	33547.002
33559.XYZ	33559.002
33559.XYZ	33559.004
33560.XYZ	33560.002
33574.XYZ	33574.002
33608.XYZ	33608.002
33617.XYZ	33617.002
33619.XYZ	33619.002
33642.XYZ	33642.002
33642.XYZ	33642.004
33645.XYZ	33645.002
33669.XYZ	33669.002
33684.XYZ	33684.002
33688.XYZ	33688.002
33688.XYZ	33688.004
33688.XYZ	33688.006
33690.XYZ	33690.002
33695.XYZ	33695.002
33697.XYZ	33697.002
33700.XYZ	33700.002
33704.XYZ	33704.002
33714.XYZ	33714.002
33715.XYZ	33715.002
33719.XYZ	33719.002
33735.XYZ	33735.002
33735.XYZ	33735.004
33743.XYZ	33743.002
33743.XYZ	33743.004
33745.XYZ	33745.002
33788.XYZ	33788.002
33788.XYZ	33788.004
33817.XYZ	33817.002
33817.XYZ	33817.004
33830.XYZ	33830.002
33834.XYZ	33834.002
33873.XYZ	33873.002
33898.XYZ	33898.002
33924.XYZ	33924.002
33924.XYZ	33924.004
33954.XYZ	33954.002
33962.XYZ	33962.002
33966.XYZ	33966.002
33971.XYZ	33971.002
33976.XYZ	33976.002
33994.XYZ	33994.002
34014.XYZ	34014.004
34014.XYZ	34014.006
Lbody:34014.XYZ	Lbody:34014.004
34014.XYZ	34014.008
Lbody:34014.XYZ	Lbody:34014.004
34024.XYZ	34024.002
34037.XYZ	34037.002
34054.XYZ	34054.002
34054.XYZ	34054.004
34115.XYZ	34115.002
34128.XYZ	34128.002
34128.XYZ	34128.004
34135.XYZ	34135.002
34141.XYZ	34141.002
34236.XYZ	34236.002
34237.XYZ	34237.002
34238.XYZ	34238.002
34238.XYZ	34238.004
34239.XYZ	34239.002
34240.XYZ	34240.002
34241.XYZ	34241.004
34243.XYZ	34243.002
34245.XYZ	34245.002
34247.XYZ	34247.002
34256.XYZ	34256.002
34263.XYZ	34263.002
34265.XYZ	34265.002
34281.XYZ	34281.002
34282.XYZ	34282.002
34297.XYZ	34297.002
34300.XYZ	34300.002
34302.XYZ	34302.002
34310.XYZ	34310.002
34320.XYZ	34320.008
34320.XYZ	34320.010
Lbody:34320.XYZ	Lbody:34320.008
34328.XYZ	34328.002
34329.XYZ	34329.002
34332.XYZ	34332.002
34332.XYZ	34332.004
34351.XYZ	34351.002
34353.XYZ	34353.002
34353.XYZ	34353.004
34353.XYZ	34353.006
34353.XYZ	34353.008
34354.XYZ	34354.004
34362.XYZ	34362.002
34369.XYZ	34369.002
34371.XYZ	34371.002
34373.XYZ	34373.002
34373.XYZ	34373.004
Lbody:34373.XYZ	Lbody:34373.002
34374.XYZ	34374.002
34378.XYZ	34378.002
34386.XYZ	34386.002
34395.XYZ	34395.002
34403.XYZ	34403.002
34404.XYZ	34404.002
34419.XYZ	34419.002
34421.XYZ	34421.002
34421.XYZ	34421.004
34422.XYZ	34422.002
34423.XYZ	34423.002
34441.XYZ	34441.002
34444.XYZ	34444.002
34448.XYZ	34448.002
34453.XYZ	34453.002
34460.XYZ	34460.004
34460.XYZ	34460.006
Lbody:34460.XYZ	Lbody:34460.004
34466.XYZ	34466.002
34466.XYZ	34466.004
34467.XYZ	34467.002
34472.XYZ	34472.002
34473.XYZ	34473.002
34474.XYZ	34474.002
34482.XYZ	34482.002
34482.XYZ	34482.004
34486.XYZ	34486.002
34491.XYZ	34491.002
34494.XYZ	34494.002
34501.XYZ	34501.002
34502.XYZ	34502.002
34507.XYZ	34507.002
34510.XYZ	34510.002
34513.XYZ	34513.002
34514.XYZ	34514.002
34516.XYZ	34516.002
34516.XYZ	34516.004
34516.XYZ	34516.006
Lbody:34516.XYZ	Lbody:34516.004
34516.XYZ	34516.008
34518.XYZ	34518.002
34525.XYZ	34525.002
34528.XYZ	34528.002
34532.XYZ	34532.002
34545.XYZ	34545.002
34545.XYZ	34545.004
34549.XYZ	34549.002
34550.XYZ	34550.002
34555.XYZ	34555.002
34556.XYZ	34556.002
34556.XYZ	34556.004
34558.XYZ	34558.002
34559.XYZ	34559.002
34561.XYZ	34561.008
34561.XYZ	34561.010
Lbody:34561.XYZ	Lbody:34561.008
34561.XYZ	34561.012
Lbody:34561.XYZ	Lbody:34561.008
34562.XYZ	34562.002
34563.XYZ	34563.002
34568.XYZ	34568.002
34587.XYZ	34587.002
34588.XYZ	34588.002
34589.XYZ	34589.002
34590.XYZ	34590.002
34604.XYZ	34604.002
34605.XYZ	34605.002
34615.XYZ	34615.002
34615.XYZ	34615.004
Lbody:34615.XYZ	Lbody:34615.002
34615.XYZ	34615.006
34617.XYZ	34617.002
34620.XYZ	34620.002
34620.XYZ	34620.004
34630.XYZ	34630.002
34633.XYZ	34633.002
34642.XYZ	34642.002
34642.XYZ	34642.004
34643.XYZ	34643.002
34643.XYZ	34643.004
34643.XYZ	34643.006
34647.XYZ	34647.002
34650.XYZ	34650.002
34660.XYZ	34660.002
34660.XYZ	34660.004
34661.XYZ	34661.002
34669.XYZ	34669.002
34669.XYZ	34669.004
34675.XYZ	34675.002
34682.XYZ	34682.002
34692.XYZ	34692.002
34699.XYZ	34699.002
34713.XYZ	34713.002
34717.XYZ	34717.002
34718.XYZ	34718.002
34724.XYZ	34724.004
34731.XYZ	34731.002
34733.XYZ	34733.002
34734.XYZ	34734.002
34737.XYZ	34737.002
34743.XYZ	34743.006
34743.XYZ	34743.008
Lbody:34743.XYZ	Lbody:34743.006
34755.XYZ	34755.002
34759.XYZ	34759.002
34765.XYZ	34765.002
34765.XYZ	34765.004
34767.XYZ	34767.002
34771.XYZ	34771.002
34773.XYZ	34773.002
34777.XYZ	34777.002
34777.XYZ	34777.004
34777.XYZ	34777.006
34780.XYZ	34780.002
34788.XYZ	34788.002
34789.XYZ	34789.002
34791.XYZ	34791.002
34791.XYZ	34791.004
34792.XYZ	34792.002
34793.XYZ	34793.002
34793.XYZ	34793.004
34797.XYZ	34797.002
34799.XYZ	34799.002
34799.XYZ	34799.004
Lbody:34799.XYZ	Lbody:34799.002
34800.XYZ	34800.002
34800.XYZ	34800.004
34801.XYZ	34801.002
34806.XYZ	34806.002
34825.XYZ	34825.002
34825.XYZ	34825.004
Lbody:34825.XYZ	Lbody:34825.002
34825.XYZ	34825.006
34825.XYZ	34825.008
34831.XYZ	34831.002
34834.XYZ	34834.002
34834.XYZ	34834.004
34837.XYZ	34837.002
34841.XYZ	34841.002
34844.XYZ	34844.002
34844.XYZ	34844.004
34844.XYZ	34844.006
34845.XYZ	34845.002
34849.XYZ	34849.002
34849.XYZ	34849.004
34849.XYZ	34849.006
34864.XYZ	34864.002
34867.XYZ	34867.002
34874.XYZ	34874.002
34882.XYZ	34882.002
34884.XYZ	34884.002
34892.XYZ	34892.002
34893.XYZ	34893.002
34895.XYZ	34895.002
34913.XYZ	34913.002
34914.XYZ	34914.002
34918.XYZ	34918.002
34921.XYZ	34921.002
34921.XYZ	34921.004
34926.XYZ	34926.002
34930.XYZ	34930.002
34932.XYZ	34932.002
34933.XYZ	34933.002
34935.XYZ	34935.002
34935.XYZ	34935.004
34940.XYZ	34940.002
34945.XYZ	34945.002
34956.XYZ	34956.002
34962.XYZ	34962.002
34962.XYZ	34962.004
34965.XYZ	34965.002
34965.XYZ	34965.004
34978.XYZ	34978.002
34978.XYZ	34978.004
34978.XYZ	34978.006
34985.XYZ	34985.004
34987.XYZ	34987.002
35004.XYZ	35004.002
35004.XYZ	35004.004
35006.XYZ	35006.002
35009.XYZ	35009.002
35009.XYZ	35009.004
35013.XYZ	35013.002
35016.XYZ	35016.004
35019.XYZ	35019.002
35021.XYZ	35021.002
35021.XYZ	35021.004
35025.XYZ	35025.002
35060.XYZ	35060.002
35069.XYZ	35069.002
35074.XYZ	35074.002
35091.XYZ	35091.002
35091.XYZ	35091.004
35091.XYZ	35091.006
35097.XYZ	35097.002
35105.XYZ	35105.002
35105.XYZ	35105.004
35105.XYZ	35105.006
Lbody:35105.XYZ	Lbody:35105.004
35127.XYZ	35127.002
35127.XYZ	35127.004
35129.XYZ	35129.002
35131.XYZ	35131.002
35137.XYZ	35137.002
35147.XYZ	35147.002
35148.XYZ	35148.002
35148.XYZ	35148.004
35148.XYZ	35148.006
35151.XYZ	35151.002
35152.XYZ	35152.002
35156.XYZ	35156.004
35157.XYZ	35157.002
35160.XYZ	35160.004
35160.XYZ	35160.006
Lbody:35160.XYZ	Lbody:35160.004
35171.XYZ	35171.002
35172.XYZ	35172.002
35172.XYZ	35172.004
35172.XYZ	35172.006
35176.XYZ	35176.002
35191.XYZ	35191.002
35191.XYZ	35191.004
35191.XYZ	35191.006
Lbody:35191.XYZ	Lbody:35191.004
35192.XYZ	35192.002
35192.XYZ	35192.004
Lbody:35192.XYZ	Lbody:35192.002
35209.XYZ	35209.002
35210.XYZ	35210.002
35212.XYZ	35212.002
35217.XYZ	35217.002
35217.XYZ	35217.004
35227.XYZ	35227.002
35240.XYZ	35240.002
35248.XYZ	35248.002
35269.XYZ	35269.002
35271.XYZ	35271.004
35275.XYZ	35275.002
35283.XYZ	35283.002
35285.XYZ	35285.002
35293.XYZ	35293.002
35304.XYZ	35304.002
35305.XYZ	35305.002
35318.XYZ	35318.002
35325.XYZ	35325.002
35325.XYZ	35325.004
35328.XYZ	35328.002
35328.XYZ	35328.004
35328.XYZ	35328.006
35334.XYZ	35334.002
35338.XYZ	35338.002
35339.XYZ	35339.002
35339.XYZ	35339.004
35346.XYZ	35346.002
35348.XYZ	35348.002
35348.XYZ	35348.004
35348.XYZ	35348.006
Lbody:35348.XYZ	Lbody:35348.004
35348.XYZ	35348.008
35349.XYZ	35349.002
35351.XYZ	35351.002
35356.XYZ	35356.002
35365.XYZ	35365.004
35368.XYZ	35368.002
35368.XYZ	35368.004
35368.XYZ	35368.006
Lbody:35368.XYZ	Lbody:35368.004
35368.XYZ	35368.008
35372.XYZ	35372.002
35377.XYZ	35377.004
35377.XYZ	35377.006
Lbody:35377.XYZ	Lbody:35377.004
35377.XYZ	35377.008
35380.XYZ	35380.002
35395.XYZ	35395.002
35398.XYZ	35398.002
35404.XYZ	35404.002
35404.XYZ	35404.004
35414.XYZ	35414.004
35414.XYZ	35414.006
Lbody:35414.XYZ	Lbody:35414.004
35432.XYZ	35432.002
35433.XYZ	35433.002
35433.XYZ	35433.004
35434.XYZ	35434.002
35434.XYZ	35434.004
35444.XYZ	35444.002
35450.XYZ	35450.002
35451.XYZ	35451.002
35454.XYZ	35454.002
35454.XYZ	35454.004
35464.XYZ	35464.002
35475.XYZ	35475.002
35483.XYZ	35483.002
35495.XYZ	35495.004
35495.XYZ	35495.006
Lbody:35495.XYZ	Lbody:35495.004
35496.XYZ	35496.002
35496.XYZ	35496.004
35496.XYZ	35496.006
35496.XYZ	35496.008
35498.XYZ	35498.002
35498.XYZ	35498.004
35499.XYZ	35499.002
35499.XYZ	35499.004
35501.XYZ	35501.002
35502.XYZ	35502.002
35506.XYZ	35506.002
35507.XYZ	35507.002
35509.XYZ	35509.002
35513.XYZ	35513.002
35513.XYZ	35513.004
35513.XYZ	35513.006
35517.XYZ	35517.002
35525.XYZ	35525.002
35528.XYZ	35528.002
35529.XYZ	35529.002
35529.XYZ	35529.004
35530.XYZ	35530.002
35531.XYZ	35531.002
35531.XYZ	35531.004
35535.XYZ	35535.002
35536.XYZ	35536.002
35544.XYZ	35544.002
35550.XYZ	35550.002
35563.XYZ	35563.002
35571.XYZ	35571.002
35580.XYZ	35580.002
35588.XYZ	35588.002
35590.XYZ	35590.002
35608.XYZ	35608.002
35614.XYZ	35614.002
35620.XYZ	35620.002
35636.XYZ	35636.002
35640.XYZ	35640.002
35662.XYZ	35662.002
35666.XYZ	35666.002
35671.XYZ	35671.002
35671.XYZ	35671.004
35680.XYZ	35680.002
35687.XYZ	35687.002
35692.XYZ	35692.002
35696.XYZ	35696.002
35705.XYZ	35705.002
35713.XYZ	35713.002
35715.XYZ	35715.002
35715.XYZ	35715.004
35719.XYZ	35719.002
35721.XYZ	35721.002
35726.XYZ	35726.002
35729.XYZ	35729.002
35731.XYZ	35731.002
35737.XYZ	35737.002
35737.XYZ	35737.004
35740.XYZ	35740.002
35744.XYZ	35744.002
35745.XYZ	35745.002
35745.XYZ	35745.004
35749.XYZ	35749.002
35750.XYZ	35750.002
35754.XYZ	35754.002
35760.XYZ	35760.002
35762.XYZ	35762.002
35762.XYZ	35762.004
35762.XYZ	35762.006
35763.XYZ	35763.002
35775.XYZ	35775.002
35775.XYZ	35775.004
35775.XYZ	35775.006
35776.XYZ	35776.002
35782.XYZ	35782.002
35796.XYZ	35796.002
35799.XYZ	35799.002
35799.XYZ	35799.004
35803.XYZ	35803.002
35814.XYZ	35814.002
35814.XYZ	35814.004
35828.XYZ	35828.002
35830.XYZ	35830.002
35838.XYZ	35838.002
35848.XYZ	35848.002
35849.XYZ	35849.002
35849.XYZ	35849.004
35858.XYZ	35858.002
35870.XYZ	35870.002
35880.XYZ	35880.004
35885.XYZ	35885.002
35887.XYZ	35887.002
35896.XYZ	35896.002
35896.XYZ	35896.004
35897.XYZ	35897.002
35905.XYZ	35905.002
35905.XYZ	35905.004
35916.XYZ	35916.002
35916.XYZ	35916.004
Lbody:35916.XYZ	Lbody:35916.002
35916.XYZ	35916.006
35932.XYZ	35932.002
35952.XYZ	35952.002
35952.XYZ	35952.004
35963.XYZ	35963.002
35966.XYZ	35966.002
35967.XYZ	35967.002
35969.XYZ	35969.002
35969.XYZ	35969.004
35976.XYZ	35976.002
35981.XYZ	35981.002
35984.XYZ	35984.002
35988.XYZ	35988.002
35988.XYZ	35988.004
35988.XYZ	35988.006
35999.XYZ	35999.002
36001.XYZ	36001.002
36003.XYZ	36003.002
36004.XYZ	36004.002
36004.XYZ	36004.004
36032.XYZ	36032.002
36044.XYZ	36044.002
36044.XYZ	36044.004
36054.XYZ	36054.002
36054.XYZ	36054.004
36054.XYZ	36054.006
36054.XYZ	36054.008
Lbody:36054.XYZ	Lbody:36054.006
36055.XYZ	36055.002
36055.XYZ	36055.004
36056.XYZ	36056.002
36061.XYZ	36061.002
36061.XYZ	36061.004
36061.XYZ	36061.006
36070.XYZ	36070.002
36078.XYZ	36078.002
36091.XYZ	36091.002
36093.XYZ	36093.002
36116.XYZ	36116.002
36116.XYZ	36116.004
Lbody:36116.XYZ	Lbody:36116.002
36134.XYZ	36134.002
36143.XYZ	36143.002
36153.XYZ	36153.002
36161.XYZ	36161.002
36187.XYZ	36187.002
36187.XYZ	36187.004
36195.XYZ	36195.002
36195.XYZ	36195.004
36196.XYZ	36196.002
36201.XYZ	36201.002
36214.XYZ	36214.002
36226.XYZ	36226.002
36226.XYZ	36226.004
36227.XYZ	36227.002
36235.XYZ	36235.002
36240.XYZ	36240.004
36253.XYZ	36253.002
36255.XYZ	36255.002
36258.XYZ	36258.002
36260.XYZ	36260.002
36264.XYZ	36264.002
36276.XYZ	36276.002
36288.XYZ	36288.002
36288.XYZ	36288.004
36290.XYZ	36290.002
36291.XYZ	36291.002
36306.XYZ	36306.002
36316.XYZ	36316.002
36318.XYZ	36318.002
36324.XYZ	36324.002
36324.XYZ	36324.004
36333.XYZ	36333.002
36334.XYZ	36334.002
36357.XYZ	36357.002
36358.XYZ	36358.002
36359.XYZ	36359.002
36364.XYZ	36364.004
36367.XYZ	36367.002
36368.XYZ	36368.002
36370.XYZ	36370.002
36371.XYZ	36371.002
36374.XYZ	36374.002
36380.XYZ	36380.002
36380.XYZ	36380.004
36381.XYZ	36381.002
36381.XYZ	36381.004
36385.XYZ	36385.002
36385.XYZ	36385.004
36385.XYZ	36385.006
36399.XYZ	36399.002
36399.XYZ	36399.004
36401.XYZ	36401.002
36410.XYZ	36410.002
36416.XYZ	36416.002
36420.XYZ	36420.002
36420.XYZ	36420.004
36436.XYZ	36436.002
36440.XYZ	36440.004
36443.XYZ	36443.002
36443.XYZ	36443.004
36443.XYZ	36443.006
36450.XYZ	36450.002
36450.XYZ	36450.004
36464.XYZ	36464.002
36464.XYZ	36464.004
36465.XYZ	36465.002
36478.XYZ	36478.002
36478.XYZ	36478.004
36478.XYZ	36478.006
36482.XYZ	36482.002
36482.XYZ	36482.004
Lbody:36482.XYZ	Lbody:36482.002
36490.XYZ	36490.002
36490.XYZ	36490.004
36516.XYZ	36516.004
36524.XYZ	36524.002
36532.XYZ	36532.002
36537.XYZ	36537.002
36537.XYZ	36537.004
36543.XYZ	36543.002
36555.XYZ	36555.002
36559.XYZ	36559.002
36559.XYZ	36559.004
36589.XYZ	36589.002
36590.XYZ	36590.002
36590.XYZ	36590.004
Lbody:36590.XYZ	Lbody:36590.002
36590.XYZ	36590.006
36590.XYZ	36590.008
36591.XYZ	36591.002
36592.XYZ	36592.002
36594.XYZ	36594.002
36594.XYZ	36594.004
36601.XYZ	36601.002
36614.XYZ	36614.002
36614.XYZ	36614.004
36620.XYZ	36620.004
36652.XYZ	36652.002
36652.XYZ	36652.004
36667.XYZ	36667.002
36668.XYZ	36668.002
